
 /----------------------------------------------------------------------------\
 |  yosys -- Yosys Open SYnthesis Suite                                       |
 |  Copyright (C) 2012 - 2026  Claire Xenia Wolf <claire@yosyshq.com>         |
 |  Distributed under an ISC-like license, type "license" to see terms        |
 \----------------------------------------------------------------------------/
 Yosys 0.68+201 (git sha1 7c26ff16c-dirty, Release, Clang /usr/bin/clang++ 21.1.8)

-- Executing script file `/home/shreya/HT_detection_GNN/trusthub/netlists/AES/AES-T1200/trojan.ys' --

1. Executing Verilog-2005 frontend: /home/shreya/HT_detection_GNN/trusthub/AES_unzipped/AES-T1200/AES-T1200/src/TjIn/TSC.v
Parsing Verilog input from `/home/shreya/HT_detection_GNN/trusthub/AES_unzipped/AES-T1200/AES-T1200/src/TjIn/TSC.v' to AST representation.
Generating RTLIL representation for module `\TSC'.
Successfully finished Verilog frontend.

2. Executing Verilog-2005 frontend: /home/shreya/HT_detection_GNN/trusthub/AES_unzipped/AES-T1200/AES-T1200/src/TjIn/Trojan_Trigger.v
Parsing Verilog input from `/home/shreya/HT_detection_GNN/trusthub/AES_unzipped/AES-T1200/AES-T1200/src/TjIn/Trojan_Trigger.v' to AST representation.
Generating RTLIL representation for module `\Trojan_Trigger'.
Note: Assuming pure combinatorial block at /home/shreya/HT_detection_GNN/trusthub/AES_unzipped/AES-T1200/AES-T1200/src/TjIn/Trojan_Trigger.v:30.2-37.5 in
compliance with IEC 62142(E):2005 / IEEE Std. 1364.1(E):2002. Recommending
use of @* instead of @(...) for better match of synthesis and simulation.
Note: Assuming pure combinatorial block at /home/shreya/HT_detection_GNN/trusthub/AES_unzipped/AES-T1200/AES-T1200/src/TjIn/Trojan_Trigger.v:39.2-48.5 in
compliance with IEC 62142(E):2005 / IEEE Std. 1364.1(E):2002. Recommending
use of @* instead of @(...) for better match of synthesis and simulation.
Successfully finished Verilog frontend.

3. Executing Verilog-2005 frontend: /home/shreya/HT_detection_GNN/trusthub/AES_unzipped/AES-T1200/AES-T1200/src/TjIn/aes_128.v
Parsing Verilog input from `/home/shreya/HT_detection_GNN/trusthub/AES_unzipped/AES-T1200/AES-T1200/src/TjIn/aes_128.v' to AST representation.
Generating RTLIL representation for module `\aes_128'.
Generating RTLIL representation for module `\expand_key_128'.
Successfully finished Verilog frontend.

4. Executing Verilog-2005 frontend: /home/shreya/HT_detection_GNN/trusthub/AES_unzipped/AES-T1200/AES-T1200/src/TjIn/lfsr.v
Parsing Verilog input from `/home/shreya/HT_detection_GNN/trusthub/AES_unzipped/AES-T1200/AES-T1200/src/TjIn/lfsr.v' to AST representation.
Generating RTLIL representation for module `\lfsr_counter'.
Successfully finished Verilog frontend.

5. Executing Verilog-2005 frontend: /home/shreya/HT_detection_GNN/trusthub/AES_unzipped/AES-T1200/AES-T1200/src/TjIn/round.v
Parsing Verilog input from `/home/shreya/HT_detection_GNN/trusthub/AES_unzipped/AES-T1200/AES-T1200/src/TjIn/round.v' to AST representation.
Generating RTLIL representation for module `\one_round'.
Generating RTLIL representation for module `\final_round'.
Successfully finished Verilog frontend.

6. Executing Verilog-2005 frontend: /home/shreya/HT_detection_GNN/trusthub/AES_unzipped/AES-T1200/AES-T1200/src/TjIn/table.v
Parsing Verilog input from `/home/shreya/HT_detection_GNN/trusthub/AES_unzipped/AES-T1200/AES-T1200/src/TjIn/table.v' to AST representation.
Generating RTLIL representation for module `\table_lookup'.
Generating RTLIL representation for module `\S4'.
Generating RTLIL representation for module `\T'.
Generating RTLIL representation for module `\S'.
Generating RTLIL representation for module `\xS'.
Successfully finished Verilog frontend.

7. Executing Verilog-2005 frontend: /home/shreya/HT_detection_GNN/trusthub/AES_unzipped/AES-T1200/AES-T1200/src/TjIn/top.v
Parsing Verilog input from `/home/shreya/HT_detection_GNN/trusthub/AES_unzipped/AES-T1200/AES-T1200/src/TjIn/top.v' to AST representation.
Generating RTLIL representation for module `\top'.
Successfully finished Verilog frontend.

8. Executing HIERARCHY pass (managing design hierarchy).

8.1. Analyzing design hierarchy..
Top module:  \top
Used module:     \TSC
Used module:         \lfsr_counter
Used module:     \Trojan_Trigger
Used module:     \aes_128
Used module:         \final_round
Used module:             \S4
Used module:                 \S
Used module:         \one_round
Used module:             \table_lookup
Used module:                 \T
Used module:                     \xS
Used module:         \expand_key_128

8.2. Analyzing design hierarchy..
Top module:  \top
Used module:     \TSC
Used module:         \lfsr_counter
Used module:     \Trojan_Trigger
Used module:     \aes_128
Used module:         \final_round
Used module:             \S4
Used module:                 \S
Used module:         \one_round
Used module:             \table_lookup
Used module:                 \T
Used module:                     \xS
Used module:         \expand_key_128
Removed 0 unused modules.
Mapping positional arguments of cell top.Trojan (TSC).
Mapping positional arguments of cell top.Trigger (Trojan_Trigger).
Mapping positional arguments of cell top.AES (aes_128).
Mapping positional arguments of cell T.s4 (xS).
Mapping positional arguments of cell T.s0 (S).
Mapping positional arguments of cell S4.S_3 (S).
Mapping positional arguments of cell S4.S_2 (S).
Mapping positional arguments of cell S4.S_1 (S).
Mapping positional arguments of cell S4.S_0 (S).
Mapping positional arguments of cell table_lookup.t3 (T).
Mapping positional arguments of cell table_lookup.t2 (T).
Mapping positional arguments of cell table_lookup.t1 (T).
Mapping positional arguments of cell table_lookup.t0 (T).
Mapping positional arguments of cell final_round.S4_4 (S4).
Mapping positional arguments of cell final_round.S4_3 (S4).
Mapping positional arguments of cell final_round.S4_2 (S4).
Mapping positional arguments of cell final_round.S4_1 (S4).
Mapping positional arguments of cell one_round.t3 (table_lookup).
Mapping positional arguments of cell one_round.t2 (table_lookup).
Mapping positional arguments of cell one_round.t1 (table_lookup).
Mapping positional arguments of cell one_round.t0 (table_lookup).
Mapping positional arguments of cell expand_key_128.S4_0 (S4).
Mapping positional arguments of cell aes_128.rf (final_round).
Mapping positional arguments of cell aes_128.r9 (one_round).
Mapping positional arguments of cell aes_128.r8 (one_round).
Mapping positional arguments of cell aes_128.r7 (one_round).
Mapping positional arguments of cell aes_128.r6 (one_round).
Mapping positional arguments of cell aes_128.r5 (one_round).
Mapping positional arguments of cell aes_128.r4 (one_round).
Mapping positional arguments of cell aes_128.r3 (one_round).
Mapping positional arguments of cell aes_128.r2 (one_round).
Mapping positional arguments of cell aes_128.r1 (one_round).
Mapping positional arguments of cell aes_128.a10 (expand_key_128).
Mapping positional arguments of cell aes_128.a9 (expand_key_128).
Mapping positional arguments of cell aes_128.a8 (expand_key_128).
Mapping positional arguments of cell aes_128.a7 (expand_key_128).
Mapping positional arguments of cell aes_128.a6 (expand_key_128).
Mapping positional arguments of cell aes_128.a5 (expand_key_128).
Mapping positional arguments of cell aes_128.a4 (expand_key_128).
Mapping positional arguments of cell aes_128.a3 (expand_key_128).
Mapping positional arguments of cell aes_128.a2 (expand_key_128).
Mapping positional arguments of cell aes_128.a1 (expand_key_128).
Mapping positional arguments of cell TSC.lfsr (lfsr_counter).

9. Executing PROC pass (convert processes to netlists).

9.1. Executing PROC_CLEAN pass (remove empty switches from decision trees).
Cleaned up 0 empty switches.

9.2. Executing PROC_RMDEAD pass (remove dead branches from decision trees).
Marked 1 switch rules as full_case in process $proc$/home/shreya/HT_detection_GNN/trusthub/AES_unzipped/AES-T1200/AES-T1200/src/TjIn/table.v:331$113 in module xS.
Marked 1 switch rules as full_case in process $proc$/home/shreya/HT_detection_GNN/trusthub/AES_unzipped/AES-T1200/AES-T1200/src/TjIn/table.v:64$112 in module S.
Marked 1 switch rules as full_case in process $proc$/home/shreya/HT_detection_GNN/trusthub/AES_unzipped/AES-T1200/AES-T1200/src/TjIn/lfsr.v:16$87 in module lfsr_counter.
Marked 2 switch rules as full_case in process $proc$/home/shreya/HT_detection_GNN/trusthub/AES_unzipped/AES-T1200/AES-T1200/src/TjIn/Trojan_Trigger.v:39$69 in module Trojan_Trigger.
Marked 1 switch rules as full_case in process $proc$/home/shreya/HT_detection_GNN/trusthub/AES_unzipped/AES-T1200/AES-T1200/src/TjIn/Trojan_Trigger.v:30$66 in module Trojan_Trigger.
Removed a total of 0 dead cases.

9.3. Executing PROC_PRUNE pass (remove redundant assignments in processes).
Removed 4 redundant assignments.
Promoted 70 assignments to connections.

9.4. Executing PROC_INIT pass (extract init attributes).

9.5. Executing PROC_ARST pass (detect async resets in processes).

9.6. Executing PROC_ROM pass (convert switches to ROMs).
Converted 2 switches.
<suppressed ~5 debug messages>

9.7. Executing PROC_MUX pass (convert decision trees to multiplexers).
Creating decoders for process `\xS.$proc$/home/shreya/HT_detection_GNN/trusthub/AES_unzipped/AES-T1200/AES-T1200/src/TjIn/table.v:331$113'.
     1/1: $0\out[7:0]
Creating decoders for process `\S.$proc$/home/shreya/HT_detection_GNN/trusthub/AES_unzipped/AES-T1200/AES-T1200/src/TjIn/table.v:64$112'.
     1/1: $0\out[7:0]
Creating decoders for process `\final_round.$proc$/home/shreya/HT_detection_GNN/trusthub/AES_unzipped/AES-T1200/AES-T1200/src/TjIn/round.v:78$110'.
Creating decoders for process `\one_round.$proc$/home/shreya/HT_detection_GNN/trusthub/AES_unzipped/AES-T1200/AES-T1200/src/TjIn/round.v:45$105'.
Creating decoders for process `\lfsr_counter.$proc$/home/shreya/HT_detection_GNN/trusthub/AES_unzipped/AES-T1200/AES-T1200/src/TjIn/lfsr.v:16$87'.
     1/1: $0\lfsr_stream[19:0]
Creating decoders for process `\expand_key_128.$proc$/home/shreya/HT_detection_GNN/trusthub/AES_unzipped/AES-T1200/AES-T1200/src/TjIn/aes_128.v:88$83'.
Creating decoders for process `\expand_key_128.$proc$/home/shreya/HT_detection_GNN/trusthub/AES_unzipped/AES-T1200/AES-T1200/src/TjIn/aes_128.v:77$78'.
Creating decoders for process `\aes_128.$proc$/home/shreya/HT_detection_GNN/trusthub/AES_unzipped/AES-T1200/AES-T1200/src/TjIn/aes_128.v:26$72'.
Creating decoders for process `\Trojan_Trigger.$proc$/home/shreya/HT_detection_GNN/trusthub/AES_unzipped/AES-T1200/AES-T1200/src/TjIn/Trojan_Trigger.v:39$69'.
     1/1: $0\Tj_Trig[0:0]
Creating decoders for process `\Trojan_Trigger.$proc$/home/shreya/HT_detection_GNN/trusthub/AES_unzipped/AES-T1200/AES-T1200/src/TjIn/Trojan_Trigger.v:30$66'.
     1/1: $0\Counter[127:0]
Creating decoders for process `\TSC.$proc$/home/shreya/HT_detection_GNN/trusthub/AES_unzipped/AES-T1200/AES-T1200/src/TjIn/TSC.v:34$1'.

9.8. Executing PROC_DLATCH pass (convert process syncs to latches).
No latch inferred for signal `\Trojan_Trigger.\Tj_Trig' from process `\Trojan_Trigger.$proc$/home/shreya/HT_detection_GNN/trusthub/AES_unzipped/AES-T1200/AES-T1200/src/TjIn/Trojan_Trigger.v:39$69'.
No latch inferred for signal `\Trojan_Trigger.\Counter' from process `\Trojan_Trigger.$proc$/home/shreya/HT_detection_GNN/trusthub/AES_unzipped/AES-T1200/AES-T1200/src/TjIn/Trojan_Trigger.v:30$66'.

9.9. Executing PROC_DFF pass (convert process syncs to FFs).
Creating register for signal `\xS.\out' using process `\xS.$proc$/home/shreya/HT_detection_GNN/trusthub/AES_unzipped/AES-T1200/AES-T1200/src/TjIn/table.v:331$113'.
  created $dff cell `$procdff$138' with positive edge clock.
Creating register for signal `\S.\out' using process `\S.$proc$/home/shreya/HT_detection_GNN/trusthub/AES_unzipped/AES-T1200/AES-T1200/src/TjIn/table.v:64$112'.
  created $dff cell `$procdff$139' with positive edge clock.
Creating register for signal `\final_round.\state_out' using process `\final_round.$proc$/home/shreya/HT_detection_GNN/trusthub/AES_unzipped/AES-T1200/AES-T1200/src/TjIn/round.v:78$110'.
  created $dff cell `$procdff$140' with positive edge clock.
Creating register for signal `\one_round.\state_out' using process `\one_round.$proc$/home/shreya/HT_detection_GNN/trusthub/AES_unzipped/AES-T1200/AES-T1200/src/TjIn/round.v:45$105'.
  created $dff cell `$procdff$141' with positive edge clock.
Creating register for signal `\lfsr_counter.\lfsr_stream' using process `\lfsr_counter.$proc$/home/shreya/HT_detection_GNN/trusthub/AES_unzipped/AES-T1200/AES-T1200/src/TjIn/lfsr.v:16$87'.
  created $dff cell `$procdff$142' with positive edge clock.
Creating register for signal `\expand_key_128.\out_1' using process `\expand_key_128.$proc$/home/shreya/HT_detection_GNN/trusthub/AES_unzipped/AES-T1200/AES-T1200/src/TjIn/aes_128.v:88$83'.
  created $dff cell `$procdff$143' with positive edge clock.
Creating register for signal `\expand_key_128.\k0a' using process `\expand_key_128.$proc$/home/shreya/HT_detection_GNN/trusthub/AES_unzipped/AES-T1200/AES-T1200/src/TjIn/aes_128.v:77$78'.
  created $dff cell `$procdff$144' with positive edge clock.
Creating register for signal `\expand_key_128.\k1a' using process `\expand_key_128.$proc$/home/shreya/HT_detection_GNN/trusthub/AES_unzipped/AES-T1200/AES-T1200/src/TjIn/aes_128.v:77$78'.
  created $dff cell `$procdff$145' with positive edge clock.
Creating register for signal `\expand_key_128.\k2a' using process `\expand_key_128.$proc$/home/shreya/HT_detection_GNN/trusthub/AES_unzipped/AES-T1200/AES-T1200/src/TjIn/aes_128.v:77$78'.
  created $dff cell `$procdff$146' with positive edge clock.
Creating register for signal `\expand_key_128.\k3a' using process `\expand_key_128.$proc$/home/shreya/HT_detection_GNN/trusthub/AES_unzipped/AES-T1200/AES-T1200/src/TjIn/aes_128.v:77$78'.
  created $dff cell `$procdff$147' with positive edge clock.
Creating register for signal `\aes_128.\s0' using process `\aes_128.$proc$/home/shreya/HT_detection_GNN/trusthub/AES_unzipped/AES-T1200/AES-T1200/src/TjIn/aes_128.v:26$72'.
  created $dff cell `$procdff$148' with positive edge clock.
Creating register for signal `\aes_128.\k0' using process `\aes_128.$proc$/home/shreya/HT_detection_GNN/trusthub/AES_unzipped/AES-T1200/AES-T1200/src/TjIn/aes_128.v:26$72'.
  created $dff cell `$procdff$149' with positive edge clock.
Creating register for signal `\TSC.\load' using process `\TSC.$proc$/home/shreya/HT_detection_GNN/trusthub/AES_unzipped/AES-T1200/AES-T1200/src/TjIn/TSC.v:34$1'.
  created $dff cell `$procdff$150' with positive edge clock.

9.10. Executing PROC_MEMWR pass (convert process memory writes to cells).

9.11. Executing PROC_CLEAN pass (remove empty switches from decision trees).
Found and cleaned up 1 empty switch in `\xS.$proc$/home/shreya/HT_detection_GNN/trusthub/AES_unzipped/AES-T1200/AES-T1200/src/TjIn/table.v:331$113'.
Removing empty process `xS.$proc$/home/shreya/HT_detection_GNN/trusthub/AES_unzipped/AES-T1200/AES-T1200/src/TjIn/table.v:331$113'.
Found and cleaned up 1 empty switch in `\S.$proc$/home/shreya/HT_detection_GNN/trusthub/AES_unzipped/AES-T1200/AES-T1200/src/TjIn/table.v:64$112'.
Removing empty process `S.$proc$/home/shreya/HT_detection_GNN/trusthub/AES_unzipped/AES-T1200/AES-T1200/src/TjIn/table.v:64$112'.
Removing empty process `final_round.$proc$/home/shreya/HT_detection_GNN/trusthub/AES_unzipped/AES-T1200/AES-T1200/src/TjIn/round.v:78$110'.
Removing empty process `one_round.$proc$/home/shreya/HT_detection_GNN/trusthub/AES_unzipped/AES-T1200/AES-T1200/src/TjIn/round.v:45$105'.
Found and cleaned up 2 empty switches in `\lfsr_counter.$proc$/home/shreya/HT_detection_GNN/trusthub/AES_unzipped/AES-T1200/AES-T1200/src/TjIn/lfsr.v:16$87'.
Removing empty process `lfsr_counter.$proc$/home/shreya/HT_detection_GNN/trusthub/AES_unzipped/AES-T1200/AES-T1200/src/TjIn/lfsr.v:16$87'.
Removing empty process `expand_key_128.$proc$/home/shreya/HT_detection_GNN/trusthub/AES_unzipped/AES-T1200/AES-T1200/src/TjIn/aes_128.v:88$83'.
Removing empty process `expand_key_128.$proc$/home/shreya/HT_detection_GNN/trusthub/AES_unzipped/AES-T1200/AES-T1200/src/TjIn/aes_128.v:77$78'.
Removing empty process `aes_128.$proc$/home/shreya/HT_detection_GNN/trusthub/AES_unzipped/AES-T1200/AES-T1200/src/TjIn/aes_128.v:26$72'.
Found and cleaned up 2 empty switches in `\Trojan_Trigger.$proc$/home/shreya/HT_detection_GNN/trusthub/AES_unzipped/AES-T1200/AES-T1200/src/TjIn/Trojan_Trigger.v:39$69'.
Removing empty process `Trojan_Trigger.$proc$/home/shreya/HT_detection_GNN/trusthub/AES_unzipped/AES-T1200/AES-T1200/src/TjIn/Trojan_Trigger.v:39$69'.
Found and cleaned up 1 empty switch in `\Trojan_Trigger.$proc$/home/shreya/HT_detection_GNN/trusthub/AES_unzipped/AES-T1200/AES-T1200/src/TjIn/Trojan_Trigger.v:30$66'.
Removing empty process `Trojan_Trigger.$proc$/home/shreya/HT_detection_GNN/trusthub/AES_unzipped/AES-T1200/AES-T1200/src/TjIn/Trojan_Trigger.v:30$66'.
Removing empty process `TSC.$proc$/home/shreya/HT_detection_GNN/trusthub/AES_unzipped/AES-T1200/AES-T1200/src/TjIn/TSC.v:34$1'.
Cleaned up 7 empty switches.

9.12. Executing OPT_EXPR pass (perform const folding).
Optimizing module top.
Optimizing module xS.
Optimizing module S.
Optimizing module T.
Optimizing module S4.
Optimizing module table_lookup.
Optimizing module final_round.
Optimizing module one_round.
Optimizing module lfsr_counter.
<suppressed ~1 debug messages>
Optimizing module expand_key_128.
Optimizing module aes_128.
Optimizing module Trojan_Trigger.
Couldn't topologically sort cells, optimizing module Trojan_Trigger may take a longer time.
Couldn't topologically sort cells, optimizing module Trojan_Trigger may take a longer time.
<suppressed ~2 debug messages>
Optimizing module TSC.

10. Executing OPT pass (performing simple optimizations).

10.1. Executing OPT_EXPR pass (perform const folding).
Optimizing module top.
Optimizing module xS.
Optimizing module S.
Optimizing module T.
Optimizing module S4.
Optimizing module table_lookup.
Optimizing module final_round.
Optimizing module one_round.
Optimizing module lfsr_counter.
Optimizing module expand_key_128.
Optimizing module aes_128.
Optimizing module Trojan_Trigger.
Couldn't topologically sort cells, optimizing module Trojan_Trigger may take a longer time.
Couldn't topologically sort cells, optimizing module Trojan_Trigger may take a longer time.
Optimizing module TSC.

10.2. Executing OPT_MERGE pass (detect identical cells).
Finding identical cells in module `\top'.
Computing hashes of 3 cells of `\top'.
Finding duplicate cells in `\top'.
Finding identical cells in module `\xS'.
Computing hashes of 3 cells of `\xS'.
Finding duplicate cells in `\xS'.
Finding identical cells in module `\S'.
Computing hashes of 3 cells of `\S'.
Finding duplicate cells in `\S'.
Finding identical cells in module `\T'.
Computing hashes of 3 cells of `\T'.
Finding duplicate cells in `\T'.
Finding identical cells in module `\S4'.
Computing hashes of 4 cells of `\S4'.
Finding duplicate cells in `\S4'.
Finding identical cells in module `\table_lookup'.
Computing hashes of 4 cells of `\table_lookup'.
Finding duplicate cells in `\table_lookup'.
Finding identical cells in module `\final_round'.
Computing hashes of 9 cells of `\final_round'.
Finding duplicate cells in `\final_round'.
Finding identical cells in module `\one_round'.
Computing hashes of 21 cells of `\one_round'.
Finding duplicate cells in `\one_round'.
Finding identical cells in module `\lfsr_counter'.
Computing hashes of 6 cells of `\lfsr_counter'.
Finding duplicate cells in `\lfsr_counter'.
Finding identical cells in module `\expand_key_128'.
Computing hashes of 14 cells of `\expand_key_128'.
Finding duplicate cells in `\expand_key_128'.
Finding identical cells in module `\aes_128'.
Computing hashes of 23 cells of `\aes_128'.
Finding duplicate cells in `\aes_128'.
Finding identical cells in module `\Trojan_Trigger'.
Computing hashes of 5 cells of `\Trojan_Trigger'.
Finding duplicate cells in `\Trojan_Trigger'.
Finding identical cells in module `\TSC'.
Computing hashes of 66 cells of `\TSC'.
Finding duplicate cells in `\TSC'.
Computing hashes of 10 cells of `\TSC'.
Finding duplicate cells in `\TSC'.
<suppressed ~168 debug messages>
Removed a total of 56 cells.

10.3. Executing OPT_MUXTREE pass (detect dead branches in mux trees).
Running muxtree optimizer on module \top..
  Creating internal representation of mux trees.
  No muxes found in this module.
Running muxtree optimizer on module \xS..
  Creating internal representation of mux trees.
  No muxes found in this module.
Running muxtree optimizer on module \S..
  Creating internal representation of mux trees.
  No muxes found in this module.
Running muxtree optimizer on module \T..
  Creating internal representation of mux trees.
  No muxes found in this module.
Running muxtree optimizer on module \S4..
  Creating internal representation of mux trees.
  No muxes found in this module.
Running muxtree optimizer on module \table_lookup..
  Creating internal representation of mux trees.
  No muxes found in this module.
Running muxtree optimizer on module \final_round..
  Creating internal representation of mux trees.
  No muxes found in this module.
Running muxtree optimizer on module \one_round..
  Creating internal representation of mux trees.
  No muxes found in this module.
Running muxtree optimizer on module \lfsr_counter..
  Creating internal representation of mux trees.
  Evaluating internal representation of mux trees.
  Analyzing evaluation results.
Running muxtree optimizer on module \expand_key_128..
  Creating internal representation of mux trees.
  No muxes found in this module.
Running muxtree optimizer on module \aes_128..
  Creating internal representation of mux trees.
  No muxes found in this module.
Running muxtree optimizer on module \Trojan_Trigger..
  Creating internal representation of mux trees.
  Evaluating internal representation of mux trees.
  Analyzing evaluation results.
Running muxtree optimizer on module \TSC..
  Creating internal representation of mux trees.
  No muxes found in this module.
Removed 0 multiplexer ports.
<suppressed ~8 debug messages>

10.4. Executing OPT_REDUCE pass (consolidate $*mux and $reduce_* inputs).
  Optimizing cells in module \top.
  Optimizing cells in module \xS.
  Optimizing cells in module \S.
  Optimizing cells in module \T.
  Optimizing cells in module \S4.
  Optimizing cells in module \table_lookup.
  Optimizing cells in module \final_round.
  Optimizing cells in module \one_round.
  Optimizing cells in module \lfsr_counter.
  Optimizing cells in module \expand_key_128.
  Optimizing cells in module \aes_128.
  Optimizing cells in module \Trojan_Trigger.
  Optimizing cells in module \TSC.
Performed a total of 0 changes.

10.5. Executing OPT_MERGE pass (detect identical cells).
Finding identical cells in module `\top'.
Computing hashes of 3 cells of `\top'.
Finding duplicate cells in `\top'.
Finding identical cells in module `\xS'.
Computing hashes of 3 cells of `\xS'.
Finding duplicate cells in `\xS'.
Finding identical cells in module `\S'.
Computing hashes of 3 cells of `\S'.
Finding duplicate cells in `\S'.
Finding identical cells in module `\T'.
Computing hashes of 3 cells of `\T'.
Finding duplicate cells in `\T'.
Finding identical cells in module `\S4'.
Computing hashes of 4 cells of `\S4'.
Finding duplicate cells in `\S4'.
Finding identical cells in module `\table_lookup'.
Computing hashes of 4 cells of `\table_lookup'.
Finding duplicate cells in `\table_lookup'.
Finding identical cells in module `\final_round'.
Computing hashes of 9 cells of `\final_round'.
Finding duplicate cells in `\final_round'.
Finding identical cells in module `\one_round'.
Computing hashes of 21 cells of `\one_round'.
Finding duplicate cells in `\one_round'.
Finding identical cells in module `\lfsr_counter'.
Computing hashes of 6 cells of `\lfsr_counter'.
Finding duplicate cells in `\lfsr_counter'.
Finding identical cells in module `\expand_key_128'.
Computing hashes of 14 cells of `\expand_key_128'.
Finding duplicate cells in `\expand_key_128'.
Finding identical cells in module `\aes_128'.
Computing hashes of 23 cells of `\aes_128'.
Finding duplicate cells in `\aes_128'.
Finding identical cells in module `\Trojan_Trigger'.
Computing hashes of 5 cells of `\Trojan_Trigger'.
Finding duplicate cells in `\Trojan_Trigger'.
Finding identical cells in module `\TSC'.
Computing hashes of 10 cells of `\TSC'.
Finding duplicate cells in `\TSC'.
Removed a total of 0 cells.

10.6. Executing OPT_DFF pass (perform DFF optimizations).
Adding EN signal on $procdff$142 ($dff) from module lfsr_counter (D = $procmux$127_Y, Q = \lfsr_stream).

10.7. Executing OPT_CLEAN pass (remove unused cells and wires).
Finding unused cells or wires in module \top..
Finding unused cells or wires in module \xS..
Finding unused cells or wires in module \S..
Finding unused cells or wires in module \T..
Finding unused cells or wires in module \S4..
Finding unused cells or wires in module \table_lookup..
Finding unused cells or wires in module \final_round..
Finding unused cells or wires in module \one_round..
Finding unused cells or wires in module \lfsr_counter..
Finding unused cells or wires in module \expand_key_128..
Finding unused cells or wires in module \aes_128..
Finding unused cells or wires in module \Trojan_Trigger..
Finding unused cells or wires in module \TSC..
Removed 0 unused cells and 106 unused wires.
<suppressed ~10 debug messages>

10.8. Executing OPT_EXPR pass (perform const folding).
Optimizing module top.
Optimizing module xS.
Optimizing module S.
Optimizing module T.
Optimizing module S4.
Optimizing module table_lookup.
Optimizing module final_round.
Optimizing module one_round.
Optimizing module lfsr_counter.
<suppressed ~1 debug messages>
Optimizing module expand_key_128.
Optimizing module aes_128.
Optimizing module Trojan_Trigger.
Couldn't topologically sort cells, optimizing module Trojan_Trigger may take a longer time.
Couldn't topologically sort cells, optimizing module Trojan_Trigger may take a longer time.
Optimizing module TSC.

10.9. Rerunning OPT passes. (Maybe there is more to do..)

10.10. Executing OPT_MUXTREE pass (detect dead branches in mux trees).
Running muxtree optimizer on module \top..
  Creating internal representation of mux trees.
  No muxes found in this module.
Running muxtree optimizer on module \xS..
  Creating internal representation of mux trees.
  No muxes found in this module.
Running muxtree optimizer on module \S..
  Creating internal representation of mux trees.
  No muxes found in this module.
Running muxtree optimizer on module \T..
  Creating internal representation of mux trees.
  No muxes found in this module.
Running muxtree optimizer on module \S4..
  Creating internal representation of mux trees.
  No muxes found in this module.
Running muxtree optimizer on module \table_lookup..
  Creating internal representation of mux trees.
  No muxes found in this module.
Running muxtree optimizer on module \final_round..
  Creating internal representation of mux trees.
  No muxes found in this module.
Running muxtree optimizer on module \one_round..
  Creating internal representation of mux trees.
  No muxes found in this module.
Running muxtree optimizer on module \lfsr_counter..
  Creating internal representation of mux trees.
  Evaluating internal representation of mux trees.
  Analyzing evaluation results.
Running muxtree optimizer on module \expand_key_128..
  Creating internal representation of mux trees.
  No muxes found in this module.
Running muxtree optimizer on module \aes_128..
  Creating internal representation of mux trees.
  No muxes found in this module.
Running muxtree optimizer on module \Trojan_Trigger..
  Creating internal representation of mux trees.
  Evaluating internal representation of mux trees.
  Analyzing evaluation results.
Running muxtree optimizer on module \TSC..
  Creating internal representation of mux trees.
  No muxes found in this module.
Removed 0 multiplexer ports.
<suppressed ~8 debug messages>

10.11. Executing OPT_REDUCE pass (consolidate $*mux and $reduce_* inputs).
  Optimizing cells in module \top.
  Optimizing cells in module \xS.
  Optimizing cells in module \S.
  Optimizing cells in module \T.
  Optimizing cells in module \S4.
  Optimizing cells in module \table_lookup.
  Optimizing cells in module \final_round.
  Optimizing cells in module \one_round.
  Optimizing cells in module \lfsr_counter.
  Optimizing cells in module \expand_key_128.
  Optimizing cells in module \aes_128.
  Optimizing cells in module \Trojan_Trigger.
  Optimizing cells in module \TSC.
Performed a total of 0 changes.

10.12. Executing OPT_MERGE pass (detect identical cells).
Finding identical cells in module `\top'.
Computing hashes of 3 cells of `\top'.
Finding duplicate cells in `\top'.
Finding identical cells in module `\xS'.
Computing hashes of 3 cells of `\xS'.
Finding duplicate cells in `\xS'.
Finding identical cells in module `\S'.
Computing hashes of 3 cells of `\S'.
Finding duplicate cells in `\S'.
Finding identical cells in module `\T'.
Computing hashes of 3 cells of `\T'.
Finding duplicate cells in `\T'.
Finding identical cells in module `\S4'.
Computing hashes of 4 cells of `\S4'.
Finding duplicate cells in `\S4'.
Finding identical cells in module `\table_lookup'.
Computing hashes of 4 cells of `\table_lookup'.
Finding duplicate cells in `\table_lookup'.
Finding identical cells in module `\final_round'.
Computing hashes of 9 cells of `\final_round'.
Finding duplicate cells in `\final_round'.
Finding identical cells in module `\one_round'.
Computing hashes of 21 cells of `\one_round'.
Finding duplicate cells in `\one_round'.
Finding identical cells in module `\lfsr_counter'.
Computing hashes of 7 cells of `\lfsr_counter'.
Finding duplicate cells in `\lfsr_counter'.
Finding identical cells in module `\expand_key_128'.
Computing hashes of 14 cells of `\expand_key_128'.
Finding duplicate cells in `\expand_key_128'.
Finding identical cells in module `\aes_128'.
Computing hashes of 23 cells of `\aes_128'.
Finding duplicate cells in `\aes_128'.
Finding identical cells in module `\Trojan_Trigger'.
Computing hashes of 5 cells of `\Trojan_Trigger'.
Finding duplicate cells in `\Trojan_Trigger'.
Finding identical cells in module `\TSC'.
Computing hashes of 10 cells of `\TSC'.
Finding duplicate cells in `\TSC'.
Removed a total of 0 cells.

10.13. Executing OPT_DFF pass (perform DFF optimizations).

10.14. Executing OPT_CLEAN pass (remove unused cells and wires).
Finding unused cells or wires in module \top..
Finding unused cells or wires in module \xS..
Finding unused cells or wires in module \S..
Finding unused cells or wires in module \T..
Finding unused cells or wires in module \S4..
Finding unused cells or wires in module \table_lookup..
Finding unused cells or wires in module \final_round..
Finding unused cells or wires in module \one_round..
Finding unused cells or wires in module \lfsr_counter..
Finding unused cells or wires in module \expand_key_128..
Finding unused cells or wires in module \aes_128..
Finding unused cells or wires in module \Trojan_Trigger..
Finding unused cells or wires in module \TSC..

10.15. Executing OPT_EXPR pass (perform const folding).
Optimizing module top.
Optimizing module xS.
Optimizing module S.
Optimizing module T.
Optimizing module S4.
Optimizing module table_lookup.
Optimizing module final_round.
Optimizing module one_round.
Optimizing module lfsr_counter.
Optimizing module expand_key_128.
Optimizing module aes_128.
Optimizing module Trojan_Trigger.
Couldn't topologically sort cells, optimizing module Trojan_Trigger may take a longer time.
Couldn't topologically sort cells, optimizing module Trojan_Trigger may take a longer time.
Optimizing module TSC.

10.16. Finished fast OPT passes. (There is nothing left to do.)

11. Executing FLATTEN pass (flatten design).
Deleting now unused module xS.
Deleting now unused module S.
Deleting now unused module T.
Deleting now unused module S4.
Deleting now unused module table_lookup.
Deleting now unused module final_round.
Deleting now unused module one_round.
Deleting now unused module lfsr_counter.
Deleting now unused module expand_key_128.
Deleting now unused module aes_128.
Deleting now unused module Trojan_Trigger.
Deleting now unused module TSC.
<suppressed ~43 debug messages>

12. Executing OPT pass (performing simple optimizations).

12.1. Executing OPT_EXPR pass (perform const folding).
Optimizing module top.
Couldn't topologically sort cells, optimizing module top may take a longer time.
Couldn't topologically sort cells, optimizing module top may take a longer time.
Couldn't topologically sort cells, optimizing module top may take a longer time.
<suppressed ~10 debug messages>

12.2. Executing OPT_MERGE pass (detect identical cells).
Finding identical cells in module `\top'.
Computing hashes of 2050 cells of `\top'.
Finding duplicate cells in `\top'.
Removed a total of 0 cells.

12.3. Executing OPT_MUXTREE pass (detect dead branches in mux trees).
Running muxtree optimizer on module \top..
  Creating internal representation of mux trees.
  Evaluating internal representation of mux trees.
  Analyzing evaluation results.
Removed 0 multiplexer ports.
<suppressed ~8 debug messages>

12.4. Executing OPT_REDUCE pass (consolidate $*mux and $reduce_* inputs).
  Optimizing cells in module \top.
Performed a total of 0 changes.

12.5. Executing OPT_MERGE pass (detect identical cells).
Finding identical cells in module `\top'.
Computing hashes of 2050 cells of `\top'.
Finding duplicate cells in `\top'.
Removed a total of 0 cells.

12.6. Executing OPT_DFF pass (perform DFF optimizations).

12.7. Executing OPT_CLEAN pass (remove unused cells and wires).
Finding unused cells or wires in module \top..
Removed 1 unused cells and 11 unused wires.
<suppressed ~3 debug messages>

12.8. Executing OPT_EXPR pass (perform const folding).
Optimizing module top.
Couldn't topologically sort cells, optimizing module top may take a longer time.
Couldn't topologically sort cells, optimizing module top may take a longer time.

12.9. Rerunning OPT passes. (Maybe there is more to do..)

12.10. Executing OPT_MUXTREE pass (detect dead branches in mux trees).
Running muxtree optimizer on module \top..
  Creating internal representation of mux trees.
  Evaluating internal representation of mux trees.
  Analyzing evaluation results.
Removed 0 multiplexer ports.
<suppressed ~8 debug messages>

12.11. Executing OPT_REDUCE pass (consolidate $*mux and $reduce_* inputs).
  Optimizing cells in module \top.
Performed a total of 0 changes.

12.12. Executing OPT_MERGE pass (detect identical cells).
Finding identical cells in module `\top'.
Computing hashes of 2049 cells of `\top'.
Finding duplicate cells in `\top'.
Removed a total of 0 cells.

12.13. Executing OPT_DFF pass (perform DFF optimizations).

12.14. Executing OPT_CLEAN pass (remove unused cells and wires).
Finding unused cells or wires in module \top..

12.15. Executing OPT_EXPR pass (perform const folding).
Optimizing module top.
Couldn't topologically sort cells, optimizing module top may take a longer time.
Couldn't topologically sort cells, optimizing module top may take a longer time.

12.16. Finished fast OPT passes. (There is nothing left to do.)

13. Executing TECHMAP pass (map to technology primitives).

13.1. Executing Verilog-2005 frontend: /home/shreya/oss-cad-suite/lib/../share/yosys/techmap.v
Parsing Verilog input from `/home/shreya/oss-cad-suite/lib/../share/yosys/techmap.v' to AST representation.
Generating RTLIL representation for module `\_90_simplemap_bool_ops'.
Generating RTLIL representation for module `\_90_simplemap_reduce_ops'.
Generating RTLIL representation for module `\_90_simplemap_logic_ops'.
Generating RTLIL representation for module `\_90_simplemap_compare_ops'.
Generating RTLIL representation for module `\_90_simplemap_various'.
Generating RTLIL representation for module `\_90_simplemap_registers'.
Generating RTLIL representation for module `\_90_shift_ops_shr_shl_sshl_sshr'.
Generating RTLIL representation for module `\_90_shift_shiftx'.
Generating RTLIL representation for module `\_90_fa'.
Generating RTLIL representation for module `\_90_lcu_brent_kung'.
Generating RTLIL representation for module `\_90_alu'.
Generating RTLIL representation for module `\_90_macc'.
Generating RTLIL representation for module `\_90_alumacc'.
Generating RTLIL representation for module `$__div_mod_u'.
Generating RTLIL representation for module `$__div_mod_trunc'.
Generating RTLIL representation for module `\_90_div'.
Generating RTLIL representation for module `\_90_mod'.
Generating RTLIL representation for module `$__div_mod_floor'.
Generating RTLIL representation for module `\_90_divfloor'.
Generating RTLIL representation for module `\_90_modfloor'.
Generating RTLIL representation for module `\_90_pow'.
Generating RTLIL representation for module `\_90_demux'.
Generating RTLIL representation for module `\_90_lut'.
Generating RTLIL representation for module `$connect'.
Generating RTLIL representation for module `$input_port'.
Successfully finished Verilog frontend.

13.2. Continuing TECHMAP pass.
Using extmapper simplemap for cells of type $not.
Using extmapper simplemap for cells of type $xor.
Using extmapper simplemap for cells of type $dff.
Using extmapper simplemap for cells of type $mux.
Using extmapper simplemap for cells of type $eq.
Running "alumacc" on wrapper $extern:wrap:$add:Y_WIDTH=128:B_WIDTH=32:A_WIDTH=128:B_SIGNED=0:A_SIGNED=0:394426c56d1a028ba8fdd5469b163e04011def47.
Using template $extern:wrap:$add:Y_WIDTH=128:B_WIDTH=32:A_WIDTH=128:B_SIGNED=0:A_SIGNED=0:394426c56d1a028ba8fdd5469b163e04011def47 for cells of type $extern:wrap:$add:Y_WIDTH=128:B_WIDTH=32:A_WIDTH=128:B_SIGNED=0:A_SIGNED=0:394426c56d1a028ba8fdd5469b163e04011def47.
Using extmapper simplemap for cells of type $dffe.
Using extmapper simplemap for cells of type $reduce_bool.
Using template $paramod$9b5e3d1ab9b57a8d50faef9c2e08a512712951b7\_90_alu for cells of type $alu.
Using extmapper simplemap for cells of type $pos.
Using template $paramod\_90_fa\WIDTH=32'00000000000000000000000010000000 for cells of type $fa.
Using template $paramod\_90_lcu_brent_kung\WIDTH=32'00000000000000000000000010000000 for cells of type $lcu.
Using extmapper simplemap for cells of type $and.
Using extmapper simplemap for cells of type $or.
No more expansions possible.
<suppressed ~1758 debug messages>

14. Executing OPT pass (performing simple optimizations).

14.1. Executing OPT_EXPR pass (perform const folding).
Optimizing module top.
Couldn't topologically sort cells, optimizing module top may take a longer time.
Couldn't topologically sort cells, optimizing module top may take a longer time.
Couldn't topologically sort cells, optimizing module top may take a longer time.
<suppressed ~1268 debug messages>

14.2. Executing OPT_MERGE pass (detect identical cells).
Finding identical cells in module `\top'.
Computing hashes of 17267 cells of `\top'.
Finding duplicate cells in `\top'.
Computing hashes of 17081 cells of `\top'.
Finding duplicate cells in `\top'.
<suppressed ~558 debug messages>
Removed a total of 186 cells.

14.3. Executing OPT_MUXTREE pass (detect dead branches in mux trees).
Running muxtree optimizer on module \top..
  Creating internal representation of mux trees.
  No muxes found in this module.
Removed 0 multiplexer ports.

14.4. Executing OPT_REDUCE pass (consolidate $*mux and $reduce_* inputs).
  Optimizing cells in module \top.
Performed a total of 0 changes.

14.5. Executing OPT_MERGE pass (detect identical cells).
Finding identical cells in module `\top'.
Computing hashes of 17081 cells of `\top'.
Finding duplicate cells in `\top'.
Removed a total of 0 cells.

14.6. Executing OPT_DFF pass (perform DFF optimizations).

14.7. Executing OPT_CLEAN pass (remove unused cells and wires).
Finding unused cells or wires in module \top..
Removed 7 unused cells and 422 unused wires.
<suppressed ~8 debug messages>

14.8. Executing OPT_EXPR pass (perform const folding).
Optimizing module top.
Couldn't topologically sort cells, optimizing module top may take a longer time.
Couldn't topologically sort cells, optimizing module top may take a longer time.

14.9. Rerunning OPT passes. (Maybe there is more to do..)

14.10. Executing OPT_MUXTREE pass (detect dead branches in mux trees).
Running muxtree optimizer on module \top..
  Creating internal representation of mux trees.
  No muxes found in this module.
Removed 0 multiplexer ports.

14.11. Executing OPT_REDUCE pass (consolidate $*mux and $reduce_* inputs).
  Optimizing cells in module \top.
Performed a total of 0 changes.

14.12. Executing OPT_MERGE pass (detect identical cells).
Finding identical cells in module `\top'.
Computing hashes of 17074 cells of `\top'.
Finding duplicate cells in `\top'.
Removed a total of 0 cells.

14.13. Executing OPT_DFF pass (perform DFF optimizations).

14.14. Executing OPT_CLEAN pass (remove unused cells and wires).
Finding unused cells or wires in module \top..

14.15. Executing OPT_EXPR pass (perform const folding).
Optimizing module top.
Couldn't topologically sort cells, optimizing module top may take a longer time.
Couldn't topologically sort cells, optimizing module top may take a longer time.

14.16. Finished fast OPT passes. (There is nothing left to do.)

15. Executing ABC pass (technology mapping using ABC).

15.1. Extracting gate netlist of module `\top' to `<abc-temp-dir>/input.blif'..
Replacing 20 occurrences of constant undef bits with constant zero bits
Breaking loop using new signal $abcloop$18469$0: \Trigger.Tj_Trig -> $flatten\Trojan.\lfsr.$procmux$124_Y [19]
                                                 \Trigger.Tj_Trig -> $flatten\Trojan.\lfsr.$auto$simple.cc:193:make_patterns_logic$152
                                                 \Trigger.Tj_Trig -> $flatten\Trojan.\lfsr.$procmux$124_Y [0]
                                                 \Trigger.Tj_Trig -> $flatten\Trojan.\lfsr.$procmux$124_Y [1]
                                                 \Trigger.Tj_Trig -> $flatten\Trojan.\lfsr.$procmux$124_Y [2]
                                                 \Trigger.Tj_Trig -> $flatten\Trojan.\lfsr.$procmux$124_Y [3]
                                                 \Trigger.Tj_Trig -> $flatten\Trojan.\lfsr.$procmux$124_Y [4]
                                                 \Trigger.Tj_Trig -> $flatten\Trojan.\lfsr.$procmux$124_Y [5]
                                                 \Trigger.Tj_Trig -> $flatten\Trojan.\lfsr.$procmux$124_Y [6]
                                                 \Trigger.Tj_Trig -> $flatten\Trojan.\lfsr.$procmux$124_Y [7]
                                                 \Trigger.Tj_Trig -> $flatten\Trojan.\lfsr.$procmux$124_Y [8]
                                                 \Trigger.Tj_Trig -> $flatten\Trojan.\lfsr.$procmux$124_Y [9]
                                                 \Trigger.Tj_Trig -> $flatten\Trojan.\lfsr.$procmux$124_Y [10]
                                                 \Trigger.Tj_Trig -> $flatten\Trojan.\lfsr.$procmux$124_Y [11]
                                                 \Trigger.Tj_Trig -> $flatten\Trojan.\lfsr.$procmux$124_Y [12]
                                                 \Trigger.Tj_Trig -> $flatten\Trojan.\lfsr.$procmux$124_Y [13]
                                                 \Trigger.Tj_Trig -> $flatten\Trojan.\lfsr.$procmux$124_Y [14]
                                                 \Trigger.Tj_Trig -> $flatten\Trojan.\lfsr.$procmux$124_Y [15]
                                                 \Trigger.Tj_Trig -> $flatten\Trojan.\lfsr.$procmux$124_Y [16]
                                                 \Trigger.Tj_Trig -> $flatten\Trojan.\lfsr.$procmux$124_Y [17]
                                                 \Trigger.Tj_Trig -> $flatten\Trojan.\lfsr.$procmux$124_Y [18]
Breaking loop using new signal $abcloop$18469$1: \Trigger.Counter [8] -> $techmap$flatten\Trigger.$add$/home/shreya/HT_detection_GNN/trusthub/AES_unzipped/AES-T1200/AES-T1200/src/TjIn/Trojan_Trigger.v:35$68.$auto$alumacc.cc:548:replace_alu$15550.Y [8]
                                                 \Trigger.Counter [8] -> $auto$rtlil.cc:3488:NotGate$18452
                                                 \Trigger.Counter [8] -> $techmap$flatten\Trigger.$add$/home/shreya/HT_detection_GNN/trusthub/AES_unzipped/AES-T1200/AES-T1200/src/TjIn/Trojan_Trigger.v:35$68.$auto$alumacc.cc:548:replace_alu$15550.CO [8]
                                                 \Trigger.Counter [8] -> $techmap$techmap$flatten\Trigger.$add$/home/shreya/HT_detection_GNN/trusthub/AES_unzipped/AES-T1200/AES-T1200/src/TjIn/Trojan_Trigger.v:35$68.$auto$alumacc.cc:548:replace_alu$15550.lcu.$and$/home/shreya/oss-cad-suite/lib/../share/yosys/techmap.v:241$16099_Y
Breaking loop using new signal $abcloop$18469$2: \Trigger.Counter [70] -> $techmap$flatten\Trigger.$add$/home/shreya/HT_detection_GNN/trusthub/AES_unzipped/AES-T1200/AES-T1200/src/TjIn/Trojan_Trigger.v:35$68.$auto$alumacc.cc:548:replace_alu$15550.Y [70]
                                                 \Trigger.Counter [70] -> $auto$rtlil.cc:3488:NotGate$18328
                                                 \Trigger.Counter [70] -> $techmap$techmap$flatten\Trigger.$add$/home/shreya/HT_detection_GNN/trusthub/AES_unzipped/AES-T1200/AES-T1200/src/TjIn/Trojan_Trigger.v:35$68.$auto$alumacc.cc:548:replace_alu$15550.lcu.$and$/home/shreya/oss-cad-suite/lib/../share/yosys/techmap.v:241$16192_Y
                                                 \Trigger.Counter [70] -> $techmap$flatten\Trigger.$add$/home/shreya/HT_detection_GNN/trusthub/AES_unzipped/AES-T1200/AES-T1200/src/TjIn/Trojan_Trigger.v:35$68.$auto$alumacc.cc:548:replace_alu$15550.CO [70]
Breaking loop using new signal $abcloop$18469$3: \Trigger.Counter [100] -> $auto$rtlil.cc:3488:NotGate$18268
                                                 \Trigger.Counter [100] -> $techmap$techmap$flatten\Trigger.$add$/home/shreya/HT_detection_GNN/trusthub/AES_unzipped/AES-T1200/AES-T1200/src/TjIn/Trojan_Trigger.v:35$68.$auto$alumacc.cc:548:replace_alu$15550.lcu.$and$/home/shreya/oss-cad-suite/lib/../share/yosys/techmap.v:241$16237_Y
                                                 \Trigger.Counter [100] -> $techmap$flatten\Trigger.$add$/home/shreya/HT_detection_GNN/trusthub/AES_unzipped/AES-T1200/AES-T1200/src/TjIn/Trojan_Trigger.v:35$68.$auto$alumacc.cc:548:replace_alu$15550.Y [100]
                                                 \Trigger.Counter [100] -> $techmap$flatten\Trigger.$add$/home/shreya/HT_detection_GNN/trusthub/AES_unzipped/AES-T1200/AES-T1200/src/TjIn/Trojan_Trigger.v:35$68.$auto$alumacc.cc:548:replace_alu$15550.CO [100]
Breaking loop using new signal $abcloop$18469$4: \Trigger.Counter [4] -> $techmap$flatten\Trigger.$add$/home/shreya/HT_detection_GNN/trusthub/AES_unzipped/AES-T1200/AES-T1200/src/TjIn/Trojan_Trigger.v:35$68.$auto$alumacc.cc:548:replace_alu$15550.Y [4]
                                                 \Trigger.Counter [4] -> $auto$rtlil.cc:3488:NotGate$18460
                                                 \Trigger.Counter [4] -> $techmap$flatten\Trigger.$add$/home/shreya/HT_detection_GNN/trusthub/AES_unzipped/AES-T1200/AES-T1200/src/TjIn/Trojan_Trigger.v:35$68.$auto$alumacc.cc:548:replace_alu$15550.CO [4]
                                                 \Trigger.Counter [4] -> $techmap$techmap$flatten\Trigger.$add$/home/shreya/HT_detection_GNN/trusthub/AES_unzipped/AES-T1200/AES-T1200/src/TjIn/Trojan_Trigger.v:35$68.$auto$alumacc.cc:548:replace_alu$15550.lcu.$and$/home/shreya/oss-cad-suite/lib/../share/yosys/techmap.v:241$16093_Y
Breaking loop using new signal $abcloop$18469$5: \Trigger.Counter [6] -> $auto$rtlil.cc:3488:NotGate$18456
                                                 \Trigger.Counter [6] -> $techmap$flatten\Trigger.$add$/home/shreya/HT_detection_GNN/trusthub/AES_unzipped/AES-T1200/AES-T1200/src/TjIn/Trojan_Trigger.v:35$68.$auto$alumacc.cc:548:replace_alu$15550.CO [6]
                                                 \Trigger.Counter [6] -> $techmap$flatten\Trigger.$add$/home/shreya/HT_detection_GNN/trusthub/AES_unzipped/AES-T1200/AES-T1200/src/TjIn/Trojan_Trigger.v:35$68.$auto$alumacc.cc:548:replace_alu$15550.Y [6]
                                                 \Trigger.Counter [6] -> $techmap$techmap$flatten\Trigger.$add$/home/shreya/HT_detection_GNN/trusthub/AES_unzipped/AES-T1200/AES-T1200/src/TjIn/Trojan_Trigger.v:35$68.$auto$alumacc.cc:548:replace_alu$15550.lcu.$and$/home/shreya/oss-cad-suite/lib/../share/yosys/techmap.v:241$16096_Y
Breaking loop using new signal $abcloop$18469$6: \Trigger.Counter [58] -> $techmap$flatten\Trigger.$add$/home/shreya/HT_detection_GNN/trusthub/AES_unzipped/AES-T1200/AES-T1200/src/TjIn/Trojan_Trigger.v:35$68.$auto$alumacc.cc:548:replace_alu$15550.CO [58]
                                                 \Trigger.Counter [58] -> $techmap$techmap$flatten\Trigger.$add$/home/shreya/HT_detection_GNN/trusthub/AES_unzipped/AES-T1200/AES-T1200/src/TjIn/Trojan_Trigger.v:35$68.$auto$alumacc.cc:548:replace_alu$15550.lcu.$and$/home/shreya/oss-cad-suite/lib/../share/yosys/techmap.v:241$16174_Y
                                                 \Trigger.Counter [58] -> $auto$rtlil.cc:3488:NotGate$18352
                                                 \Trigger.Counter [58] -> $techmap$flatten\Trigger.$add$/home/shreya/HT_detection_GNN/trusthub/AES_unzipped/AES-T1200/AES-T1200/src/TjIn/Trojan_Trigger.v:35$68.$auto$alumacc.cc:548:replace_alu$15550.Y [58]
Breaking loop using new signal $abcloop$18469$7: \Trigger.Counter [66] -> $techmap$flatten\Trigger.$add$/home/shreya/HT_detection_GNN/trusthub/AES_unzipped/AES-T1200/AES-T1200/src/TjIn/Trojan_Trigger.v:35$68.$auto$alumacc.cc:548:replace_alu$15550.CO [66]
                                                 \Trigger.Counter [66] -> $techmap$flatten\Trigger.$add$/home/shreya/HT_detection_GNN/trusthub/AES_unzipped/AES-T1200/AES-T1200/src/TjIn/Trojan_Trigger.v:35$68.$auto$alumacc.cc:548:replace_alu$15550.Y [66]
                                                 \Trigger.Counter [66] -> $auto$rtlil.cc:3488:NotGate$18336
                                                 \Trigger.Counter [66] -> $techmap$techmap$flatten\Trigger.$add$/home/shreya/HT_detection_GNN/trusthub/AES_unzipped/AES-T1200/AES-T1200/src/TjIn/Trojan_Trigger.v:35$68.$auto$alumacc.cc:548:replace_alu$15550.lcu.$and$/home/shreya/oss-cad-suite/lib/../share/yosys/techmap.v:241$16186_Y
Breaking loop using new signal $abcloop$18469$8: \Trigger.Counter [80] -> $techmap$techmap$flatten\Trigger.$add$/home/shreya/HT_detection_GNN/trusthub/AES_unzipped/AES-T1200/AES-T1200/src/TjIn/Trojan_Trigger.v:35$68.$auto$alumacc.cc:548:replace_alu$15550.lcu.$and$/home/shreya/oss-cad-suite/lib/../share/yosys/techmap.v:241$16207_Y
                                                 \Trigger.Counter [80] -> $techmap$flatten\Trigger.$add$/home/shreya/HT_detection_GNN/trusthub/AES_unzipped/AES-T1200/AES-T1200/src/TjIn/Trojan_Trigger.v:35$68.$auto$alumacc.cc:548:replace_alu$15550.Y [80]
                                                 \Trigger.Counter [80] -> $auto$rtlil.cc:3488:NotGate$18308
                                                 \Trigger.Counter [80] -> $techmap$flatten\Trigger.$add$/home/shreya/HT_detection_GNN/trusthub/AES_unzipped/AES-T1200/AES-T1200/src/TjIn/Trojan_Trigger.v:35$68.$auto$alumacc.cc:548:replace_alu$15550.CO [80]
Breaking loop using new signal $abcloop$18469$9: \Trigger.Counter [120] -> $auto$rtlil.cc:3488:NotGate$18228
                                                 \Trigger.Counter [120] -> $techmap$flatten\Trigger.$add$/home/shreya/HT_detection_GNN/trusthub/AES_unzipped/AES-T1200/AES-T1200/src/TjIn/Trojan_Trigger.v:35$68.$auto$alumacc.cc:548:replace_alu$15550.CO [120]
                                                 \Trigger.Counter [120] -> $techmap$flatten\Trigger.$add$/home/shreya/HT_detection_GNN/trusthub/AES_unzipped/AES-T1200/AES-T1200/src/TjIn/Trojan_Trigger.v:35$68.$auto$alumacc.cc:548:replace_alu$15550.Y [120]
                                                 \Trigger.Counter [120] -> $techmap$techmap$flatten\Trigger.$add$/home/shreya/HT_detection_GNN/trusthub/AES_unzipped/AES-T1200/AES-T1200/src/TjIn/Trojan_Trigger.v:35$68.$auto$alumacc.cc:548:replace_alu$15550.lcu.$and$/home/shreya/oss-cad-suite/lib/../share/yosys/techmap.v:241$16267_Y
Breaking loop using new signal $abcloop$18469$10: \Trigger.Counter [86] -> $auto$rtlil.cc:3488:NotGate$18296
                                                  \Trigger.Counter [86] -> $techmap$flatten\Trigger.$add$/home/shreya/HT_detection_GNN/trusthub/AES_unzipped/AES-T1200/AES-T1200/src/TjIn/Trojan_Trigger.v:35$68.$auto$alumacc.cc:548:replace_alu$15550.Y [86]
                                                  \Trigger.Counter [86] -> $techmap$flatten\Trigger.$add$/home/shreya/HT_detection_GNN/trusthub/AES_unzipped/AES-T1200/AES-T1200/src/TjIn/Trojan_Trigger.v:35$68.$auto$alumacc.cc:548:replace_alu$15550.CO [86]
                                                  \Trigger.Counter [86] -> $techmap$techmap$flatten\Trigger.$add$/home/shreya/HT_detection_GNN/trusthub/AES_unzipped/AES-T1200/AES-T1200/src/TjIn/Trojan_Trigger.v:35$68.$auto$alumacc.cc:548:replace_alu$15550.lcu.$and$/home/shreya/oss-cad-suite/lib/../share/yosys/techmap.v:241$16216_Y
Breaking loop using new signal $abcloop$18469$11: \Trigger.Counter [10] -> $techmap$flatten\Trigger.$add$/home/shreya/HT_detection_GNN/trusthub/AES_unzipped/AES-T1200/AES-T1200/src/TjIn/Trojan_Trigger.v:35$68.$auto$alumacc.cc:548:replace_alu$15550.Y [10]
                                                  \Trigger.Counter [10] -> $auto$rtlil.cc:3488:NotGate$18448
                                                  \Trigger.Counter [10] -> $techmap$techmap$flatten\Trigger.$add$/home/shreya/HT_detection_GNN/trusthub/AES_unzipped/AES-T1200/AES-T1200/src/TjIn/Trojan_Trigger.v:35$68.$auto$alumacc.cc:548:replace_alu$15550.lcu.$and$/home/shreya/oss-cad-suite/lib/../share/yosys/techmap.v:241$16102_Y
                                                  \Trigger.Counter [10] -> $techmap$flatten\Trigger.$add$/home/shreya/HT_detection_GNN/trusthub/AES_unzipped/AES-T1200/AES-T1200/src/TjIn/Trojan_Trigger.v:35$68.$auto$alumacc.cc:548:replace_alu$15550.CO [10]
Breaking loop using new signal $abcloop$18469$12: \Trigger.Counter [64] -> $techmap$flatten\Trigger.$add$/home/shreya/HT_detection_GNN/trusthub/AES_unzipped/AES-T1200/AES-T1200/src/TjIn/Trojan_Trigger.v:35$68.$auto$alumacc.cc:548:replace_alu$15550.CO [64]
                                                  \Trigger.Counter [64] -> $auto$rtlil.cc:3488:NotGate$18340
                                                  \Trigger.Counter [64] -> $techmap$techmap$flatten\Trigger.$add$/home/shreya/HT_detection_GNN/trusthub/AES_unzipped/AES-T1200/AES-T1200/src/TjIn/Trojan_Trigger.v:35$68.$auto$alumacc.cc:548:replace_alu$15550.lcu.$and$/home/shreya/oss-cad-suite/lib/../share/yosys/techmap.v:241$16183_Y
                                                  \Trigger.Counter [64] -> $techmap$flatten\Trigger.$add$/home/shreya/HT_detection_GNN/trusthub/AES_unzipped/AES-T1200/AES-T1200/src/TjIn/Trojan_Trigger.v:35$68.$auto$alumacc.cc:548:replace_alu$15550.Y [64]
Breaking loop using new signal $abcloop$18469$13: \Trigger.Counter [122] -> $techmap$flatten\Trigger.$add$/home/shreya/HT_detection_GNN/trusthub/AES_unzipped/AES-T1200/AES-T1200/src/TjIn/Trojan_Trigger.v:35$68.$auto$alumacc.cc:548:replace_alu$15550.Y [122]
                                                  \Trigger.Counter [122] -> $auto$rtlil.cc:3488:NotGate$18224
                                                  \Trigger.Counter [122] -> $techmap$techmap$flatten\Trigger.$add$/home/shreya/HT_detection_GNN/trusthub/AES_unzipped/AES-T1200/AES-T1200/src/TjIn/Trojan_Trigger.v:35$68.$auto$alumacc.cc:548:replace_alu$15550.lcu.$and$/home/shreya/oss-cad-suite/lib/../share/yosys/techmap.v:241$16270_Y
                                                  \Trigger.Counter [122] -> $techmap$flatten\Trigger.$add$/home/shreya/HT_detection_GNN/trusthub/AES_unzipped/AES-T1200/AES-T1200/src/TjIn/Trojan_Trigger.v:35$68.$auto$alumacc.cc:548:replace_alu$15550.CO [122]
Breaking loop using new signal $abcloop$18469$14: \Trigger.Counter [108] -> $techmap$flatten\Trigger.$add$/home/shreya/HT_detection_GNN/trusthub/AES_unzipped/AES-T1200/AES-T1200/src/TjIn/Trojan_Trigger.v:35$68.$auto$alumacc.cc:548:replace_alu$15550.CO [108]
                                                  \Trigger.Counter [108] -> $auto$rtlil.cc:3488:NotGate$18252
                                                  \Trigger.Counter [108] -> $techmap$techmap$flatten\Trigger.$add$/home/shreya/HT_detection_GNN/trusthub/AES_unzipped/AES-T1200/AES-T1200/src/TjIn/Trojan_Trigger.v:35$68.$auto$alumacc.cc:548:replace_alu$15550.lcu.$and$/home/shreya/oss-cad-suite/lib/../share/yosys/techmap.v:241$16249_Y
                                                  \Trigger.Counter [108] -> $techmap$flatten\Trigger.$add$/home/shreya/HT_detection_GNN/trusthub/AES_unzipped/AES-T1200/AES-T1200/src/TjIn/Trojan_Trigger.v:35$68.$auto$alumacc.cc:548:replace_alu$15550.Y [108]
Breaking loop using new signal $abcloop$18469$15: \Trigger.Counter [102] -> $techmap$flatten\Trigger.$add$/home/shreya/HT_detection_GNN/trusthub/AES_unzipped/AES-T1200/AES-T1200/src/TjIn/Trojan_Trigger.v:35$68.$auto$alumacc.cc:548:replace_alu$15550.CO [102]
                                                  \Trigger.Counter [102] -> $auto$rtlil.cc:3488:NotGate$18264
                                                  \Trigger.Counter [102] -> $techmap$techmap$flatten\Trigger.$add$/home/shreya/HT_detection_GNN/trusthub/AES_unzipped/AES-T1200/AES-T1200/src/TjIn/Trojan_Trigger.v:35$68.$auto$alumacc.cc:548:replace_alu$15550.lcu.$and$/home/shreya/oss-cad-suite/lib/../share/yosys/techmap.v:241$16240_Y
                                                  \Trigger.Counter [102] -> $techmap$flatten\Trigger.$add$/home/shreya/HT_detection_GNN/trusthub/AES_unzipped/AES-T1200/AES-T1200/src/TjIn/Trojan_Trigger.v:35$68.$auto$alumacc.cc:548:replace_alu$15550.Y [102]
Breaking loop using new signal $abcloop$18469$16: \Trigger.Counter [84] -> $techmap$flatten\Trigger.$add$/home/shreya/HT_detection_GNN/trusthub/AES_unzipped/AES-T1200/AES-T1200/src/TjIn/Trojan_Trigger.v:35$68.$auto$alumacc.cc:548:replace_alu$15550.CO [84]
                                                  \Trigger.Counter [84] -> $auto$rtlil.cc:3488:NotGate$18300
                                                  \Trigger.Counter [84] -> $techmap$techmap$flatten\Trigger.$add$/home/shreya/HT_detection_GNN/trusthub/AES_unzipped/AES-T1200/AES-T1200/src/TjIn/Trojan_Trigger.v:35$68.$auto$alumacc.cc:548:replace_alu$15550.lcu.$and$/home/shreya/oss-cad-suite/lib/../share/yosys/techmap.v:241$16213_Y
                                                  \Trigger.Counter [84] -> $techmap$flatten\Trigger.$add$/home/shreya/HT_detection_GNN/trusthub/AES_unzipped/AES-T1200/AES-T1200/src/TjIn/Trojan_Trigger.v:35$68.$auto$alumacc.cc:548:replace_alu$15550.Y [84]
Breaking loop using new signal $abcloop$18469$17: \Trigger.Counter [2] -> $techmap$techmap$flatten\Trigger.$add$/home/shreya/HT_detection_GNN/trusthub/AES_unzipped/AES-T1200/AES-T1200/src/TjIn/Trojan_Trigger.v:35$68.$auto$alumacc.cc:548:replace_alu$15550.lcu.$and$/home/shreya/oss-cad-suite/lib/../share/yosys/techmap.v:241$16090_Y
                                                  \Trigger.Counter [2] -> $auto$rtlil.cc:3488:NotGate$18464
                                                  \Trigger.Counter [2] -> $techmap$flatten\Trigger.$add$/home/shreya/HT_detection_GNN/trusthub/AES_unzipped/AES-T1200/AES-T1200/src/TjIn/Trojan_Trigger.v:35$68.$auto$alumacc.cc:548:replace_alu$15550.Y [2]
                                                  \Trigger.Counter [2] -> $techmap$flatten\Trigger.$add$/home/shreya/HT_detection_GNN/trusthub/AES_unzipped/AES-T1200/AES-T1200/src/TjIn/Trojan_Trigger.v:35$68.$auto$alumacc.cc:548:replace_alu$15550.CO [2]
Breaking loop using new signal $abcloop$18469$18: \Trigger.Counter [60] -> $techmap$flatten\Trigger.$add$/home/shreya/HT_detection_GNN/trusthub/AES_unzipped/AES-T1200/AES-T1200/src/TjIn/Trojan_Trigger.v:35$68.$auto$alumacc.cc:548:replace_alu$15550.Y [60]
                                                  \Trigger.Counter [60] -> $auto$rtlil.cc:3488:NotGate$18348
                                                  \Trigger.Counter [60] -> $techmap$flatten\Trigger.$add$/home/shreya/HT_detection_GNN/trusthub/AES_unzipped/AES-T1200/AES-T1200/src/TjIn/Trojan_Trigger.v:35$68.$auto$alumacc.cc:548:replace_alu$15550.CO [60]
                                                  \Trigger.Counter [60] -> $techmap$techmap$flatten\Trigger.$add$/home/shreya/HT_detection_GNN/trusthub/AES_unzipped/AES-T1200/AES-T1200/src/TjIn/Trojan_Trigger.v:35$68.$auto$alumacc.cc:548:replace_alu$15550.lcu.$and$/home/shreya/oss-cad-suite/lib/../share/yosys/techmap.v:241$16177_Y
Breaking loop using new signal $abcloop$18469$19: \Trigger.Counter [68] -> $auto$rtlil.cc:3488:NotGate$18332
                                                  \Trigger.Counter [68] -> $techmap$flatten\Trigger.$add$/home/shreya/HT_detection_GNN/trusthub/AES_unzipped/AES-T1200/AES-T1200/src/TjIn/Trojan_Trigger.v:35$68.$auto$alumacc.cc:548:replace_alu$15550.Y [68]
                                                  \Trigger.Counter [68] -> $techmap$flatten\Trigger.$add$/home/shreya/HT_detection_GNN/trusthub/AES_unzipped/AES-T1200/AES-T1200/src/TjIn/Trojan_Trigger.v:35$68.$auto$alumacc.cc:548:replace_alu$15550.CO [68]
                                                  \Trigger.Counter [68] -> $techmap$techmap$flatten\Trigger.$add$/home/shreya/HT_detection_GNN/trusthub/AES_unzipped/AES-T1200/AES-T1200/src/TjIn/Trojan_Trigger.v:35$68.$auto$alumacc.cc:548:replace_alu$15550.lcu.$and$/home/shreya/oss-cad-suite/lib/../share/yosys/techmap.v:241$16189_Y
Breaking loop using new signal $abcloop$18469$20: \Trigger.Counter [112] -> $techmap$flatten\Trigger.$add$/home/shreya/HT_detection_GNN/trusthub/AES_unzipped/AES-T1200/AES-T1200/src/TjIn/Trojan_Trigger.v:35$68.$auto$alumacc.cc:548:replace_alu$15550.CO [112]
                                                  \Trigger.Counter [112] -> $auto$rtlil.cc:3488:NotGate$18244
                                                  \Trigger.Counter [112] -> $techmap$flatten\Trigger.$add$/home/shreya/HT_detection_GNN/trusthub/AES_unzipped/AES-T1200/AES-T1200/src/TjIn/Trojan_Trigger.v:35$68.$auto$alumacc.cc:548:replace_alu$15550.Y [112]
                                                  \Trigger.Counter [112] -> $techmap$techmap$flatten\Trigger.$add$/home/shreya/HT_detection_GNN/trusthub/AES_unzipped/AES-T1200/AES-T1200/src/TjIn/Trojan_Trigger.v:35$68.$auto$alumacc.cc:548:replace_alu$15550.lcu.$and$/home/shreya/oss-cad-suite/lib/../share/yosys/techmap.v:241$16255_Y
Breaking loop using new signal $abcloop$18469$21: \Trigger.Counter [110] -> $techmap$flatten\Trigger.$add$/home/shreya/HT_detection_GNN/trusthub/AES_unzipped/AES-T1200/AES-T1200/src/TjIn/Trojan_Trigger.v:35$68.$auto$alumacc.cc:548:replace_alu$15550.CO [110]
                                                  \Trigger.Counter [110] -> $auto$rtlil.cc:3488:NotGate$18248
                                                  \Trigger.Counter [110] -> $techmap$techmap$flatten\Trigger.$add$/home/shreya/HT_detection_GNN/trusthub/AES_unzipped/AES-T1200/AES-T1200/src/TjIn/Trojan_Trigger.v:35$68.$auto$alumacc.cc:548:replace_alu$15550.lcu.$and$/home/shreya/oss-cad-suite/lib/../share/yosys/techmap.v:241$16252_Y
                                                  \Trigger.Counter [110] -> $techmap$flatten\Trigger.$add$/home/shreya/HT_detection_GNN/trusthub/AES_unzipped/AES-T1200/AES-T1200/src/TjIn/Trojan_Trigger.v:35$68.$auto$alumacc.cc:548:replace_alu$15550.Y [110]
Breaking loop using new signal $abcloop$18469$22: \Trigger.Counter [106] -> $techmap$flatten\Trigger.$add$/home/shreya/HT_detection_GNN/trusthub/AES_unzipped/AES-T1200/AES-T1200/src/TjIn/Trojan_Trigger.v:35$68.$auto$alumacc.cc:548:replace_alu$15550.Y [106]
                                                  \Trigger.Counter [106] -> $auto$rtlil.cc:3488:NotGate$18256
                                                  \Trigger.Counter [106] -> $techmap$techmap$flatten\Trigger.$add$/home/shreya/HT_detection_GNN/trusthub/AES_unzipped/AES-T1200/AES-T1200/src/TjIn/Trojan_Trigger.v:35$68.$auto$alumacc.cc:548:replace_alu$15550.lcu.$and$/home/shreya/oss-cad-suite/lib/../share/yosys/techmap.v:241$16246_Y
                                                  \Trigger.Counter [106] -> $techmap$flatten\Trigger.$add$/home/shreya/HT_detection_GNN/trusthub/AES_unzipped/AES-T1200/AES-T1200/src/TjIn/Trojan_Trigger.v:35$68.$auto$alumacc.cc:548:replace_alu$15550.CO [106]
Breaking loop using new signal $abcloop$18469$23: \Trigger.Counter [76] -> $techmap$flatten\Trigger.$add$/home/shreya/HT_detection_GNN/trusthub/AES_unzipped/AES-T1200/AES-T1200/src/TjIn/Trojan_Trigger.v:35$68.$auto$alumacc.cc:548:replace_alu$15550.Y [76]
                                                  \Trigger.Counter [76] -> $auto$rtlil.cc:3488:NotGate$18316
                                                  \Trigger.Counter [76] -> $techmap$flatten\Trigger.$add$/home/shreya/HT_detection_GNN/trusthub/AES_unzipped/AES-T1200/AES-T1200/src/TjIn/Trojan_Trigger.v:35$68.$auto$alumacc.cc:548:replace_alu$15550.CO [76]
                                                  \Trigger.Counter [76] -> $techmap$techmap$flatten\Trigger.$add$/home/shreya/HT_detection_GNN/trusthub/AES_unzipped/AES-T1200/AES-T1200/src/TjIn/Trojan_Trigger.v:35$68.$auto$alumacc.cc:548:replace_alu$15550.lcu.$and$/home/shreya/oss-cad-suite/lib/../share/yosys/techmap.v:241$16201_Y
Breaking loop using new signal $abcloop$18469$24: \Trigger.Counter [78] -> $techmap$flatten\Trigger.$add$/home/shreya/HT_detection_GNN/trusthub/AES_unzipped/AES-T1200/AES-T1200/src/TjIn/Trojan_Trigger.v:35$68.$auto$alumacc.cc:548:replace_alu$15550.CO [78]
                                                  \Trigger.Counter [78] -> $auto$rtlil.cc:3488:NotGate$18312
                                                  \Trigger.Counter [78] -> $techmap$flatten\Trigger.$add$/home/shreya/HT_detection_GNN/trusthub/AES_unzipped/AES-T1200/AES-T1200/src/TjIn/Trojan_Trigger.v:35$68.$auto$alumacc.cc:548:replace_alu$15550.Y [78]
                                                  \Trigger.Counter [78] -> $techmap$techmap$flatten\Trigger.$add$/home/shreya/HT_detection_GNN/trusthub/AES_unzipped/AES-T1200/AES-T1200/src/TjIn/Trojan_Trigger.v:35$68.$auto$alumacc.cc:548:replace_alu$15550.lcu.$and$/home/shreya/oss-cad-suite/lib/../share/yosys/techmap.v:241$16204_Y
Breaking loop using new signal $abcloop$18469$25: \Trigger.Counter [52] -> $techmap$flatten\Trigger.$add$/home/shreya/HT_detection_GNN/trusthub/AES_unzipped/AES-T1200/AES-T1200/src/TjIn/Trojan_Trigger.v:35$68.$auto$alumacc.cc:548:replace_alu$15550.Y [52]
                                                  \Trigger.Counter [52] -> $auto$rtlil.cc:3488:NotGate$18364
                                                  \Trigger.Counter [52] -> $techmap$techmap$flatten\Trigger.$add$/home/shreya/HT_detection_GNN/trusthub/AES_unzipped/AES-T1200/AES-T1200/src/TjIn/Trojan_Trigger.v:35$68.$auto$alumacc.cc:548:replace_alu$15550.lcu.$and$/home/shreya/oss-cad-suite/lib/../share/yosys/techmap.v:241$16165_Y
                                                  \Trigger.Counter [52] -> $techmap$flatten\Trigger.$add$/home/shreya/HT_detection_GNN/trusthub/AES_unzipped/AES-T1200/AES-T1200/src/TjIn/Trojan_Trigger.v:35$68.$auto$alumacc.cc:548:replace_alu$15550.CO [52]
Breaking loop using new signal $abcloop$18469$26: \Trigger.Counter [56] -> $techmap$techmap$flatten\Trigger.$add$/home/shreya/HT_detection_GNN/trusthub/AES_unzipped/AES-T1200/AES-T1200/src/TjIn/Trojan_Trigger.v:35$68.$auto$alumacc.cc:548:replace_alu$15550.lcu.$and$/home/shreya/oss-cad-suite/lib/../share/yosys/techmap.v:241$16171_Y
                                                  \Trigger.Counter [56] -> $techmap$flatten\Trigger.$add$/home/shreya/HT_detection_GNN/trusthub/AES_unzipped/AES-T1200/AES-T1200/src/TjIn/Trojan_Trigger.v:35$68.$auto$alumacc.cc:548:replace_alu$15550.Y [56]
                                                  \Trigger.Counter [56] -> $auto$rtlil.cc:3488:NotGate$18356
                                                  \Trigger.Counter [56] -> $techmap$flatten\Trigger.$add$/home/shreya/HT_detection_GNN/trusthub/AES_unzipped/AES-T1200/AES-T1200/src/TjIn/Trojan_Trigger.v:35$68.$auto$alumacc.cc:548:replace_alu$15550.CO [56]
Breaking loop using new signal $abcloop$18469$27: \Trigger.Counter [54] -> $techmap$flatten\Trigger.$add$/home/shreya/HT_detection_GNN/trusthub/AES_unzipped/AES-T1200/AES-T1200/src/TjIn/Trojan_Trigger.v:35$68.$auto$alumacc.cc:548:replace_alu$15550.Y [54]
                                                  \Trigger.Counter [54] -> $techmap$flatten\Trigger.$add$/home/shreya/HT_detection_GNN/trusthub/AES_unzipped/AES-T1200/AES-T1200/src/TjIn/Trojan_Trigger.v:35$68.$auto$alumacc.cc:548:replace_alu$15550.CO [54]
                                                  \Trigger.Counter [54] -> $auto$rtlil.cc:3488:NotGate$18360
                                                  \Trigger.Counter [54] -> $techmap$techmap$flatten\Trigger.$add$/home/shreya/HT_detection_GNN/trusthub/AES_unzipped/AES-T1200/AES-T1200/src/TjIn/Trojan_Trigger.v:35$68.$auto$alumacc.cc:548:replace_alu$15550.lcu.$and$/home/shreya/oss-cad-suite/lib/../share/yosys/techmap.v:241$16168_Y
Breaking loop using new signal $abcloop$18469$28: \Trigger.Counter [46] -> $techmap$flatten\Trigger.$add$/home/shreya/HT_detection_GNN/trusthub/AES_unzipped/AES-T1200/AES-T1200/src/TjIn/Trojan_Trigger.v:35$68.$auto$alumacc.cc:548:replace_alu$15550.Y [46]
                                                  \Trigger.Counter [46] -> $auto$rtlil.cc:3488:NotGate$18376
                                                  \Trigger.Counter [46] -> $techmap$techmap$flatten\Trigger.$add$/home/shreya/HT_detection_GNN/trusthub/AES_unzipped/AES-T1200/AES-T1200/src/TjIn/Trojan_Trigger.v:35$68.$auto$alumacc.cc:548:replace_alu$15550.lcu.$and$/home/shreya/oss-cad-suite/lib/../share/yosys/techmap.v:241$16156_Y
                                                  \Trigger.Counter [46] -> $techmap$flatten\Trigger.$add$/home/shreya/HT_detection_GNN/trusthub/AES_unzipped/AES-T1200/AES-T1200/src/TjIn/Trojan_Trigger.v:35$68.$auto$alumacc.cc:548:replace_alu$15550.CO [46]
Breaking loop using new signal $abcloop$18469$29: \Trigger.Counter [82] -> $techmap$techmap$flatten\Trigger.$add$/home/shreya/HT_detection_GNN/trusthub/AES_unzipped/AES-T1200/AES-T1200/src/TjIn/Trojan_Trigger.v:35$68.$auto$alumacc.cc:548:replace_alu$15550.lcu.$and$/home/shreya/oss-cad-suite/lib/../share/yosys/techmap.v:241$16210_Y
                                                  \Trigger.Counter [82] -> $auto$rtlil.cc:3488:NotGate$18304
                                                  \Trigger.Counter [82] -> $techmap$flatten\Trigger.$add$/home/shreya/HT_detection_GNN/trusthub/AES_unzipped/AES-T1200/AES-T1200/src/TjIn/Trojan_Trigger.v:35$68.$auto$alumacc.cc:548:replace_alu$15550.Y [82]
                                                  \Trigger.Counter [82] -> $techmap$flatten\Trigger.$add$/home/shreya/HT_detection_GNN/trusthub/AES_unzipped/AES-T1200/AES-T1200/src/TjIn/Trojan_Trigger.v:35$68.$auto$alumacc.cc:548:replace_alu$15550.CO [82]
Breaking loop using new signal $abcloop$18469$30: \Trigger.Counter [42] -> $auto$rtlil.cc:3488:NotGate$18384
                                                  \Trigger.Counter [42] -> $techmap$flatten\Trigger.$add$/home/shreya/HT_detection_GNN/trusthub/AES_unzipped/AES-T1200/AES-T1200/src/TjIn/Trojan_Trigger.v:35$68.$auto$alumacc.cc:548:replace_alu$15550.Y [42]
                                                  \Trigger.Counter [42] -> $techmap$techmap$flatten\Trigger.$add$/home/shreya/HT_detection_GNN/trusthub/AES_unzipped/AES-T1200/AES-T1200/src/TjIn/Trojan_Trigger.v:35$68.$auto$alumacc.cc:548:replace_alu$15550.lcu.$and$/home/shreya/oss-cad-suite/lib/../share/yosys/techmap.v:241$16150_Y
                                                  \Trigger.Counter [42] -> $techmap$flatten\Trigger.$add$/home/shreya/HT_detection_GNN/trusthub/AES_unzipped/AES-T1200/AES-T1200/src/TjIn/Trojan_Trigger.v:35$68.$auto$alumacc.cc:548:replace_alu$15550.CO [42]
Breaking loop using new signal $abcloop$18469$31: \Trigger.Counter [40] -> $auto$rtlil.cc:3488:NotGate$18388
                                                  \Trigger.Counter [40] -> $techmap$flatten\Trigger.$add$/home/shreya/HT_detection_GNN/trusthub/AES_unzipped/AES-T1200/AES-T1200/src/TjIn/Trojan_Trigger.v:35$68.$auto$alumacc.cc:548:replace_alu$15550.Y [40]
                                                  \Trigger.Counter [40] -> $techmap$techmap$flatten\Trigger.$add$/home/shreya/HT_detection_GNN/trusthub/AES_unzipped/AES-T1200/AES-T1200/src/TjIn/Trojan_Trigger.v:35$68.$auto$alumacc.cc:548:replace_alu$15550.lcu.$and$/home/shreya/oss-cad-suite/lib/../share/yosys/techmap.v:241$16147_Y
                                                  \Trigger.Counter [40] -> $techmap$flatten\Trigger.$add$/home/shreya/HT_detection_GNN/trusthub/AES_unzipped/AES-T1200/AES-T1200/src/TjIn/Trojan_Trigger.v:35$68.$auto$alumacc.cc:548:replace_alu$15550.CO [40]
Breaking loop using new signal $abcloop$18469$32: \Trigger.Counter [38] -> $auto$rtlil.cc:3488:NotGate$18392
                                                  \Trigger.Counter [38] -> $techmap$techmap$flatten\Trigger.$add$/home/shreya/HT_detection_GNN/trusthub/AES_unzipped/AES-T1200/AES-T1200/src/TjIn/Trojan_Trigger.v:35$68.$auto$alumacc.cc:548:replace_alu$15550.lcu.$and$/home/shreya/oss-cad-suite/lib/../share/yosys/techmap.v:241$16144_Y
                                                  \Trigger.Counter [38] -> $techmap$flatten\Trigger.$add$/home/shreya/HT_detection_GNN/trusthub/AES_unzipped/AES-T1200/AES-T1200/src/TjIn/Trojan_Trigger.v:35$68.$auto$alumacc.cc:548:replace_alu$15550.Y [38]
                                                  \Trigger.Counter [38] -> $techmap$flatten\Trigger.$add$/home/shreya/HT_detection_GNN/trusthub/AES_unzipped/AES-T1200/AES-T1200/src/TjIn/Trojan_Trigger.v:35$68.$auto$alumacc.cc:548:replace_alu$15550.CO [38]
Breaking loop using new signal $abcloop$18469$33: \Trigger.Counter [124] -> $techmap$techmap$flatten\Trigger.$add$/home/shreya/HT_detection_GNN/trusthub/AES_unzipped/AES-T1200/AES-T1200/src/TjIn/Trojan_Trigger.v:35$68.$auto$alumacc.cc:548:replace_alu$15550.lcu.$and$/home/shreya/oss-cad-suite/lib/../share/yosys/techmap.v:241$16273_Y
                                                  \Trigger.Counter [124] -> $auto$rtlil.cc:3488:NotGate$18220
                                                  \Trigger.Counter [124] -> $techmap$flatten\Trigger.$add$/home/shreya/HT_detection_GNN/trusthub/AES_unzipped/AES-T1200/AES-T1200/src/TjIn/Trojan_Trigger.v:35$68.$auto$alumacc.cc:548:replace_alu$15550.Y [124]
                                                  \Trigger.Counter [124] -> $techmap$flatten\Trigger.$add$/home/shreya/HT_detection_GNN/trusthub/AES_unzipped/AES-T1200/AES-T1200/src/TjIn/Trojan_Trigger.v:35$68.$auto$alumacc.cc:548:replace_alu$15550.CO [124]
Breaking loop using new signal $abcloop$18469$34: \Trigger.Counter [36] -> $techmap$techmap$flatten\Trigger.$add$/home/shreya/HT_detection_GNN/trusthub/AES_unzipped/AES-T1200/AES-T1200/src/TjIn/Trojan_Trigger.v:35$68.$auto$alumacc.cc:548:replace_alu$15550.lcu.$and$/home/shreya/oss-cad-suite/lib/../share/yosys/techmap.v:241$16141_Y
                                                  \Trigger.Counter [36] -> $auto$rtlil.cc:3488:NotGate$18396
                                                  \Trigger.Counter [36] -> $techmap$flatten\Trigger.$add$/home/shreya/HT_detection_GNN/trusthub/AES_unzipped/AES-T1200/AES-T1200/src/TjIn/Trojan_Trigger.v:35$68.$auto$alumacc.cc:548:replace_alu$15550.Y [36]
                                                  \Trigger.Counter [36] -> $techmap$flatten\Trigger.$add$/home/shreya/HT_detection_GNN/trusthub/AES_unzipped/AES-T1200/AES-T1200/src/TjIn/Trojan_Trigger.v:35$68.$auto$alumacc.cc:548:replace_alu$15550.CO [36]
Breaking loop using new signal $abcloop$18469$35: \Trigger.Counter [62] -> $auto$rtlil.cc:3488:NotGate$18344
                                                  \Trigger.Counter [62] -> $techmap$techmap$flatten\Trigger.$add$/home/shreya/HT_detection_GNN/trusthub/AES_unzipped/AES-T1200/AES-T1200/src/TjIn/Trojan_Trigger.v:35$68.$auto$alumacc.cc:548:replace_alu$15550.lcu.$and$/home/shreya/oss-cad-suite/lib/../share/yosys/techmap.v:241$16180_Y
                                                  \Trigger.Counter [62] -> $techmap$flatten\Trigger.$add$/home/shreya/HT_detection_GNN/trusthub/AES_unzipped/AES-T1200/AES-T1200/src/TjIn/Trojan_Trigger.v:35$68.$auto$alumacc.cc:548:replace_alu$15550.CO [62]
                                                  \Trigger.Counter [62] -> $techmap$flatten\Trigger.$add$/home/shreya/HT_detection_GNN/trusthub/AES_unzipped/AES-T1200/AES-T1200/src/TjIn/Trojan_Trigger.v:35$68.$auto$alumacc.cc:548:replace_alu$15550.Y [62]
Breaking loop using new signal $abcloop$18469$36: \Trigger.Counter [88] -> $auto$rtlil.cc:3488:NotGate$18292
                                                  \Trigger.Counter [88] -> $techmap$techmap$flatten\Trigger.$add$/home/shreya/HT_detection_GNN/trusthub/AES_unzipped/AES-T1200/AES-T1200/src/TjIn/Trojan_Trigger.v:35$68.$auto$alumacc.cc:548:replace_alu$15550.lcu.$and$/home/shreya/oss-cad-suite/lib/../share/yosys/techmap.v:241$16219_Y
                                                  \Trigger.Counter [88] -> $techmap$flatten\Trigger.$add$/home/shreya/HT_detection_GNN/trusthub/AES_unzipped/AES-T1200/AES-T1200/src/TjIn/Trojan_Trigger.v:35$68.$auto$alumacc.cc:548:replace_alu$15550.CO [88]
                                                  \Trigger.Counter [88] -> $techmap$flatten\Trigger.$add$/home/shreya/HT_detection_GNN/trusthub/AES_unzipped/AES-T1200/AES-T1200/src/TjIn/Trojan_Trigger.v:35$68.$auto$alumacc.cc:548:replace_alu$15550.Y [88]
Breaking loop using new signal $abcloop$18469$37: \Trigger.Counter [34] -> $techmap$flatten\Trigger.$add$/home/shreya/HT_detection_GNN/trusthub/AES_unzipped/AES-T1200/AES-T1200/src/TjIn/Trojan_Trigger.v:35$68.$auto$alumacc.cc:548:replace_alu$15550.Y [34]
                                                  \Trigger.Counter [34] -> $auto$rtlil.cc:3488:NotGate$18400
                                                  \Trigger.Counter [34] -> $techmap$techmap$flatten\Trigger.$add$/home/shreya/HT_detection_GNN/trusthub/AES_unzipped/AES-T1200/AES-T1200/src/TjIn/Trojan_Trigger.v:35$68.$auto$alumacc.cc:548:replace_alu$15550.lcu.$and$/home/shreya/oss-cad-suite/lib/../share/yosys/techmap.v:241$16138_Y
                                                  \Trigger.Counter [34] -> $techmap$flatten\Trigger.$add$/home/shreya/HT_detection_GNN/trusthub/AES_unzipped/AES-T1200/AES-T1200/src/TjIn/Trojan_Trigger.v:35$68.$auto$alumacc.cc:548:replace_alu$15550.CO [34]
Breaking loop using new signal $abcloop$18469$38: \Trigger.Counter [96] -> $techmap$techmap$flatten\Trigger.$add$/home/shreya/HT_detection_GNN/trusthub/AES_unzipped/AES-T1200/AES-T1200/src/TjIn/Trojan_Trigger.v:35$68.$auto$alumacc.cc:548:replace_alu$15550.lcu.$and$/home/shreya/oss-cad-suite/lib/../share/yosys/techmap.v:241$16231_Y
                                                  \Trigger.Counter [96] -> $auto$rtlil.cc:3488:NotGate$18276
                                                  \Trigger.Counter [96] -> $techmap$flatten\Trigger.$add$/home/shreya/HT_detection_GNN/trusthub/AES_unzipped/AES-T1200/AES-T1200/src/TjIn/Trojan_Trigger.v:35$68.$auto$alumacc.cc:548:replace_alu$15550.Y [96]
                                                  \Trigger.Counter [96] -> $techmap$flatten\Trigger.$add$/home/shreya/HT_detection_GNN/trusthub/AES_unzipped/AES-T1200/AES-T1200/src/TjIn/Trojan_Trigger.v:35$68.$auto$alumacc.cc:548:replace_alu$15550.CO [96]
Breaking loop using new signal $abcloop$18469$39: \Trigger.Counter [32] -> $auto$rtlil.cc:3488:NotGate$18404
                                                  \Trigger.Counter [32] -> $techmap$flatten\Trigger.$add$/home/shreya/HT_detection_GNN/trusthub/AES_unzipped/AES-T1200/AES-T1200/src/TjIn/Trojan_Trigger.v:35$68.$auto$alumacc.cc:548:replace_alu$15550.Y [32]
                                                  \Trigger.Counter [32] -> $techmap$techmap$flatten\Trigger.$add$/home/shreya/HT_detection_GNN/trusthub/AES_unzipped/AES-T1200/AES-T1200/src/TjIn/Trojan_Trigger.v:35$68.$auto$alumacc.cc:548:replace_alu$15550.lcu.$and$/home/shreya/oss-cad-suite/lib/../share/yosys/techmap.v:241$16135_Y
                                                  \Trigger.Counter [32] -> $techmap$flatten\Trigger.$add$/home/shreya/HT_detection_GNN/trusthub/AES_unzipped/AES-T1200/AES-T1200/src/TjIn/Trojan_Trigger.v:35$68.$auto$alumacc.cc:548:replace_alu$15550.CO [32]
Breaking loop using new signal $abcloop$18469$40: \Trigger.Counter [98] -> $auto$rtlil.cc:3488:NotGate$18272
                                                  \Trigger.Counter [98] -> $techmap$flatten\Trigger.$add$/home/shreya/HT_detection_GNN/trusthub/AES_unzipped/AES-T1200/AES-T1200/src/TjIn/Trojan_Trigger.v:35$68.$auto$alumacc.cc:548:replace_alu$15550.Y [98]
                                                  \Trigger.Counter [98] -> $techmap$flatten\Trigger.$add$/home/shreya/HT_detection_GNN/trusthub/AES_unzipped/AES-T1200/AES-T1200/src/TjIn/Trojan_Trigger.v:35$68.$auto$alumacc.cc:548:replace_alu$15550.CO [98]
                                                  \Trigger.Counter [98] -> $techmap$techmap$flatten\Trigger.$add$/home/shreya/HT_detection_GNN/trusthub/AES_unzipped/AES-T1200/AES-T1200/src/TjIn/Trojan_Trigger.v:35$68.$auto$alumacc.cc:548:replace_alu$15550.lcu.$and$/home/shreya/oss-cad-suite/lib/../share/yosys/techmap.v:241$16234_Y
Breaking loop using new signal $abcloop$18469$41: \Trigger.Counter [30] -> $techmap$techmap$flatten\Trigger.$add$/home/shreya/HT_detection_GNN/trusthub/AES_unzipped/AES-T1200/AES-T1200/src/TjIn/Trojan_Trigger.v:35$68.$auto$alumacc.cc:548:replace_alu$15550.lcu.$and$/home/shreya/oss-cad-suite/lib/../share/yosys/techmap.v:241$16132_Y
                                                  \Trigger.Counter [30] -> $auto$rtlil.cc:3488:NotGate$18408
                                                  \Trigger.Counter [30] -> $techmap$flatten\Trigger.$add$/home/shreya/HT_detection_GNN/trusthub/AES_unzipped/AES-T1200/AES-T1200/src/TjIn/Trojan_Trigger.v:35$68.$auto$alumacc.cc:548:replace_alu$15550.Y [30]
                                                  \Trigger.Counter [30] -> $techmap$flatten\Trigger.$add$/home/shreya/HT_detection_GNN/trusthub/AES_unzipped/AES-T1200/AES-T1200/src/TjIn/Trojan_Trigger.v:35$68.$auto$alumacc.cc:548:replace_alu$15550.CO [30]
Breaking loop using new signal $abcloop$18469$42: \Trigger.Counter [28] -> $auto$rtlil.cc:3488:NotGate$18412
                                                  \Trigger.Counter [28] -> $techmap$techmap$flatten\Trigger.$add$/home/shreya/HT_detection_GNN/trusthub/AES_unzipped/AES-T1200/AES-T1200/src/TjIn/Trojan_Trigger.v:35$68.$auto$alumacc.cc:548:replace_alu$15550.lcu.$and$/home/shreya/oss-cad-suite/lib/../share/yosys/techmap.v:241$16129_Y
                                                  \Trigger.Counter [28] -> $techmap$flatten\Trigger.$add$/home/shreya/HT_detection_GNN/trusthub/AES_unzipped/AES-T1200/AES-T1200/src/TjIn/Trojan_Trigger.v:35$68.$auto$alumacc.cc:548:replace_alu$15550.Y [28]
                                                  \Trigger.Counter [28] -> $techmap$flatten\Trigger.$add$/home/shreya/HT_detection_GNN/trusthub/AES_unzipped/AES-T1200/AES-T1200/src/TjIn/Trojan_Trigger.v:35$68.$auto$alumacc.cc:548:replace_alu$15550.CO [28]
Breaking loop using new signal $abcloop$18469$43: \Trigger.Counter [94] -> $auto$rtlil.cc:3488:NotGate$18280
                                                  \Trigger.Counter [94] -> $techmap$flatten\Trigger.$add$/home/shreya/HT_detection_GNN/trusthub/AES_unzipped/AES-T1200/AES-T1200/src/TjIn/Trojan_Trigger.v:35$68.$auto$alumacc.cc:548:replace_alu$15550.Y [94]
                                                  \Trigger.Counter [94] -> $techmap$techmap$flatten\Trigger.$add$/home/shreya/HT_detection_GNN/trusthub/AES_unzipped/AES-T1200/AES-T1200/src/TjIn/Trojan_Trigger.v:35$68.$auto$alumacc.cc:548:replace_alu$15550.lcu.$and$/home/shreya/oss-cad-suite/lib/../share/yosys/techmap.v:241$16228_Y
                                                  \Trigger.Counter [94] -> $techmap$flatten\Trigger.$add$/home/shreya/HT_detection_GNN/trusthub/AES_unzipped/AES-T1200/AES-T1200/src/TjIn/Trojan_Trigger.v:35$68.$auto$alumacc.cc:548:replace_alu$15550.CO [94]
Breaking loop using new signal $abcloop$18469$44: \Trigger.Counter [48] -> $auto$rtlil.cc:3488:NotGate$18372
                                                  \Trigger.Counter [48] -> $techmap$flatten\Trigger.$add$/home/shreya/HT_detection_GNN/trusthub/AES_unzipped/AES-T1200/AES-T1200/src/TjIn/Trojan_Trigger.v:35$68.$auto$alumacc.cc:548:replace_alu$15550.Y [48]
                                                  \Trigger.Counter [48] -> $techmap$flatten\Trigger.$add$/home/shreya/HT_detection_GNN/trusthub/AES_unzipped/AES-T1200/AES-T1200/src/TjIn/Trojan_Trigger.v:35$68.$auto$alumacc.cc:548:replace_alu$15550.CO [48]
                                                  \Trigger.Counter [48] -> $techmap$techmap$flatten\Trigger.$add$/home/shreya/HT_detection_GNN/trusthub/AES_unzipped/AES-T1200/AES-T1200/src/TjIn/Trojan_Trigger.v:35$68.$auto$alumacc.cc:548:replace_alu$15550.lcu.$and$/home/shreya/oss-cad-suite/lib/../share/yosys/techmap.v:241$16159_Y
Breaking loop using new signal $abcloop$18469$45: \Trigger.Counter [50] -> $techmap$flatten\Trigger.$add$/home/shreya/HT_detection_GNN/trusthub/AES_unzipped/AES-T1200/AES-T1200/src/TjIn/Trojan_Trigger.v:35$68.$auto$alumacc.cc:548:replace_alu$15550.Y [50]
                                                  \Trigger.Counter [50] -> $auto$rtlil.cc:3488:NotGate$18368
                                                  \Trigger.Counter [50] -> $techmap$flatten\Trigger.$add$/home/shreya/HT_detection_GNN/trusthub/AES_unzipped/AES-T1200/AES-T1200/src/TjIn/Trojan_Trigger.v:35$68.$auto$alumacc.cc:548:replace_alu$15550.CO [50]
                                                  \Trigger.Counter [50] -> $techmap$techmap$flatten\Trigger.$add$/home/shreya/HT_detection_GNN/trusthub/AES_unzipped/AES-T1200/AES-T1200/src/TjIn/Trojan_Trigger.v:35$68.$auto$alumacc.cc:548:replace_alu$15550.lcu.$and$/home/shreya/oss-cad-suite/lib/../share/yosys/techmap.v:241$16162_Y
Breaking loop using new signal $abcloop$18469$46: \Trigger.Counter [116] -> $techmap$techmap$flatten\Trigger.$add$/home/shreya/HT_detection_GNN/trusthub/AES_unzipped/AES-T1200/AES-T1200/src/TjIn/Trojan_Trigger.v:35$68.$auto$alumacc.cc:548:replace_alu$15550.lcu.$and$/home/shreya/oss-cad-suite/lib/../share/yosys/techmap.v:241$16261_Y
                                                  \Trigger.Counter [116] -> $auto$rtlil.cc:3488:NotGate$18236
                                                  \Trigger.Counter [116] -> $techmap$flatten\Trigger.$add$/home/shreya/HT_detection_GNN/trusthub/AES_unzipped/AES-T1200/AES-T1200/src/TjIn/Trojan_Trigger.v:35$68.$auto$alumacc.cc:548:replace_alu$15550.Y [116]
                                                  \Trigger.Counter [116] -> $techmap$flatten\Trigger.$add$/home/shreya/HT_detection_GNN/trusthub/AES_unzipped/AES-T1200/AES-T1200/src/TjIn/Trojan_Trigger.v:35$68.$auto$alumacc.cc:548:replace_alu$15550.CO [116]
Breaking loop using new signal $abcloop$18469$47: \Trigger.Counter [72] -> $auto$rtlil.cc:3488:NotGate$18324
                                                  \Trigger.Counter [72] -> $techmap$flatten\Trigger.$add$/home/shreya/HT_detection_GNN/trusthub/AES_unzipped/AES-T1200/AES-T1200/src/TjIn/Trojan_Trigger.v:35$68.$auto$alumacc.cc:548:replace_alu$15550.Y [72]
                                                  \Trigger.Counter [72] -> $techmap$flatten\Trigger.$add$/home/shreya/HT_detection_GNN/trusthub/AES_unzipped/AES-T1200/AES-T1200/src/TjIn/Trojan_Trigger.v:35$68.$auto$alumacc.cc:548:replace_alu$15550.CO [72]
                                                  \Trigger.Counter [72] -> $techmap$techmap$flatten\Trigger.$add$/home/shreya/HT_detection_GNN/trusthub/AES_unzipped/AES-T1200/AES-T1200/src/TjIn/Trojan_Trigger.v:35$68.$auto$alumacc.cc:548:replace_alu$15550.lcu.$and$/home/shreya/oss-cad-suite/lib/../share/yosys/techmap.v:241$16195_Y
Breaking loop using new signal $abcloop$18469$48: \Trigger.Counter [74] -> $techmap$flatten\Trigger.$add$/home/shreya/HT_detection_GNN/trusthub/AES_unzipped/AES-T1200/AES-T1200/src/TjIn/Trojan_Trigger.v:35$68.$auto$alumacc.cc:548:replace_alu$15550.Y [74]
                                                  \Trigger.Counter [74] -> $auto$rtlil.cc:3488:NotGate$18320
                                                  \Trigger.Counter [74] -> $techmap$flatten\Trigger.$add$/home/shreya/HT_detection_GNN/trusthub/AES_unzipped/AES-T1200/AES-T1200/src/TjIn/Trojan_Trigger.v:35$68.$auto$alumacc.cc:548:replace_alu$15550.CO [74]
                                                  \Trigger.Counter [74] -> $techmap$techmap$flatten\Trigger.$add$/home/shreya/HT_detection_GNN/trusthub/AES_unzipped/AES-T1200/AES-T1200/src/TjIn/Trojan_Trigger.v:35$68.$auto$alumacc.cc:548:replace_alu$15550.lcu.$and$/home/shreya/oss-cad-suite/lib/../share/yosys/techmap.v:241$16198_Y
Breaking loop using new signal $abcloop$18469$49: \Trigger.Counter [24] -> $techmap$flatten\Trigger.$add$/home/shreya/HT_detection_GNN/trusthub/AES_unzipped/AES-T1200/AES-T1200/src/TjIn/Trojan_Trigger.v:35$68.$auto$alumacc.cc:548:replace_alu$15550.Y [24]
                                                  \Trigger.Counter [24] -> $auto$rtlil.cc:3488:NotGate$18420
                                                  \Trigger.Counter [24] -> $techmap$techmap$flatten\Trigger.$add$/home/shreya/HT_detection_GNN/trusthub/AES_unzipped/AES-T1200/AES-T1200/src/TjIn/Trojan_Trigger.v:35$68.$auto$alumacc.cc:548:replace_alu$15550.lcu.$and$/home/shreya/oss-cad-suite/lib/../share/yosys/techmap.v:241$16123_Y
                                                  \Trigger.Counter [24] -> $techmap$flatten\Trigger.$add$/home/shreya/HT_detection_GNN/trusthub/AES_unzipped/AES-T1200/AES-T1200/src/TjIn/Trojan_Trigger.v:35$68.$auto$alumacc.cc:548:replace_alu$15550.CO [24]
Breaking loop using new signal $abcloop$18469$50: \Trigger.Counter [44] -> $auto$rtlil.cc:3488:NotGate$18380
                                                  \Trigger.Counter [44] -> $techmap$flatten\Trigger.$add$/home/shreya/HT_detection_GNN/trusthub/AES_unzipped/AES-T1200/AES-T1200/src/TjIn/Trojan_Trigger.v:35$68.$auto$alumacc.cc:548:replace_alu$15550.CO [44]
                                                  \Trigger.Counter [44] -> $techmap$techmap$flatten\Trigger.$add$/home/shreya/HT_detection_GNN/trusthub/AES_unzipped/AES-T1200/AES-T1200/src/TjIn/Trojan_Trigger.v:35$68.$auto$alumacc.cc:548:replace_alu$15550.lcu.$and$/home/shreya/oss-cad-suite/lib/../share/yosys/techmap.v:241$16153_Y
                                                  \Trigger.Counter [44] -> $techmap$flatten\Trigger.$add$/home/shreya/HT_detection_GNN/trusthub/AES_unzipped/AES-T1200/AES-T1200/src/TjIn/Trojan_Trigger.v:35$68.$auto$alumacc.cc:548:replace_alu$15550.Y [44]
Breaking loop using new signal $abcloop$18469$51: \Trigger.Counter [22] -> $auto$rtlil.cc:3488:NotGate$18424
                                                  \Trigger.Counter [22] -> $techmap$flatten\Trigger.$add$/home/shreya/HT_detection_GNN/trusthub/AES_unzipped/AES-T1200/AES-T1200/src/TjIn/Trojan_Trigger.v:35$68.$auto$alumacc.cc:548:replace_alu$15550.Y [22]
                                                  \Trigger.Counter [22] -> $techmap$techmap$flatten\Trigger.$add$/home/shreya/HT_detection_GNN/trusthub/AES_unzipped/AES-T1200/AES-T1200/src/TjIn/Trojan_Trigger.v:35$68.$auto$alumacc.cc:548:replace_alu$15550.lcu.$and$/home/shreya/oss-cad-suite/lib/../share/yosys/techmap.v:241$16120_Y
                                                  \Trigger.Counter [22] -> $techmap$flatten\Trigger.$add$/home/shreya/HT_detection_GNN/trusthub/AES_unzipped/AES-T1200/AES-T1200/src/TjIn/Trojan_Trigger.v:35$68.$auto$alumacc.cc:548:replace_alu$15550.CO [22]
Breaking loop using new signal $abcloop$18469$52: \Trigger.Counter [92] -> $techmap$techmap$flatten\Trigger.$add$/home/shreya/HT_detection_GNN/trusthub/AES_unzipped/AES-T1200/AES-T1200/src/TjIn/Trojan_Trigger.v:35$68.$auto$alumacc.cc:548:replace_alu$15550.lcu.$and$/home/shreya/oss-cad-suite/lib/../share/yosys/techmap.v:241$16225_Y
                                                  \Trigger.Counter [92] -> $techmap$flatten\Trigger.$add$/home/shreya/HT_detection_GNN/trusthub/AES_unzipped/AES-T1200/AES-T1200/src/TjIn/Trojan_Trigger.v:35$68.$auto$alumacc.cc:548:replace_alu$15550.Y [92]
                                                  \Trigger.Counter [92] -> $auto$rtlil.cc:3488:NotGate$18284
                                                  \Trigger.Counter [92] -> $techmap$flatten\Trigger.$add$/home/shreya/HT_detection_GNN/trusthub/AES_unzipped/AES-T1200/AES-T1200/src/TjIn/Trojan_Trigger.v:35$68.$auto$alumacc.cc:548:replace_alu$15550.CO [92]
Breaking loop using new signal $abcloop$18469$53: \Trigger.Counter [114] -> $auto$rtlil.cc:3488:NotGate$18240
                                                  \Trigger.Counter [114] -> $techmap$flatten\Trigger.$add$/home/shreya/HT_detection_GNN/trusthub/AES_unzipped/AES-T1200/AES-T1200/src/TjIn/Trojan_Trigger.v:35$68.$auto$alumacc.cc:548:replace_alu$15550.Y [114]
                                                  \Trigger.Counter [114] -> $techmap$techmap$flatten\Trigger.$add$/home/shreya/HT_detection_GNN/trusthub/AES_unzipped/AES-T1200/AES-T1200/src/TjIn/Trojan_Trigger.v:35$68.$auto$alumacc.cc:548:replace_alu$15550.lcu.$and$/home/shreya/oss-cad-suite/lib/../share/yosys/techmap.v:241$16258_Y
                                                  \Trigger.Counter [114] -> $techmap$flatten\Trigger.$add$/home/shreya/HT_detection_GNN/trusthub/AES_unzipped/AES-T1200/AES-T1200/src/TjIn/Trojan_Trigger.v:35$68.$auto$alumacc.cc:548:replace_alu$15550.CO [114]
Breaking loop using new signal $abcloop$18469$54: \Trigger.Counter [20] -> $techmap$flatten\Trigger.$add$/home/shreya/HT_detection_GNN/trusthub/AES_unzipped/AES-T1200/AES-T1200/src/TjIn/Trojan_Trigger.v:35$68.$auto$alumacc.cc:548:replace_alu$15550.Y [20]
                                                  \Trigger.Counter [20] -> $auto$rtlil.cc:3488:NotGate$18428
                                                  \Trigger.Counter [20] -> $techmap$techmap$flatten\Trigger.$add$/home/shreya/HT_detection_GNN/trusthub/AES_unzipped/AES-T1200/AES-T1200/src/TjIn/Trojan_Trigger.v:35$68.$auto$alumacc.cc:548:replace_alu$15550.lcu.$and$/home/shreya/oss-cad-suite/lib/../share/yosys/techmap.v:241$16117_Y
                                                  \Trigger.Counter [20] -> $techmap$flatten\Trigger.$add$/home/shreya/HT_detection_GNN/trusthub/AES_unzipped/AES-T1200/AES-T1200/src/TjIn/Trojan_Trigger.v:35$68.$auto$alumacc.cc:548:replace_alu$15550.CO [20]
Breaking loop using new signal $abcloop$18469$55: \Trigger.Counter [18] -> $auto$rtlil.cc:3488:NotGate$18432
                                                  \Trigger.Counter [18] -> $techmap$flatten\Trigger.$add$/home/shreya/HT_detection_GNN/trusthub/AES_unzipped/AES-T1200/AES-T1200/src/TjIn/Trojan_Trigger.v:35$68.$auto$alumacc.cc:548:replace_alu$15550.Y [18]
                                                  \Trigger.Counter [18] -> $techmap$techmap$flatten\Trigger.$add$/home/shreya/HT_detection_GNN/trusthub/AES_unzipped/AES-T1200/AES-T1200/src/TjIn/Trojan_Trigger.v:35$68.$auto$alumacc.cc:548:replace_alu$15550.lcu.$and$/home/shreya/oss-cad-suite/lib/../share/yosys/techmap.v:241$16114_Y
                                                  \Trigger.Counter [18] -> $techmap$flatten\Trigger.$add$/home/shreya/HT_detection_GNN/trusthub/AES_unzipped/AES-T1200/AES-T1200/src/TjIn/Trojan_Trigger.v:35$68.$auto$alumacc.cc:548:replace_alu$15550.CO [18]
Breaking loop using new signal $abcloop$18469$56: \Trigger.Counter [104] -> $techmap$flatten\Trigger.$add$/home/shreya/HT_detection_GNN/trusthub/AES_unzipped/AES-T1200/AES-T1200/src/TjIn/Trojan_Trigger.v:35$68.$auto$alumacc.cc:548:replace_alu$15550.Y [104]
                                                  \Trigger.Counter [104] -> $auto$rtlil.cc:3488:NotGate$18260
                                                  \Trigger.Counter [104] -> $techmap$flatten\Trigger.$add$/home/shreya/HT_detection_GNN/trusthub/AES_unzipped/AES-T1200/AES-T1200/src/TjIn/Trojan_Trigger.v:35$68.$auto$alumacc.cc:548:replace_alu$15550.CO [104]
                                                  \Trigger.Counter [104] -> $techmap$techmap$flatten\Trigger.$add$/home/shreya/HT_detection_GNN/trusthub/AES_unzipped/AES-T1200/AES-T1200/src/TjIn/Trojan_Trigger.v:35$68.$auto$alumacc.cc:548:replace_alu$15550.lcu.$and$/home/shreya/oss-cad-suite/lib/../share/yosys/techmap.v:241$16243_Y
Breaking loop using new signal $abcloop$18469$57: \Trigger.Counter [16] -> $auto$rtlil.cc:3488:NotGate$18436
                                                  \Trigger.Counter [16] -> $techmap$flatten\Trigger.$add$/home/shreya/HT_detection_GNN/trusthub/AES_unzipped/AES-T1200/AES-T1200/src/TjIn/Trojan_Trigger.v:35$68.$auto$alumacc.cc:548:replace_alu$15550.Y [16]
                                                  \Trigger.Counter [16] -> $techmap$techmap$flatten\Trigger.$add$/home/shreya/HT_detection_GNN/trusthub/AES_unzipped/AES-T1200/AES-T1200/src/TjIn/Trojan_Trigger.v:35$68.$auto$alumacc.cc:548:replace_alu$15550.lcu.$and$/home/shreya/oss-cad-suite/lib/../share/yosys/techmap.v:241$16111_Y
                                                  \Trigger.Counter [16] -> $techmap$flatten\Trigger.$add$/home/shreya/HT_detection_GNN/trusthub/AES_unzipped/AES-T1200/AES-T1200/src/TjIn/Trojan_Trigger.v:35$68.$auto$alumacc.cc:548:replace_alu$15550.CO [16]
Breaking loop using new signal $abcloop$18469$58: \Trigger.Counter [90] -> $auto$rtlil.cc:3488:NotGate$18288
                                                  \Trigger.Counter [90] -> $techmap$flatten\Trigger.$add$/home/shreya/HT_detection_GNN/trusthub/AES_unzipped/AES-T1200/AES-T1200/src/TjIn/Trojan_Trigger.v:35$68.$auto$alumacc.cc:548:replace_alu$15550.Y [90]
                                                  \Trigger.Counter [90] -> $techmap$techmap$flatten\Trigger.$add$/home/shreya/HT_detection_GNN/trusthub/AES_unzipped/AES-T1200/AES-T1200/src/TjIn/Trojan_Trigger.v:35$68.$auto$alumacc.cc:548:replace_alu$15550.lcu.$and$/home/shreya/oss-cad-suite/lib/../share/yosys/techmap.v:241$16222_Y
                                                  \Trigger.Counter [90] -> $techmap$flatten\Trigger.$add$/home/shreya/HT_detection_GNN/trusthub/AES_unzipped/AES-T1200/AES-T1200/src/TjIn/Trojan_Trigger.v:35$68.$auto$alumacc.cc:548:replace_alu$15550.CO [90]
Breaking loop using new signal $abcloop$18469$59: \Trigger.Counter [118] -> $techmap$flatten\Trigger.$add$/home/shreya/HT_detection_GNN/trusthub/AES_unzipped/AES-T1200/AES-T1200/src/TjIn/Trojan_Trigger.v:35$68.$auto$alumacc.cc:548:replace_alu$15550.Y [118]
                                                  \Trigger.Counter [118] -> $auto$rtlil.cc:3488:NotGate$18232
                                                  \Trigger.Counter [118] -> $techmap$flatten\Trigger.$add$/home/shreya/HT_detection_GNN/trusthub/AES_unzipped/AES-T1200/AES-T1200/src/TjIn/Trojan_Trigger.v:35$68.$auto$alumacc.cc:548:replace_alu$15550.CO [118]
                                                  \Trigger.Counter [118] -> $techmap$techmap$flatten\Trigger.$add$/home/shreya/HT_detection_GNN/trusthub/AES_unzipped/AES-T1200/AES-T1200/src/TjIn/Trojan_Trigger.v:35$68.$auto$alumacc.cc:548:replace_alu$15550.lcu.$and$/home/shreya/oss-cad-suite/lib/../share/yosys/techmap.v:241$16264_Y
Breaking loop using new signal $abcloop$18469$60: \Trigger.Counter [14] -> $techmap$flatten\Trigger.$add$/home/shreya/HT_detection_GNN/trusthub/AES_unzipped/AES-T1200/AES-T1200/src/TjIn/Trojan_Trigger.v:35$68.$auto$alumacc.cc:548:replace_alu$15550.Y [14]
                                                  \Trigger.Counter [14] -> $techmap$techmap$flatten\Trigger.$add$/home/shreya/HT_detection_GNN/trusthub/AES_unzipped/AES-T1200/AES-T1200/src/TjIn/Trojan_Trigger.v:35$68.$auto$alumacc.cc:548:replace_alu$15550.lcu.$and$/home/shreya/oss-cad-suite/lib/../share/yosys/techmap.v:241$16108_Y
                                                  \Trigger.Counter [14] -> $auto$rtlil.cc:3488:NotGate$18440
                                                  \Trigger.Counter [14] -> $techmap$flatten\Trigger.$add$/home/shreya/HT_detection_GNN/trusthub/AES_unzipped/AES-T1200/AES-T1200/src/TjIn/Trojan_Trigger.v:35$68.$auto$alumacc.cc:548:replace_alu$15550.CO [14]
Breaking loop using new signal $abcloop$18469$61: \Trigger.Counter [26] -> $auto$rtlil.cc:3488:NotGate$18416
                                                  \Trigger.Counter [26] -> $techmap$flatten\Trigger.$add$/home/shreya/HT_detection_GNN/trusthub/AES_unzipped/AES-T1200/AES-T1200/src/TjIn/Trojan_Trigger.v:35$68.$auto$alumacc.cc:548:replace_alu$15550.Y [26]
                                                  \Trigger.Counter [26] -> $techmap$techmap$flatten\Trigger.$add$/home/shreya/HT_detection_GNN/trusthub/AES_unzipped/AES-T1200/AES-T1200/src/TjIn/Trojan_Trigger.v:35$68.$auto$alumacc.cc:548:replace_alu$15550.lcu.$and$/home/shreya/oss-cad-suite/lib/../share/yosys/techmap.v:241$16126_Y
                                                  \Trigger.Counter [26] -> $techmap$flatten\Trigger.$add$/home/shreya/HT_detection_GNN/trusthub/AES_unzipped/AES-T1200/AES-T1200/src/TjIn/Trojan_Trigger.v:35$68.$auto$alumacc.cc:548:replace_alu$15550.CO [26]
Breaking loop using new signal $abcloop$18469$62: \Trigger.Counter [12] -> $auto$rtlil.cc:3488:NotGate$18444
                                                  \Trigger.Counter [12] -> $techmap$techmap$flatten\Trigger.$add$/home/shreya/HT_detection_GNN/trusthub/AES_unzipped/AES-T1200/AES-T1200/src/TjIn/Trojan_Trigger.v:35$68.$auto$alumacc.cc:548:replace_alu$15550.lcu.$and$/home/shreya/oss-cad-suite/lib/../share/yosys/techmap.v:241$16105_Y
                                                  \Trigger.Counter [12] -> $techmap$flatten\Trigger.$add$/home/shreya/HT_detection_GNN/trusthub/AES_unzipped/AES-T1200/AES-T1200/src/TjIn/Trojan_Trigger.v:35$68.$auto$alumacc.cc:548:replace_alu$15550.Y [12]
                                                  \Trigger.Counter [12] -> $techmap$flatten\Trigger.$add$/home/shreya/HT_detection_GNN/trusthub/AES_unzipped/AES-T1200/AES-T1200/src/TjIn/Trojan_Trigger.v:35$68.$auto$alumacc.cc:548:replace_alu$15550.CO [12]
Breaking loop using new signal $abcloop$18469$63: \Trigger.Counter [15] -> $techmap$flatten\Trigger.$add$/home/shreya/HT_detection_GNN/trusthub/AES_unzipped/AES-T1200/AES-T1200/src/TjIn/Trojan_Trigger.v:35$68.$auto$alumacc.cc:548:replace_alu$15550.Y [15]
                                                  \Trigger.Counter [15] -> $techmap$techmap$flatten\Trigger.$add$/home/shreya/HT_detection_GNN/trusthub/AES_unzipped/AES-T1200/AES-T1200/src/TjIn/Trojan_Trigger.v:35$68.$auto$alumacc.cc:548:replace_alu$15550.lcu.$and$/home/shreya/oss-cad-suite/lib/../share/yosys/techmap.v:241$16108_Y
                                                  \Trigger.Counter [15] -> $auto$rtlil.cc:3488:NotGate$18438
Breaking loop using new signal $abcloop$18469$64: \Trigger.Counter [31] -> $techmap$techmap$flatten\Trigger.$add$/home/shreya/HT_detection_GNN/trusthub/AES_unzipped/AES-T1200/AES-T1200/src/TjIn/Trojan_Trigger.v:35$68.$auto$alumacc.cc:548:replace_alu$15550.lcu.$and$/home/shreya/oss-cad-suite/lib/../share/yosys/techmap.v:241$16132_Y
                                                  \Trigger.Counter [31] -> $techmap$flatten\Trigger.$add$/home/shreya/HT_detection_GNN/trusthub/AES_unzipped/AES-T1200/AES-T1200/src/TjIn/Trojan_Trigger.v:35$68.$auto$alumacc.cc:548:replace_alu$15550.Y [31]
                                                  \Trigger.Counter [31] -> $auto$rtlil.cc:3488:NotGate$18406
Breaking loop using new signal $abcloop$18469$65: \Trigger.Counter [37] -> $techmap$techmap$flatten\Trigger.$add$/home/shreya/HT_detection_GNN/trusthub/AES_unzipped/AES-T1200/AES-T1200/src/TjIn/Trojan_Trigger.v:35$68.$auto$alumacc.cc:548:replace_alu$15550.lcu.$and$/home/shreya/oss-cad-suite/lib/../share/yosys/techmap.v:241$16141_Y
                                                  \Trigger.Counter [37] -> $techmap$flatten\Trigger.$add$/home/shreya/HT_detection_GNN/trusthub/AES_unzipped/AES-T1200/AES-T1200/src/TjIn/Trojan_Trigger.v:35$68.$auto$alumacc.cc:548:replace_alu$15550.Y [37]
                                                  \Trigger.Counter [37] -> $auto$rtlil.cc:3488:NotGate$18394
Breaking loop using new signal $abcloop$18469$66: \Trigger.Counter [59] -> $techmap$flatten\Trigger.$add$/home/shreya/HT_detection_GNN/trusthub/AES_unzipped/AES-T1200/AES-T1200/src/TjIn/Trojan_Trigger.v:35$68.$auto$alumacc.cc:548:replace_alu$15550.Y [59]
                                                  \Trigger.Counter [59] -> $techmap$techmap$flatten\Trigger.$add$/home/shreya/HT_detection_GNN/trusthub/AES_unzipped/AES-T1200/AES-T1200/src/TjIn/Trojan_Trigger.v:35$68.$auto$alumacc.cc:548:replace_alu$15550.lcu.$and$/home/shreya/oss-cad-suite/lib/../share/yosys/techmap.v:241$16174_Y
                                                  \Trigger.Counter [59] -> $auto$rtlil.cc:3488:NotGate$18350
Breaking loop using new signal $abcloop$18469$67: \Trigger.Counter [125] -> $techmap$techmap$flatten\Trigger.$add$/home/shreya/HT_detection_GNN/trusthub/AES_unzipped/AES-T1200/AES-T1200/src/TjIn/Trojan_Trigger.v:35$68.$auto$alumacc.cc:548:replace_alu$15550.lcu.$and$/home/shreya/oss-cad-suite/lib/../share/yosys/techmap.v:241$16273_Y
                                                  \Trigger.Counter [125] -> $techmap$flatten\Trigger.$add$/home/shreya/HT_detection_GNN/trusthub/AES_unzipped/AES-T1200/AES-T1200/src/TjIn/Trojan_Trigger.v:35$68.$auto$alumacc.cc:548:replace_alu$15550.Y [125]
                                                  \Trigger.Counter [125] -> $auto$rtlil.cc:3488:NotGate$18218
Breaking loop using new signal $abcloop$18469$68: \Trigger.Counter [103] -> $techmap$flatten\Trigger.$add$/home/shreya/HT_detection_GNN/trusthub/AES_unzipped/AES-T1200/AES-T1200/src/TjIn/Trojan_Trigger.v:35$68.$auto$alumacc.cc:548:replace_alu$15550.Y [103]
                                                  \Trigger.Counter [103] -> $auto$rtlil.cc:3488:NotGate$18262
                                                  \Trigger.Counter [103] -> $techmap$techmap$flatten\Trigger.$add$/home/shreya/HT_detection_GNN/trusthub/AES_unzipped/AES-T1200/AES-T1200/src/TjIn/Trojan_Trigger.v:35$68.$auto$alumacc.cc:548:replace_alu$15550.lcu.$and$/home/shreya/oss-cad-suite/lib/../share/yosys/techmap.v:241$16240_Y
Breaking loop using new signal $abcloop$18469$69: \Trigger.Counter [109] -> $techmap$flatten\Trigger.$add$/home/shreya/HT_detection_GNN/trusthub/AES_unzipped/AES-T1200/AES-T1200/src/TjIn/Trojan_Trigger.v:35$68.$auto$alumacc.cc:548:replace_alu$15550.Y [109]
                                                  \Trigger.Counter [109] -> $auto$rtlil.cc:3488:NotGate$18250
                                                  \Trigger.Counter [109] -> $techmap$techmap$flatten\Trigger.$add$/home/shreya/HT_detection_GNN/trusthub/AES_unzipped/AES-T1200/AES-T1200/src/TjIn/Trojan_Trigger.v:35$68.$auto$alumacc.cc:548:replace_alu$15550.lcu.$and$/home/shreya/oss-cad-suite/lib/../share/yosys/techmap.v:241$16249_Y
Breaking loop using new signal $abcloop$18469$70: \Trigger.Counter [13] -> $techmap$flatten\Trigger.$add$/home/shreya/HT_detection_GNN/trusthub/AES_unzipped/AES-T1200/AES-T1200/src/TjIn/Trojan_Trigger.v:35$68.$auto$alumacc.cc:548:replace_alu$15550.Y [13]
                                                  \Trigger.Counter [13] -> $auto$rtlil.cc:3488:NotGate$18442
                                                  \Trigger.Counter [13] -> $techmap$techmap$flatten\Trigger.$add$/home/shreya/HT_detection_GNN/trusthub/AES_unzipped/AES-T1200/AES-T1200/src/TjIn/Trojan_Trigger.v:35$68.$auto$alumacc.cc:548:replace_alu$15550.lcu.$and$/home/shreya/oss-cad-suite/lib/../share/yosys/techmap.v:241$16105_Y
Breaking loop using new signal $abcloop$18469$71: \Trigger.Counter [47] -> $auto$rtlil.cc:3488:NotGate$18374
                                                  \Trigger.Counter [47] -> $techmap$flatten\Trigger.$add$/home/shreya/HT_detection_GNN/trusthub/AES_unzipped/AES-T1200/AES-T1200/src/TjIn/Trojan_Trigger.v:35$68.$auto$alumacc.cc:548:replace_alu$15550.Y [47]
                                                  \Trigger.Counter [47] -> $techmap$techmap$flatten\Trigger.$add$/home/shreya/HT_detection_GNN/trusthub/AES_unzipped/AES-T1200/AES-T1200/src/TjIn/Trojan_Trigger.v:35$68.$auto$alumacc.cc:548:replace_alu$15550.lcu.$and$/home/shreya/oss-cad-suite/lib/../share/yosys/techmap.v:241$16156_Y
Breaking loop using new signal $abcloop$18469$72: \Trigger.Counter [9] -> $auto$rtlil.cc:3488:NotGate$18450
                                                  \Trigger.Counter [9] -> $techmap$flatten\Trigger.$add$/home/shreya/HT_detection_GNN/trusthub/AES_unzipped/AES-T1200/AES-T1200/src/TjIn/Trojan_Trigger.v:35$68.$auto$alumacc.cc:548:replace_alu$15550.Y [9]
                                                  \Trigger.Counter [9] -> $techmap$techmap$flatten\Trigger.$add$/home/shreya/HT_detection_GNN/trusthub/AES_unzipped/AES-T1200/AES-T1200/src/TjIn/Trojan_Trigger.v:35$68.$auto$alumacc.cc:548:replace_alu$15550.lcu.$and$/home/shreya/oss-cad-suite/lib/../share/yosys/techmap.v:241$16099_Y
Breaking loop using new signal $abcloop$18469$73: \Trigger.Counter [101] -> $auto$rtlil.cc:3488:NotGate$18266
                                                  \Trigger.Counter [101] -> $techmap$techmap$flatten\Trigger.$add$/home/shreya/HT_detection_GNN/trusthub/AES_unzipped/AES-T1200/AES-T1200/src/TjIn/Trojan_Trigger.v:35$68.$auto$alumacc.cc:548:replace_alu$15550.lcu.$and$/home/shreya/oss-cad-suite/lib/../share/yosys/techmap.v:241$16237_Y
                                                  \Trigger.Counter [101] -> $techmap$flatten\Trigger.$add$/home/shreya/HT_detection_GNN/trusthub/AES_unzipped/AES-T1200/AES-T1200/src/TjIn/Trojan_Trigger.v:35$68.$auto$alumacc.cc:548:replace_alu$15550.Y [101]
Breaking loop using new signal $abcloop$18469$74: \Trigger.Counter [71] -> $auto$rtlil.cc:3488:NotGate$18326
                                                  \Trigger.Counter [71] -> $techmap$techmap$flatten\Trigger.$add$/home/shreya/HT_detection_GNN/trusthub/AES_unzipped/AES-T1200/AES-T1200/src/TjIn/Trojan_Trigger.v:35$68.$auto$alumacc.cc:548:replace_alu$15550.lcu.$and$/home/shreya/oss-cad-suite/lib/../share/yosys/techmap.v:241$16192_Y
                                                  \Trigger.Counter [71] -> $techmap$flatten\Trigger.$add$/home/shreya/HT_detection_GNN/trusthub/AES_unzipped/AES-T1200/AES-T1200/src/TjIn/Trojan_Trigger.v:35$68.$auto$alumacc.cc:548:replace_alu$15550.Y [71]
Breaking loop using new signal $abcloop$18469$75: \Trigger.Counter [111] -> $techmap$flatten\Trigger.$add$/home/shreya/HT_detection_GNN/trusthub/AES_unzipped/AES-T1200/AES-T1200/src/TjIn/Trojan_Trigger.v:35$68.$auto$alumacc.cc:548:replace_alu$15550.Y [111]
                                                  \Trigger.Counter [111] -> $auto$rtlil.cc:3488:NotGate$18246
                                                  \Trigger.Counter [111] -> $techmap$techmap$flatten\Trigger.$add$/home/shreya/HT_detection_GNN/trusthub/AES_unzipped/AES-T1200/AES-T1200/src/TjIn/Trojan_Trigger.v:35$68.$auto$alumacc.cc:548:replace_alu$15550.lcu.$and$/home/shreya/oss-cad-suite/lib/../share/yosys/techmap.v:241$16252_Y
Breaking loop using new signal $abcloop$18469$76: \Trigger.Counter [85] -> $techmap$flatten\Trigger.$add$/home/shreya/HT_detection_GNN/trusthub/AES_unzipped/AES-T1200/AES-T1200/src/TjIn/Trojan_Trigger.v:35$68.$auto$alumacc.cc:548:replace_alu$15550.Y [85]
                                                  \Trigger.Counter [85] -> $auto$rtlil.cc:3488:NotGate$18298
                                                  \Trigger.Counter [85] -> $techmap$techmap$flatten\Trigger.$add$/home/shreya/HT_detection_GNN/trusthub/AES_unzipped/AES-T1200/AES-T1200/src/TjIn/Trojan_Trigger.v:35$68.$auto$alumacc.cc:548:replace_alu$15550.lcu.$and$/home/shreya/oss-cad-suite/lib/../share/yosys/techmap.v:241$16213_Y
Breaking loop using new signal $abcloop$18469$77: \Trigger.Counter [39] -> $techmap$flatten\Trigger.$add$/home/shreya/HT_detection_GNN/trusthub/AES_unzipped/AES-T1200/AES-T1200/src/TjIn/Trojan_Trigger.v:35$68.$auto$alumacc.cc:548:replace_alu$15550.Y [39]
                                                  \Trigger.Counter [39] -> $auto$rtlil.cc:3488:NotGate$18390
                                                  \Trigger.Counter [39] -> $techmap$techmap$flatten\Trigger.$add$/home/shreya/HT_detection_GNN/trusthub/AES_unzipped/AES-T1200/AES-T1200/src/TjIn/Trojan_Trigger.v:35$68.$auto$alumacc.cc:548:replace_alu$15550.lcu.$and$/home/shreya/oss-cad-suite/lib/../share/yosys/techmap.v:241$16144_Y
Breaking loop using new signal $abcloop$18469$78: \Trigger.Counter [65] -> $techmap$flatten\Trigger.$add$/home/shreya/HT_detection_GNN/trusthub/AES_unzipped/AES-T1200/AES-T1200/src/TjIn/Trojan_Trigger.v:35$68.$auto$alumacc.cc:548:replace_alu$15550.Y [65]
                                                  \Trigger.Counter [65] -> $auto$rtlil.cc:3488:NotGate$18338
                                                  \Trigger.Counter [65] -> $techmap$techmap$flatten\Trigger.$add$/home/shreya/HT_detection_GNN/trusthub/AES_unzipped/AES-T1200/AES-T1200/src/TjIn/Trojan_Trigger.v:35$68.$auto$alumacc.cc:548:replace_alu$15550.lcu.$and$/home/shreya/oss-cad-suite/lib/../share/yosys/techmap.v:241$16183_Y
Breaking loop using new signal $abcloop$18469$79: \Trigger.Counter [5] -> $auto$rtlil.cc:3488:NotGate$18458
                                                  \Trigger.Counter [5] -> $techmap$flatten\Trigger.$add$/home/shreya/HT_detection_GNN/trusthub/AES_unzipped/AES-T1200/AES-T1200/src/TjIn/Trojan_Trigger.v:35$68.$auto$alumacc.cc:548:replace_alu$15550.Y [5]
                                                  \Trigger.Counter [5] -> $techmap$techmap$flatten\Trigger.$add$/home/shreya/HT_detection_GNN/trusthub/AES_unzipped/AES-T1200/AES-T1200/src/TjIn/Trojan_Trigger.v:35$68.$auto$alumacc.cc:548:replace_alu$15550.lcu.$and$/home/shreya/oss-cad-suite/lib/../share/yosys/techmap.v:241$16093_Y
Breaking loop using new signal $abcloop$18469$80: \Trigger.Counter [7] -> $auto$rtlil.cc:3488:NotGate$18454
                                                  \Trigger.Counter [7] -> $techmap$flatten\Trigger.$add$/home/shreya/HT_detection_GNN/trusthub/AES_unzipped/AES-T1200/AES-T1200/src/TjIn/Trojan_Trigger.v:35$68.$auto$alumacc.cc:548:replace_alu$15550.Y [7]
                                                  \Trigger.Counter [7] -> $techmap$techmap$flatten\Trigger.$add$/home/shreya/HT_detection_GNN/trusthub/AES_unzipped/AES-T1200/AES-T1200/src/TjIn/Trojan_Trigger.v:35$68.$auto$alumacc.cc:548:replace_alu$15550.lcu.$and$/home/shreya/oss-cad-suite/lib/../share/yosys/techmap.v:241$16096_Y
Breaking loop using new signal $abcloop$18469$81: \Trigger.Counter [67] -> $techmap$flatten\Trigger.$add$/home/shreya/HT_detection_GNN/trusthub/AES_unzipped/AES-T1200/AES-T1200/src/TjIn/Trojan_Trigger.v:35$68.$auto$alumacc.cc:548:replace_alu$15550.Y [67]
                                                  \Trigger.Counter [67] -> $auto$rtlil.cc:3488:NotGate$18334
                                                  \Trigger.Counter [67] -> $techmap$techmap$flatten\Trigger.$add$/home/shreya/HT_detection_GNN/trusthub/AES_unzipped/AES-T1200/AES-T1200/src/TjIn/Trojan_Trigger.v:35$68.$auto$alumacc.cc:548:replace_alu$15550.lcu.$and$/home/shreya/oss-cad-suite/lib/../share/yosys/techmap.v:241$16186_Y
Breaking loop using new signal $abcloop$18469$82: \Trigger.Counter [81] -> $techmap$techmap$flatten\Trigger.$add$/home/shreya/HT_detection_GNN/trusthub/AES_unzipped/AES-T1200/AES-T1200/src/TjIn/Trojan_Trigger.v:35$68.$auto$alumacc.cc:548:replace_alu$15550.lcu.$and$/home/shreya/oss-cad-suite/lib/../share/yosys/techmap.v:241$16207_Y
                                                  \Trigger.Counter [81] -> $auto$rtlil.cc:3488:NotGate$18306
                                                  \Trigger.Counter [81] -> $techmap$flatten\Trigger.$add$/home/shreya/HT_detection_GNN/trusthub/AES_unzipped/AES-T1200/AES-T1200/src/TjIn/Trojan_Trigger.v:35$68.$auto$alumacc.cc:548:replace_alu$15550.Y [81]
Breaking loop using new signal $abcloop$18469$83: \Trigger.Counter [121] -> $auto$rtlil.cc:3488:NotGate$18226
                                                  \Trigger.Counter [121] -> $techmap$flatten\Trigger.$add$/home/shreya/HT_detection_GNN/trusthub/AES_unzipped/AES-T1200/AES-T1200/src/TjIn/Trojan_Trigger.v:35$68.$auto$alumacc.cc:548:replace_alu$15550.Y [121]
                                                  \Trigger.Counter [121] -> $techmap$techmap$flatten\Trigger.$add$/home/shreya/HT_detection_GNN/trusthub/AES_unzipped/AES-T1200/AES-T1200/src/TjIn/Trojan_Trigger.v:35$68.$auto$alumacc.cc:548:replace_alu$15550.lcu.$and$/home/shreya/oss-cad-suite/lib/../share/yosys/techmap.v:241$16267_Y
Breaking loop using new signal $abcloop$18469$84: \Trigger.Counter [87] -> $auto$rtlil.cc:3488:NotGate$18294
                                                  \Trigger.Counter [87] -> $techmap$flatten\Trigger.$add$/home/shreya/HT_detection_GNN/trusthub/AES_unzipped/AES-T1200/AES-T1200/src/TjIn/Trojan_Trigger.v:35$68.$auto$alumacc.cc:548:replace_alu$15550.Y [87]
                                                  \Trigger.Counter [87] -> $techmap$techmap$flatten\Trigger.$add$/home/shreya/HT_detection_GNN/trusthub/AES_unzipped/AES-T1200/AES-T1200/src/TjIn/Trojan_Trigger.v:35$68.$auto$alumacc.cc:548:replace_alu$15550.lcu.$and$/home/shreya/oss-cad-suite/lib/../share/yosys/techmap.v:241$16216_Y
Breaking loop using new signal $abcloop$18469$85: \Trigger.Counter [33] -> $auto$rtlil.cc:3488:NotGate$18402
                                                  \Trigger.Counter [33] -> $techmap$flatten\Trigger.$add$/home/shreya/HT_detection_GNN/trusthub/AES_unzipped/AES-T1200/AES-T1200/src/TjIn/Trojan_Trigger.v:35$68.$auto$alumacc.cc:548:replace_alu$15550.Y [33]
                                                  \Trigger.Counter [33] -> $techmap$techmap$flatten\Trigger.$add$/home/shreya/HT_detection_GNN/trusthub/AES_unzipped/AES-T1200/AES-T1200/src/TjIn/Trojan_Trigger.v:35$68.$auto$alumacc.cc:548:replace_alu$15550.lcu.$and$/home/shreya/oss-cad-suite/lib/../share/yosys/techmap.v:241$16135_Y
Breaking loop using new signal $abcloop$18469$86: \Trigger.Counter [11] -> $auto$rtlil.cc:3488:NotGate$18446
                                                  \Trigger.Counter [11] -> $techmap$techmap$flatten\Trigger.$add$/home/shreya/HT_detection_GNN/trusthub/AES_unzipped/AES-T1200/AES-T1200/src/TjIn/Trojan_Trigger.v:35$68.$auto$alumacc.cc:548:replace_alu$15550.lcu.$and$/home/shreya/oss-cad-suite/lib/../share/yosys/techmap.v:241$16102_Y
                                                  \Trigger.Counter [11] -> $techmap$flatten\Trigger.$add$/home/shreya/HT_detection_GNN/trusthub/AES_unzipped/AES-T1200/AES-T1200/src/TjIn/Trojan_Trigger.v:35$68.$auto$alumacc.cc:548:replace_alu$15550.Y [11]
Breaking loop using new signal $abcloop$18469$87: \Trigger.Counter [97] -> $techmap$techmap$flatten\Trigger.$add$/home/shreya/HT_detection_GNN/trusthub/AES_unzipped/AES-T1200/AES-T1200/src/TjIn/Trojan_Trigger.v:35$68.$auto$alumacc.cc:548:replace_alu$15550.lcu.$and$/home/shreya/oss-cad-suite/lib/../share/yosys/techmap.v:241$16231_Y
                                                  \Trigger.Counter [97] -> $auto$rtlil.cc:3488:NotGate$18274
                                                  \Trigger.Counter [97] -> $techmap$flatten\Trigger.$add$/home/shreya/HT_detection_GNN/trusthub/AES_unzipped/AES-T1200/AES-T1200/src/TjIn/Trojan_Trigger.v:35$68.$auto$alumacc.cc:548:replace_alu$15550.Y [97]
Breaking loop using new signal $abcloop$18469$88: \Trigger.Counter [123] -> $auto$rtlil.cc:3488:NotGate$18222
                                                  \Trigger.Counter [123] -> $techmap$techmap$flatten\Trigger.$add$/home/shreya/HT_detection_GNN/trusthub/AES_unzipped/AES-T1200/AES-T1200/src/TjIn/Trojan_Trigger.v:35$68.$auto$alumacc.cc:548:replace_alu$15550.lcu.$and$/home/shreya/oss-cad-suite/lib/../share/yosys/techmap.v:241$16270_Y
                                                  \Trigger.Counter [123] -> $techmap$flatten\Trigger.$add$/home/shreya/HT_detection_GNN/trusthub/AES_unzipped/AES-T1200/AES-T1200/src/TjIn/Trojan_Trigger.v:35$68.$auto$alumacc.cc:548:replace_alu$15550.Y [123]
Breaking loop using new signal $abcloop$18469$89: \Trigger.Counter [117] -> $techmap$techmap$flatten\Trigger.$add$/home/shreya/HT_detection_GNN/trusthub/AES_unzipped/AES-T1200/AES-T1200/src/TjIn/Trojan_Trigger.v:35$68.$auto$alumacc.cc:548:replace_alu$15550.lcu.$and$/home/shreya/oss-cad-suite/lib/../share/yosys/techmap.v:241$16261_Y
                                                  \Trigger.Counter [117] -> $auto$rtlil.cc:3488:NotGate$18234
                                                  \Trigger.Counter [117] -> $techmap$flatten\Trigger.$add$/home/shreya/HT_detection_GNN/trusthub/AES_unzipped/AES-T1200/AES-T1200/src/TjIn/Trojan_Trigger.v:35$68.$auto$alumacc.cc:548:replace_alu$15550.Y [117]
Breaking loop using new signal $abcloop$18469$90: \Trigger.Counter [3] -> $techmap$techmap$flatten\Trigger.$add$/home/shreya/HT_detection_GNN/trusthub/AES_unzipped/AES-T1200/AES-T1200/src/TjIn/Trojan_Trigger.v:35$68.$auto$alumacc.cc:548:replace_alu$15550.lcu.$and$/home/shreya/oss-cad-suite/lib/../share/yosys/techmap.v:241$16090_Y
                                                  \Trigger.Counter [3] -> $auto$rtlil.cc:3488:NotGate$18462
                                                  \Trigger.Counter [3] -> $techmap$flatten\Trigger.$add$/home/shreya/HT_detection_GNN/trusthub/AES_unzipped/AES-T1200/AES-T1200/src/TjIn/Trojan_Trigger.v:35$68.$auto$alumacc.cc:548:replace_alu$15550.Y [3]
Breaking loop using new signal $abcloop$18469$91: \Trigger.Counter [89] -> $auto$rtlil.cc:3488:NotGate$18290
                                                  \Trigger.Counter [89] -> $techmap$flatten\Trigger.$add$/home/shreya/HT_detection_GNN/trusthub/AES_unzipped/AES-T1200/AES-T1200/src/TjIn/Trojan_Trigger.v:35$68.$auto$alumacc.cc:548:replace_alu$15550.Y [89]
                                                  \Trigger.Counter [89] -> $techmap$techmap$flatten\Trigger.$add$/home/shreya/HT_detection_GNN/trusthub/AES_unzipped/AES-T1200/AES-T1200/src/TjIn/Trojan_Trigger.v:35$68.$auto$alumacc.cc:548:replace_alu$15550.lcu.$and$/home/shreya/oss-cad-suite/lib/../share/yosys/techmap.v:241$16219_Y
Breaking loop using new signal $abcloop$18469$92: \Trigger.Counter [91] -> $auto$rtlil.cc:3488:NotGate$18286
                                                  \Trigger.Counter [91] -> $techmap$flatten\Trigger.$add$/home/shreya/HT_detection_GNN/trusthub/AES_unzipped/AES-T1200/AES-T1200/src/TjIn/Trojan_Trigger.v:35$68.$auto$alumacc.cc:548:replace_alu$15550.Y [91]
                                                  \Trigger.Counter [91] -> $techmap$techmap$flatten\Trigger.$add$/home/shreya/HT_detection_GNN/trusthub/AES_unzipped/AES-T1200/AES-T1200/src/TjIn/Trojan_Trigger.v:35$68.$auto$alumacc.cc:548:replace_alu$15550.lcu.$and$/home/shreya/oss-cad-suite/lib/../share/yosys/techmap.v:241$16222_Y
Breaking loop using new signal $abcloop$18469$93: \Trigger.Counter [0] -> $techmap$flatten\Trigger.$add$/home/shreya/HT_detection_GNN/trusthub/AES_unzipped/AES-T1200/AES-T1200/src/TjIn/Trojan_Trigger.v:35$68.$auto$alumacc.cc:548:replace_alu$15550.P [0]
                                                  \Trigger.Counter [0] -> $techmap$flatten\Trigger.$add$/home/shreya/HT_detection_GNN/trusthub/AES_unzipped/AES-T1200/AES-T1200/src/TjIn/Trojan_Trigger.v:35$68.$auto$alumacc.cc:548:replace_alu$15550.CO [1]
                                                  \Trigger.Counter [0] -> $techmap$flatten\Trigger.$add$/home/shreya/HT_detection_GNN/trusthub/AES_unzipped/AES-T1200/AES-T1200/src/TjIn/Trojan_Trigger.v:35$68.$auto$alumacc.cc:548:replace_alu$15550.Y [1]
Breaking loop using new signal $abcloop$18469$94: \Trigger.Counter [1] -> $auto$rtlil.cc:3488:NotGate$18466
                                                  \Trigger.Counter [1] -> $techmap$flatten\Trigger.$add$/home/shreya/HT_detection_GNN/trusthub/AES_unzipped/AES-T1200/AES-T1200/src/TjIn/Trojan_Trigger.v:35$68.$auto$alumacc.cc:548:replace_alu$15550.CO [1]
                                                  \Trigger.Counter [1] -> $techmap$flatten\Trigger.$add$/home/shreya/HT_detection_GNN/trusthub/AES_unzipped/AES-T1200/AES-T1200/src/TjIn/Trojan_Trigger.v:35$68.$auto$alumacc.cc:548:replace_alu$15550.Y [1]
Breaking loop using new signal $abcloop$18469$95: \Trigger.Counter [25] -> $auto$rtlil.cc:3488:NotGate$18418
                                                  \Trigger.Counter [25] -> $techmap$techmap$flatten\Trigger.$add$/home/shreya/HT_detection_GNN/trusthub/AES_unzipped/AES-T1200/AES-T1200/src/TjIn/Trojan_Trigger.v:35$68.$auto$alumacc.cc:548:replace_alu$15550.lcu.$and$/home/shreya/oss-cad-suite/lib/../share/yosys/techmap.v:241$16123_Y
                                                  \Trigger.Counter [25] -> $techmap$flatten\Trigger.$add$/home/shreya/HT_detection_GNN/trusthub/AES_unzipped/AES-T1200/AES-T1200/src/TjIn/Trojan_Trigger.v:35$68.$auto$alumacc.cc:548:replace_alu$15550.Y [25]
Breaking loop using new signal $abcloop$18469$96: \Trigger.Counter [35] -> $techmap$flatten\Trigger.$add$/home/shreya/HT_detection_GNN/trusthub/AES_unzipped/AES-T1200/AES-T1200/src/TjIn/Trojan_Trigger.v:35$68.$auto$alumacc.cc:548:replace_alu$15550.Y [35]
                                                  \Trigger.Counter [35] -> $auto$rtlil.cc:3488:NotGate$18398
                                                  \Trigger.Counter [35] -> $techmap$techmap$flatten\Trigger.$add$/home/shreya/HT_detection_GNN/trusthub/AES_unzipped/AES-T1200/AES-T1200/src/TjIn/Trojan_Trigger.v:35$68.$auto$alumacc.cc:548:replace_alu$15550.lcu.$and$/home/shreya/oss-cad-suite/lib/../share/yosys/techmap.v:241$16138_Y
Breaking loop using new signal $abcloop$18469$97: \Trigger.Counter [61] -> $auto$rtlil.cc:3488:NotGate$18346
                                                  \Trigger.Counter [61] -> $techmap$flatten\Trigger.$add$/home/shreya/HT_detection_GNN/trusthub/AES_unzipped/AES-T1200/AES-T1200/src/TjIn/Trojan_Trigger.v:35$68.$auto$alumacc.cc:548:replace_alu$15550.Y [61]
                                                  \Trigger.Counter [61] -> $techmap$techmap$flatten\Trigger.$add$/home/shreya/HT_detection_GNN/trusthub/AES_unzipped/AES-T1200/AES-T1200/src/TjIn/Trojan_Trigger.v:35$68.$auto$alumacc.cc:548:replace_alu$15550.lcu.$and$/home/shreya/oss-cad-suite/lib/../share/yosys/techmap.v:241$16177_Y
Breaking loop using new signal $abcloop$18469$98: \Trigger.Counter [69] -> $auto$rtlil.cc:3488:NotGate$18330
                                                  \Trigger.Counter [69] -> $techmap$flatten\Trigger.$add$/home/shreya/HT_detection_GNN/trusthub/AES_unzipped/AES-T1200/AES-T1200/src/TjIn/Trojan_Trigger.v:35$68.$auto$alumacc.cc:548:replace_alu$15550.Y [69]
                                                  \Trigger.Counter [69] -> $techmap$techmap$flatten\Trigger.$add$/home/shreya/HT_detection_GNN/trusthub/AES_unzipped/AES-T1200/AES-T1200/src/TjIn/Trojan_Trigger.v:35$68.$auto$alumacc.cc:548:replace_alu$15550.lcu.$and$/home/shreya/oss-cad-suite/lib/../share/yosys/techmap.v:241$16189_Y
Breaking loop using new signal $abcloop$18469$99: \Trigger.Counter [41] -> $techmap$flatten\Trigger.$add$/home/shreya/HT_detection_GNN/trusthub/AES_unzipped/AES-T1200/AES-T1200/src/TjIn/Trojan_Trigger.v:35$68.$auto$alumacc.cc:548:replace_alu$15550.Y [41]
                                                  \Trigger.Counter [41] -> $auto$rtlil.cc:3488:NotGate$18386
                                                  \Trigger.Counter [41] -> $techmap$techmap$flatten\Trigger.$add$/home/shreya/HT_detection_GNN/trusthub/AES_unzipped/AES-T1200/AES-T1200/src/TjIn/Trojan_Trigger.v:35$68.$auto$alumacc.cc:548:replace_alu$15550.lcu.$and$/home/shreya/oss-cad-suite/lib/../share/yosys/techmap.v:241$16147_Y
Breaking loop using new signal $abcloop$18469$100: \Trigger.Counter [113] -> $techmap$flatten\Trigger.$add$/home/shreya/HT_detection_GNN/trusthub/AES_unzipped/AES-T1200/AES-T1200/src/TjIn/Trojan_Trigger.v:35$68.$auto$alumacc.cc:548:replace_alu$15550.Y [113]
                                                   \Trigger.Counter [113] -> $auto$rtlil.cc:3488:NotGate$18242
                                                   \Trigger.Counter [113] -> $techmap$techmap$flatten\Trigger.$add$/home/shreya/HT_detection_GNN/trusthub/AES_unzipped/AES-T1200/AES-T1200/src/TjIn/Trojan_Trigger.v:35$68.$auto$alumacc.cc:548:replace_alu$15550.lcu.$and$/home/shreya/oss-cad-suite/lib/../share/yosys/techmap.v:241$16255_Y
Breaking loop using new signal $abcloop$18469$101: \Trigger.Counter [43] -> $auto$rtlil.cc:3488:NotGate$18382
                                                   \Trigger.Counter [43] -> $techmap$techmap$flatten\Trigger.$add$/home/shreya/HT_detection_GNN/trusthub/AES_unzipped/AES-T1200/AES-T1200/src/TjIn/Trojan_Trigger.v:35$68.$auto$alumacc.cc:548:replace_alu$15550.lcu.$and$/home/shreya/oss-cad-suite/lib/../share/yosys/techmap.v:241$16150_Y
                                                   \Trigger.Counter [43] -> $techmap$flatten\Trigger.$add$/home/shreya/HT_detection_GNN/trusthub/AES_unzipped/AES-T1200/AES-T1200/src/TjIn/Trojan_Trigger.v:35$68.$auto$alumacc.cc:548:replace_alu$15550.Y [43]
Breaking loop using new signal $abcloop$18469$102: \Trigger.Counter [63] -> $auto$rtlil.cc:3488:NotGate$18342
                                                   \Trigger.Counter [63] -> $techmap$techmap$flatten\Trigger.$add$/home/shreya/HT_detection_GNN/trusthub/AES_unzipped/AES-T1200/AES-T1200/src/TjIn/Trojan_Trigger.v:35$68.$auto$alumacc.cc:548:replace_alu$15550.lcu.$and$/home/shreya/oss-cad-suite/lib/../share/yosys/techmap.v:241$16180_Y
                                                   \Trigger.Counter [63] -> $techmap$flatten\Trigger.$add$/home/shreya/HT_detection_GNN/trusthub/AES_unzipped/AES-T1200/AES-T1200/src/TjIn/Trojan_Trigger.v:35$68.$auto$alumacc.cc:548:replace_alu$15550.Y [63]
Breaking loop using new signal $abcloop$18469$103: \Trigger.Counter [107] -> $auto$rtlil.cc:3488:NotGate$18254
                                                   \Trigger.Counter [107] -> $techmap$techmap$flatten\Trigger.$add$/home/shreya/HT_detection_GNN/trusthub/AES_unzipped/AES-T1200/AES-T1200/src/TjIn/Trojan_Trigger.v:35$68.$auto$alumacc.cc:548:replace_alu$15550.lcu.$and$/home/shreya/oss-cad-suite/lib/../share/yosys/techmap.v:241$16246_Y
                                                   \Trigger.Counter [107] -> $techmap$flatten\Trigger.$add$/home/shreya/HT_detection_GNN/trusthub/AES_unzipped/AES-T1200/AES-T1200/src/TjIn/Trojan_Trigger.v:35$68.$auto$alumacc.cc:548:replace_alu$15550.Y [107]
Breaking loop using new signal $abcloop$18469$104: \Trigger.Counter [93] -> $techmap$techmap$flatten\Trigger.$add$/home/shreya/HT_detection_GNN/trusthub/AES_unzipped/AES-T1200/AES-T1200/src/TjIn/Trojan_Trigger.v:35$68.$auto$alumacc.cc:548:replace_alu$15550.lcu.$and$/home/shreya/oss-cad-suite/lib/../share/yosys/techmap.v:241$16225_Y
                                                   \Trigger.Counter [93] -> $auto$rtlil.cc:3488:NotGate$18282
                                                   \Trigger.Counter [93] -> $techmap$flatten\Trigger.$add$/home/shreya/HT_detection_GNN/trusthub/AES_unzipped/AES-T1200/AES-T1200/src/TjIn/Trojan_Trigger.v:35$68.$auto$alumacc.cc:548:replace_alu$15550.Y [93]
Breaking loop using new signal $abcloop$18469$105: \Trigger.Counter [21] -> $auto$rtlil.cc:3488:NotGate$18426
                                                   \Trigger.Counter [21] -> $techmap$flatten\Trigger.$add$/home/shreya/HT_detection_GNN/trusthub/AES_unzipped/AES-T1200/AES-T1200/src/TjIn/Trojan_Trigger.v:35$68.$auto$alumacc.cc:548:replace_alu$15550.Y [21]
                                                   \Trigger.Counter [21] -> $techmap$techmap$flatten\Trigger.$add$/home/shreya/HT_detection_GNN/trusthub/AES_unzipped/AES-T1200/AES-T1200/src/TjIn/Trojan_Trigger.v:35$68.$auto$alumacc.cc:548:replace_alu$15550.lcu.$and$/home/shreya/oss-cad-suite/lib/../share/yosys/techmap.v:241$16117_Y
Breaking loop using new signal $abcloop$18469$106: \Trigger.Counter [23] -> $techmap$flatten\Trigger.$add$/home/shreya/HT_detection_GNN/trusthub/AES_unzipped/AES-T1200/AES-T1200/src/TjIn/Trojan_Trigger.v:35$68.$auto$alumacc.cc:548:replace_alu$15550.Y [23]
                                                   \Trigger.Counter [23] -> $auto$rtlil.cc:3488:NotGate$18422
                                                   \Trigger.Counter [23] -> $techmap$techmap$flatten\Trigger.$add$/home/shreya/HT_detection_GNN/trusthub/AES_unzipped/AES-T1200/AES-T1200/src/TjIn/Trojan_Trigger.v:35$68.$auto$alumacc.cc:548:replace_alu$15550.lcu.$and$/home/shreya/oss-cad-suite/lib/../share/yosys/techmap.v:241$16120_Y
Breaking loop using new signal $abcloop$18469$107: \Trigger.Counter [77] -> $auto$rtlil.cc:3488:NotGate$18314
                                                   \Trigger.Counter [77] -> $techmap$flatten\Trigger.$add$/home/shreya/HT_detection_GNN/trusthub/AES_unzipped/AES-T1200/AES-T1200/src/TjIn/Trojan_Trigger.v:35$68.$auto$alumacc.cc:548:replace_alu$15550.Y [77]
                                                   \Trigger.Counter [77] -> $techmap$techmap$flatten\Trigger.$add$/home/shreya/HT_detection_GNN/trusthub/AES_unzipped/AES-T1200/AES-T1200/src/TjIn/Trojan_Trigger.v:35$68.$auto$alumacc.cc:548:replace_alu$15550.lcu.$and$/home/shreya/oss-cad-suite/lib/../share/yosys/techmap.v:241$16201_Y
Breaking loop using new signal $abcloop$18469$108: \Trigger.Counter [79] -> $techmap$flatten\Trigger.$add$/home/shreya/HT_detection_GNN/trusthub/AES_unzipped/AES-T1200/AES-T1200/src/TjIn/Trojan_Trigger.v:35$68.$auto$alumacc.cc:548:replace_alu$15550.Y [79]
                                                   \Trigger.Counter [79] -> $auto$rtlil.cc:3488:NotGate$18310
                                                   \Trigger.Counter [79] -> $techmap$techmap$flatten\Trigger.$add$/home/shreya/HT_detection_GNN/trusthub/AES_unzipped/AES-T1200/AES-T1200/src/TjIn/Trojan_Trigger.v:35$68.$auto$alumacc.cc:548:replace_alu$15550.lcu.$and$/home/shreya/oss-cad-suite/lib/../share/yosys/techmap.v:241$16204_Y
Breaking loop using new signal $abcloop$18469$109: \Trigger.Counter [53] -> $auto$rtlil.cc:3488:NotGate$18362
                                                   \Trigger.Counter [53] -> $techmap$techmap$flatten\Trigger.$add$/home/shreya/HT_detection_GNN/trusthub/AES_unzipped/AES-T1200/AES-T1200/src/TjIn/Trojan_Trigger.v:35$68.$auto$alumacc.cc:548:replace_alu$15550.lcu.$and$/home/shreya/oss-cad-suite/lib/../share/yosys/techmap.v:241$16165_Y
                                                   \Trigger.Counter [53] -> $techmap$flatten\Trigger.$add$/home/shreya/HT_detection_GNN/trusthub/AES_unzipped/AES-T1200/AES-T1200/src/TjIn/Trojan_Trigger.v:35$68.$auto$alumacc.cc:548:replace_alu$15550.Y [53]
Breaking loop using new signal $abcloop$18469$110: \Trigger.Counter [57] -> $techmap$techmap$flatten\Trigger.$add$/home/shreya/HT_detection_GNN/trusthub/AES_unzipped/AES-T1200/AES-T1200/src/TjIn/Trojan_Trigger.v:35$68.$auto$alumacc.cc:548:replace_alu$15550.lcu.$and$/home/shreya/oss-cad-suite/lib/../share/yosys/techmap.v:241$16171_Y
                                                   \Trigger.Counter [57] -> $auto$rtlil.cc:3488:NotGate$18354
                                                   \Trigger.Counter [57] -> $techmap$flatten\Trigger.$add$/home/shreya/HT_detection_GNN/trusthub/AES_unzipped/AES-T1200/AES-T1200/src/TjIn/Trojan_Trigger.v:35$68.$auto$alumacc.cc:548:replace_alu$15550.Y [57]
Breaking loop using new signal $abcloop$18469$111: \Trigger.Counter [55] -> $techmap$flatten\Trigger.$add$/home/shreya/HT_detection_GNN/trusthub/AES_unzipped/AES-T1200/AES-T1200/src/TjIn/Trojan_Trigger.v:35$68.$auto$alumacc.cc:548:replace_alu$15550.Y [55]
                                                   \Trigger.Counter [55] -> $auto$rtlil.cc:3488:NotGate$18358
                                                   \Trigger.Counter [55] -> $techmap$techmap$flatten\Trigger.$add$/home/shreya/HT_detection_GNN/trusthub/AES_unzipped/AES-T1200/AES-T1200/src/TjIn/Trojan_Trigger.v:35$68.$auto$alumacc.cc:548:replace_alu$15550.lcu.$and$/home/shreya/oss-cad-suite/lib/../share/yosys/techmap.v:241$16168_Y
Breaking loop using new signal $abcloop$18469$112: \Trigger.Counter [19] -> $auto$rtlil.cc:3488:NotGate$18430
                                                   \Trigger.Counter [19] -> $techmap$flatten\Trigger.$add$/home/shreya/HT_detection_GNN/trusthub/AES_unzipped/AES-T1200/AES-T1200/src/TjIn/Trojan_Trigger.v:35$68.$auto$alumacc.cc:548:replace_alu$15550.Y [19]
                                                   \Trigger.Counter [19] -> $techmap$techmap$flatten\Trigger.$add$/home/shreya/HT_detection_GNN/trusthub/AES_unzipped/AES-T1200/AES-T1200/src/TjIn/Trojan_Trigger.v:35$68.$auto$alumacc.cc:548:replace_alu$15550.lcu.$and$/home/shreya/oss-cad-suite/lib/../share/yosys/techmap.v:241$16114_Y
Breaking loop using new signal $abcloop$18469$113: \Trigger.Counter [83] -> $techmap$techmap$flatten\Trigger.$add$/home/shreya/HT_detection_GNN/trusthub/AES_unzipped/AES-T1200/AES-T1200/src/TjIn/Trojan_Trigger.v:35$68.$auto$alumacc.cc:548:replace_alu$15550.lcu.$and$/home/shreya/oss-cad-suite/lib/../share/yosys/techmap.v:241$16210_Y
                                                   \Trigger.Counter [83] -> $auto$rtlil.cc:3488:NotGate$18302
                                                   \Trigger.Counter [83] -> $techmap$flatten\Trigger.$add$/home/shreya/HT_detection_GNN/trusthub/AES_unzipped/AES-T1200/AES-T1200/src/TjIn/Trojan_Trigger.v:35$68.$auto$alumacc.cc:548:replace_alu$15550.Y [83]
Breaking loop using new signal $abcloop$18469$114: \Trigger.Counter [95] -> $auto$rtlil.cc:3488:NotGate$18278
                                                   \Trigger.Counter [95] -> $techmap$flatten\Trigger.$add$/home/shreya/HT_detection_GNN/trusthub/AES_unzipped/AES-T1200/AES-T1200/src/TjIn/Trojan_Trigger.v:35$68.$auto$alumacc.cc:548:replace_alu$15550.Y [95]
                                                   \Trigger.Counter [95] -> $techmap$techmap$flatten\Trigger.$add$/home/shreya/HT_detection_GNN/trusthub/AES_unzipped/AES-T1200/AES-T1200/src/TjIn/Trojan_Trigger.v:35$68.$auto$alumacc.cc:548:replace_alu$15550.lcu.$and$/home/shreya/oss-cad-suite/lib/../share/yosys/techmap.v:241$16228_Y
Breaking loop using new signal $abcloop$18469$115: \Trigger.Counter [29] -> $techmap$flatten\Trigger.$add$/home/shreya/HT_detection_GNN/trusthub/AES_unzipped/AES-T1200/AES-T1200/src/TjIn/Trojan_Trigger.v:35$68.$auto$alumacc.cc:548:replace_alu$15550.Y [29]
                                                   \Trigger.Counter [29] -> $auto$rtlil.cc:3488:NotGate$18410
                                                   \Trigger.Counter [29] -> $techmap$techmap$flatten\Trigger.$add$/home/shreya/HT_detection_GNN/trusthub/AES_unzipped/AES-T1200/AES-T1200/src/TjIn/Trojan_Trigger.v:35$68.$auto$alumacc.cc:548:replace_alu$15550.lcu.$and$/home/shreya/oss-cad-suite/lib/../share/yosys/techmap.v:241$16129_Y
Breaking loop using new signal $abcloop$18469$116: \Trigger.Counter [99] -> $techmap$flatten\Trigger.$add$/home/shreya/HT_detection_GNN/trusthub/AES_unzipped/AES-T1200/AES-T1200/src/TjIn/Trojan_Trigger.v:35$68.$auto$alumacc.cc:548:replace_alu$15550.Y [99]
                                                   \Trigger.Counter [99] -> $auto$rtlil.cc:3488:NotGate$18270
                                                   \Trigger.Counter [99] -> $techmap$techmap$flatten\Trigger.$add$/home/shreya/HT_detection_GNN/trusthub/AES_unzipped/AES-T1200/AES-T1200/src/TjIn/Trojan_Trigger.v:35$68.$auto$alumacc.cc:548:replace_alu$15550.lcu.$and$/home/shreya/oss-cad-suite/lib/../share/yosys/techmap.v:241$16234_Y
Breaking loop using new signal $abcloop$18469$117: \Trigger.Counter [49] -> $auto$rtlil.cc:3488:NotGate$18370
                                                   \Trigger.Counter [49] -> $techmap$flatten\Trigger.$add$/home/shreya/HT_detection_GNN/trusthub/AES_unzipped/AES-T1200/AES-T1200/src/TjIn/Trojan_Trigger.v:35$68.$auto$alumacc.cc:548:replace_alu$15550.Y [49]
                                                   \Trigger.Counter [49] -> $techmap$techmap$flatten\Trigger.$add$/home/shreya/HT_detection_GNN/trusthub/AES_unzipped/AES-T1200/AES-T1200/src/TjIn/Trojan_Trigger.v:35$68.$auto$alumacc.cc:548:replace_alu$15550.lcu.$and$/home/shreya/oss-cad-suite/lib/../share/yosys/techmap.v:241$16159_Y
Breaking loop using new signal $abcloop$18469$118: \Trigger.Counter [51] -> $auto$rtlil.cc:3488:NotGate$18366
                                                   \Trigger.Counter [51] -> $techmap$flatten\Trigger.$add$/home/shreya/HT_detection_GNN/trusthub/AES_unzipped/AES-T1200/AES-T1200/src/TjIn/Trojan_Trigger.v:35$68.$auto$alumacc.cc:548:replace_alu$15550.Y [51]
                                                   \Trigger.Counter [51] -> $techmap$techmap$flatten\Trigger.$add$/home/shreya/HT_detection_GNN/trusthub/AES_unzipped/AES-T1200/AES-T1200/src/TjIn/Trojan_Trigger.v:35$68.$auto$alumacc.cc:548:replace_alu$15550.lcu.$and$/home/shreya/oss-cad-suite/lib/../share/yosys/techmap.v:241$16162_Y
Breaking loop using new signal $abcloop$18469$119: \Trigger.Counter [73] -> $auto$rtlil.cc:3488:NotGate$18322
                                                   \Trigger.Counter [73] -> $techmap$flatten\Trigger.$add$/home/shreya/HT_detection_GNN/trusthub/AES_unzipped/AES-T1200/AES-T1200/src/TjIn/Trojan_Trigger.v:35$68.$auto$alumacc.cc:548:replace_alu$15550.Y [73]
                                                   \Trigger.Counter [73] -> $techmap$techmap$flatten\Trigger.$add$/home/shreya/HT_detection_GNN/trusthub/AES_unzipped/AES-T1200/AES-T1200/src/TjIn/Trojan_Trigger.v:35$68.$auto$alumacc.cc:548:replace_alu$15550.lcu.$and$/home/shreya/oss-cad-suite/lib/../share/yosys/techmap.v:241$16195_Y
Breaking loop using new signal $abcloop$18469$120: \Trigger.Counter [75] -> $auto$rtlil.cc:3488:NotGate$18318
                                                   \Trigger.Counter [75] -> $techmap$flatten\Trigger.$add$/home/shreya/HT_detection_GNN/trusthub/AES_unzipped/AES-T1200/AES-T1200/src/TjIn/Trojan_Trigger.v:35$68.$auto$alumacc.cc:548:replace_alu$15550.Y [75]
                                                   \Trigger.Counter [75] -> $techmap$techmap$flatten\Trigger.$add$/home/shreya/HT_detection_GNN/trusthub/AES_unzipped/AES-T1200/AES-T1200/src/TjIn/Trojan_Trigger.v:35$68.$auto$alumacc.cc:548:replace_alu$15550.lcu.$and$/home/shreya/oss-cad-suite/lib/../share/yosys/techmap.v:241$16198_Y
Breaking loop using new signal $abcloop$18469$121: \Trigger.Counter [45] -> $auto$rtlil.cc:3488:NotGate$18378
                                                   \Trigger.Counter [45] -> $techmap$flatten\Trigger.$add$/home/shreya/HT_detection_GNN/trusthub/AES_unzipped/AES-T1200/AES-T1200/src/TjIn/Trojan_Trigger.v:35$68.$auto$alumacc.cc:548:replace_alu$15550.Y [45]
                                                   \Trigger.Counter [45] -> $techmap$techmap$flatten\Trigger.$add$/home/shreya/HT_detection_GNN/trusthub/AES_unzipped/AES-T1200/AES-T1200/src/TjIn/Trojan_Trigger.v:35$68.$auto$alumacc.cc:548:replace_alu$15550.lcu.$and$/home/shreya/oss-cad-suite/lib/../share/yosys/techmap.v:241$16153_Y
Breaking loop using new signal $abcloop$18469$122: \Trigger.Counter [115] -> $auto$rtlil.cc:3488:NotGate$18238
                                                   \Trigger.Counter [115] -> $techmap$techmap$flatten\Trigger.$add$/home/shreya/HT_detection_GNN/trusthub/AES_unzipped/AES-T1200/AES-T1200/src/TjIn/Trojan_Trigger.v:35$68.$auto$alumacc.cc:548:replace_alu$15550.lcu.$and$/home/shreya/oss-cad-suite/lib/../share/yosys/techmap.v:241$16258_Y
                                                   \Trigger.Counter [115] -> $techmap$flatten\Trigger.$add$/home/shreya/HT_detection_GNN/trusthub/AES_unzipped/AES-T1200/AES-T1200/src/TjIn/Trojan_Trigger.v:35$68.$auto$alumacc.cc:548:replace_alu$15550.Y [115]
Breaking loop using new signal $abcloop$18469$123: \Trigger.Counter [126] -> $techmap$flatten\Trigger.$add$/home/shreya/HT_detection_GNN/trusthub/AES_unzipped/AES-T1200/AES-T1200/src/TjIn/Trojan_Trigger.v:35$68.$auto$alumacc.cc:548:replace_alu$15550.Y [126]
                                                   \Trigger.Counter [126] -> $auto$rtlil.cc:3488:NotGate$18216
                                                   \Trigger.Counter [126] -> $techmap$flatten\Trigger.$add$/home/shreya/HT_detection_GNN/trusthub/AES_unzipped/AES-T1200/AES-T1200/src/TjIn/Trojan_Trigger.v:35$68.$auto$alumacc.cc:548:replace_alu$15550.CO [126]
Breaking loop using new signal $abcloop$18469$124: \Trigger.Counter [17] -> $auto$rtlil.cc:3488:NotGate$18434
                                                   \Trigger.Counter [17] -> $techmap$flatten\Trigger.$add$/home/shreya/HT_detection_GNN/trusthub/AES_unzipped/AES-T1200/AES-T1200/src/TjIn/Trojan_Trigger.v:35$68.$auto$alumacc.cc:548:replace_alu$15550.Y [17]
                                                   \Trigger.Counter [17] -> $techmap$techmap$flatten\Trigger.$add$/home/shreya/HT_detection_GNN/trusthub/AES_unzipped/AES-T1200/AES-T1200/src/TjIn/Trojan_Trigger.v:35$68.$auto$alumacc.cc:548:replace_alu$15550.lcu.$and$/home/shreya/oss-cad-suite/lib/../share/yosys/techmap.v:241$16111_Y
Breaking loop using new signal $abcloop$18469$125: \Trigger.Counter [105] -> $auto$rtlil.cc:3488:NotGate$18258
                                                   \Trigger.Counter [105] -> $techmap$flatten\Trigger.$add$/home/shreya/HT_detection_GNN/trusthub/AES_unzipped/AES-T1200/AES-T1200/src/TjIn/Trojan_Trigger.v:35$68.$auto$alumacc.cc:548:replace_alu$15550.Y [105]
                                                   \Trigger.Counter [105] -> $techmap$techmap$flatten\Trigger.$add$/home/shreya/HT_detection_GNN/trusthub/AES_unzipped/AES-T1200/AES-T1200/src/TjIn/Trojan_Trigger.v:35$68.$auto$alumacc.cc:548:replace_alu$15550.lcu.$and$/home/shreya/oss-cad-suite/lib/../share/yosys/techmap.v:241$16243_Y
Breaking loop using new signal $abcloop$18469$126: \Trigger.Counter [119] -> $auto$rtlil.cc:3488:NotGate$18230
                                                   \Trigger.Counter [119] -> $techmap$flatten\Trigger.$add$/home/shreya/HT_detection_GNN/trusthub/AES_unzipped/AES-T1200/AES-T1200/src/TjIn/Trojan_Trigger.v:35$68.$auto$alumacc.cc:548:replace_alu$15550.Y [119]
                                                   \Trigger.Counter [119] -> $techmap$techmap$flatten\Trigger.$add$/home/shreya/HT_detection_GNN/trusthub/AES_unzipped/AES-T1200/AES-T1200/src/TjIn/Trojan_Trigger.v:35$68.$auto$alumacc.cc:548:replace_alu$15550.lcu.$and$/home/shreya/oss-cad-suite/lib/../share/yosys/techmap.v:241$16264_Y
Breaking loop using new signal $abcloop$18469$127: \Trigger.Counter [27] -> $auto$rtlil.cc:3488:NotGate$18414
                                                   \Trigger.Counter [27] -> $techmap$techmap$flatten\Trigger.$add$/home/shreya/HT_detection_GNN/trusthub/AES_unzipped/AES-T1200/AES-T1200/src/TjIn/Trojan_Trigger.v:35$68.$auto$alumacc.cc:548:replace_alu$15550.lcu.$and$/home/shreya/oss-cad-suite/lib/../share/yosys/techmap.v:241$16126_Y
                                                   \Trigger.Counter [27] -> $techmap$flatten\Trigger.$add$/home/shreya/HT_detection_GNN/trusthub/AES_unzipped/AES-T1200/AES-T1200/src/TjIn/Trojan_Trigger.v:35$68.$auto$alumacc.cc:548:replace_alu$15550.Y [27]
Breaking loop using new signal $abcloop$18469$128: \Trigger.Counter [127] -> $techmap$flatten\Trigger.$add$/home/shreya/HT_detection_GNN/trusthub/AES_unzipped/AES-T1200/AES-T1200/src/TjIn/Trojan_Trigger.v:35$68.$auto$alumacc.cc:548:replace_alu$15550.Y [127]
                                                   \Trigger.Counter [127] -> $auto$rtlil.cc:3488:NotGate$18214

15.1.1. Executed ABC.
Extracted 9076 gates and 14796 wires to a netlist network with 5718 inputs and 3694 outputs.
Running ABC script: <abc-temp-dir>/abc.script
ABC: UC Berkeley, ABC 1.01 (compiled Sep  8 2026 05:10:04)
ABC: abc 01> empty
ABC: abc 01> source <abc-temp-dir>/abc.script
ABC: + read_blif <abc-temp-dir>/input.blif 
ABC: + read_library <abc-temp-dir>/stdcells.genlib 
ABC: + strash 
ABC: + &get -n 
ABC: + &fraig -x 
ABC: + &put 
ABC: + scorr 
ABC: Warning: The network is combinational (run "fraig" or "fraig_sweep").
ABC: + dc2 
ABC: + dretime 
ABC: + strash 
ABC: + &get -n 
ABC: + &dch -f 
ABC: + &nf 
ABC: + &put 
ABC: + write_blif <abc-temp-dir>/output.blif 
ABC: 
ABC: YOSYS_ABC_DONE 

15.1.2. Re-integrating ABC results.
ABC RESULTS:               AND cells:      129
ABC RESULTS:            ANDNOT cells:      128
ABC RESULTS:              NAND cells:       60
ABC RESULTS:               NOR cells:      254
ABC RESULTS:               NOT cells:       16
ABC RESULTS:                OR cells:        2
ABC RESULTS:              XNOR cells:     3334
ABC RESULTS:               XOR cells:     4366
ABC RESULTS:        internal signals:     5384
ABC RESULTS:           input signals:     5718
ABC RESULTS:          output signals:     3694
Removing temp directory.
Removing global temp directory.

16. Executing OPT pass (performing simple optimizations).

16.1. Executing OPT_EXPR pass (perform const folding).
Optimizing module top.
Couldn't topologically sort cells, optimizing module top may take a longer time.
Couldn't topologically sort cells, optimizing module top may take a longer time.

16.2. Executing OPT_MERGE pass (detect identical cells).
Finding identical cells in module `\top'.
Computing hashes of 16287 cells of `\top'.
Finding duplicate cells in `\top'.
Removed a total of 0 cells.

16.3. Executing OPT_MUXTREE pass (detect dead branches in mux trees).
Running muxtree optimizer on module \top..
  Creating internal representation of mux trees.
  No muxes found in this module.
Removed 0 multiplexer ports.

16.4. Executing OPT_REDUCE pass (consolidate $*mux and $reduce_* inputs).
  Optimizing cells in module \top.
Performed a total of 0 changes.

16.5. Executing OPT_MERGE pass (detect identical cells).
Finding identical cells in module `\top'.
Computing hashes of 16287 cells of `\top'.
Finding duplicate cells in `\top'.
Removed a total of 0 cells.

16.6. Executing OPT_DFF pass (perform DFF optimizations).

16.7. Executing OPT_CLEAN pass (remove unused cells and wires).
Finding unused cells or wires in module \top..
Removed 0 unused cells and 9763 unused wires.
<suppressed ~13 debug messages>

16.8. Executing OPT_EXPR pass (perform const folding).
Optimizing module top.
Couldn't topologically sort cells, optimizing module top may take a longer time.
Couldn't topologically sort cells, optimizing module top may take a longer time.

16.9. Rerunning OPT passes. (Maybe there is more to do..)

16.10. Executing OPT_MUXTREE pass (detect dead branches in mux trees).
Running muxtree optimizer on module \top..
  Creating internal representation of mux trees.
  No muxes found in this module.
Removed 0 multiplexer ports.

16.11. Executing OPT_REDUCE pass (consolidate $*mux and $reduce_* inputs).
  Optimizing cells in module \top.
Performed a total of 0 changes.

16.12. Executing OPT_MERGE pass (detect identical cells).
Finding identical cells in module `\top'.
Computing hashes of 16287 cells of `\top'.
Finding duplicate cells in `\top'.
Removed a total of 0 cells.

16.13. Executing OPT_DFF pass (perform DFF optimizations).

16.14. Executing OPT_CLEAN pass (remove unused cells and wires).
Finding unused cells or wires in module \top..

16.15. Executing OPT_EXPR pass (perform const folding).
Optimizing module top.
Couldn't topologically sort cells, optimizing module top may take a longer time.
Couldn't topologically sort cells, optimizing module top may take a longer time.

16.16. Finished fast OPT passes. (There is nothing left to do.)

17. Executing Verilog backend.
Dumping module `\top'.

End of script. Logfile hash: c34678d2f2, time: 3.66s, user: 2.41s, system: 0.08s, MEM: 66.25 MB peak
Yosys 0.68+201 (git sha1 7c26ff16c-dirty, Release, Clang /usr/bin/clang++ 21.1.8)
Time spent: 40% 1x abc (1 sec), 20% 9x opt_clean (0 sec), ...

