
 /----------------------------------------------------------------------------\
 |  yosys -- Yosys Open SYnthesis Suite                                       |
 |  Copyright (C) 2012 - 2026  Claire Xenia Wolf <claire@yosyshq.com>         |
 |  Distributed under an ISC-like license, type "license" to see terms        |
 \----------------------------------------------------------------------------/
 Yosys 0.68+201 (git sha1 7c26ff16c-dirty, Release, Clang /usr/bin/clang++ 21.1.8)

-- Executing script file `/home/shreya/HT_detection_GNN/trusthub/netlists/AES/AES-T1700/trojan.ys' --

1. Executing Verilog-2005 frontend: /home/shreya/HT_detection_GNN/trusthub/AES_unzipped/AES-T1700/AES-T1700/src/TjIn/AM_Transmission.v
Parsing Verilog input from `/home/shreya/HT_detection_GNN/trusthub/AES_unzipped/AES-T1700/AES-T1700/src/TjIn/AM_Transmission.v' to AST representation.
Generating RTLIL representation for module `\AM_Transmission'.
/home/shreya/HT_detection_GNN/trusthub/AES_unzipped/AES-T1700/AES-T1700/src/TjIn/AM_Transmission.v:59: Warning: Identifier `\beep1' is implicitly declared.
/home/shreya/HT_detection_GNN/trusthub/AES_unzipped/AES-T1700/AES-T1700/src/TjIn/AM_Transmission.v:60: Warning: Identifier `\beep2' is implicitly declared.
/home/shreya/HT_detection_GNN/trusthub/AES_unzipped/AES-T1700/AES-T1700/src/TjIn/AM_Transmission.v:61: Warning: Identifier `\beeps' is implicitly declared.
/home/shreya/HT_detection_GNN/trusthub/AES_unzipped/AES-T1700/AES-T1700/src/TjIn/AM_Transmission.v:62: Warning: Identifier `\MUX_Sel' is implicitly declared.
Successfully finished Verilog frontend.

2. Executing Verilog-2005 frontend: /home/shreya/HT_detection_GNN/trusthub/AES_unzipped/AES-T1700/AES-T1700/src/TjIn/Trojan_Trigger.v
Parsing Verilog input from `/home/shreya/HT_detection_GNN/trusthub/AES_unzipped/AES-T1700/AES-T1700/src/TjIn/Trojan_Trigger.v' to AST representation.
Generating RTLIL representation for module `\Trojan_Trigger'.
Note: Assuming pure combinatorial block at /home/shreya/HT_detection_GNN/trusthub/AES_unzipped/AES-T1700/AES-T1700/src/TjIn/Trojan_Trigger.v:30.2-37.5 in
compliance with IEC 62142(E):2005 / IEEE Std. 1364.1(E):2002. Recommending
use of @* instead of @(...) for better match of synthesis and simulation.
Note: Assuming pure combinatorial block at /home/shreya/HT_detection_GNN/trusthub/AES_unzipped/AES-T1700/AES-T1700/src/TjIn/Trojan_Trigger.v:39.2-48.5 in
compliance with IEC 62142(E):2005 / IEEE Std. 1364.1(E):2002. Recommending
use of @* instead of @(...) for better match of synthesis and simulation.
Successfully finished Verilog frontend.

3. Executing Verilog-2005 frontend: /home/shreya/HT_detection_GNN/trusthub/AES_unzipped/AES-T1700/AES-T1700/src/TjIn/aes_128.v
Parsing Verilog input from `/home/shreya/HT_detection_GNN/trusthub/AES_unzipped/AES-T1700/AES-T1700/src/TjIn/aes_128.v' to AST representation.
Generating RTLIL representation for module `\aes_128'.
Generating RTLIL representation for module `\expand_key_128'.
Successfully finished Verilog frontend.

4. Executing Verilog-2005 frontend: /home/shreya/HT_detection_GNN/trusthub/AES_unzipped/AES-T1700/AES-T1700/src/TjIn/round.v
Parsing Verilog input from `/home/shreya/HT_detection_GNN/trusthub/AES_unzipped/AES-T1700/AES-T1700/src/TjIn/round.v' to AST representation.
Generating RTLIL representation for module `\one_round'.
Generating RTLIL representation for module `\final_round'.
Successfully finished Verilog frontend.

5. Executing Verilog-2005 frontend: /home/shreya/HT_detection_GNN/trusthub/AES_unzipped/AES-T1700/AES-T1700/src/TjIn/table.v
Parsing Verilog input from `/home/shreya/HT_detection_GNN/trusthub/AES_unzipped/AES-T1700/AES-T1700/src/TjIn/table.v' to AST representation.
Generating RTLIL representation for module `\table_lookup'.
Generating RTLIL representation for module `\S4'.
Generating RTLIL representation for module `\T'.
Generating RTLIL representation for module `\S'.
Generating RTLIL representation for module `\xS'.
Successfully finished Verilog frontend.

6. Executing Verilog-2005 frontend: /home/shreya/HT_detection_GNN/trusthub/AES_unzipped/AES-T1700/AES-T1700/src/TjIn/top.v
Parsing Verilog input from `/home/shreya/HT_detection_GNN/trusthub/AES_unzipped/AES-T1700/AES-T1700/src/TjIn/top.v' to AST representation.
Generating RTLIL representation for module `\top'.
Successfully finished Verilog frontend.

7. Executing HIERARCHY pass (managing design hierarchy).

7.1. Analyzing design hierarchy..
Top module:  \top
Used module:     \AM_Transmission
Used module:     \Trojan_Trigger
Used module:     \aes_128
Used module:         \final_round
Used module:             \S4
Used module:                 \S
Used module:         \one_round
Used module:             \table_lookup
Used module:                 \T
Used module:                     \xS
Used module:         \expand_key_128

7.2. Analyzing design hierarchy..
Top module:  \top
Used module:     \AM_Transmission
Used module:     \Trojan_Trigger
Used module:     \aes_128
Used module:         \final_round
Used module:             \S4
Used module:                 \S
Used module:         \one_round
Used module:             \table_lookup
Used module:                 \T
Used module:                     \xS
Used module:         \expand_key_128
Removed 0 unused modules.
Mapping positional arguments of cell top.TSC (AM_Transmission).
Mapping positional arguments of cell top.Tj_Trigger (Trojan_Trigger).
Mapping positional arguments of cell top.AES (aes_128).
Mapping positional arguments of cell T.s4 (xS).
Mapping positional arguments of cell T.s0 (S).
Mapping positional arguments of cell S4.S_3 (S).
Mapping positional arguments of cell S4.S_2 (S).
Mapping positional arguments of cell S4.S_1 (S).
Mapping positional arguments of cell S4.S_0 (S).
Mapping positional arguments of cell table_lookup.t3 (T).
Mapping positional arguments of cell table_lookup.t2 (T).
Mapping positional arguments of cell table_lookup.t1 (T).
Mapping positional arguments of cell table_lookup.t0 (T).
Mapping positional arguments of cell final_round.S4_4 (S4).
Mapping positional arguments of cell final_round.S4_3 (S4).
Mapping positional arguments of cell final_round.S4_2 (S4).
Mapping positional arguments of cell final_round.S4_1 (S4).
Mapping positional arguments of cell one_round.t3 (table_lookup).
Mapping positional arguments of cell one_round.t2 (table_lookup).
Mapping positional arguments of cell one_round.t1 (table_lookup).
Mapping positional arguments of cell one_round.t0 (table_lookup).
Mapping positional arguments of cell expand_key_128.S4_0 (S4).
Mapping positional arguments of cell aes_128.rf (final_round).
Mapping positional arguments of cell aes_128.r9 (one_round).
Mapping positional arguments of cell aes_128.r8 (one_round).
Mapping positional arguments of cell aes_128.r7 (one_round).
Mapping positional arguments of cell aes_128.r6 (one_round).
Mapping positional arguments of cell aes_128.r5 (one_round).
Mapping positional arguments of cell aes_128.r4 (one_round).
Mapping positional arguments of cell aes_128.r3 (one_round).
Mapping positional arguments of cell aes_128.r2 (one_round).
Mapping positional arguments of cell aes_128.r1 (one_round).
Mapping positional arguments of cell aes_128.a10 (expand_key_128).
Mapping positional arguments of cell aes_128.a9 (expand_key_128).
Mapping positional arguments of cell aes_128.a8 (expand_key_128).
Mapping positional arguments of cell aes_128.a7 (expand_key_128).
Mapping positional arguments of cell aes_128.a6 (expand_key_128).
Mapping positional arguments of cell aes_128.a5 (expand_key_128).
Mapping positional arguments of cell aes_128.a4 (expand_key_128).
Mapping positional arguments of cell aes_128.a3 (expand_key_128).
Mapping positional arguments of cell aes_128.a2 (expand_key_128).
Mapping positional arguments of cell aes_128.a1 (expand_key_128).

8. Executing PROC pass (convert processes to netlists).

8.1. Executing PROC_CLEAN pass (remove empty switches from decision trees).
Cleaned up 0 empty switches.

8.2. Executing PROC_RMDEAD pass (remove dead branches from decision trees).
Marked 1 switch rules as full_case in process $proc$/home/shreya/HT_detection_GNN/trusthub/AES_unzipped/AES-T1700/AES-T1700/src/TjIn/table.v:331$64 in module xS.
Marked 1 switch rules as full_case in process $proc$/home/shreya/HT_detection_GNN/trusthub/AES_unzipped/AES-T1700/AES-T1700/src/TjIn/table.v:64$63 in module S.
Marked 2 switch rules as full_case in process $proc$/home/shreya/HT_detection_GNN/trusthub/AES_unzipped/AES-T1700/AES-T1700/src/TjIn/Trojan_Trigger.v:39$25 in module Trojan_Trigger.
Marked 1 switch rules as full_case in process $proc$/home/shreya/HT_detection_GNN/trusthub/AES_unzipped/AES-T1700/AES-T1700/src/TjIn/Trojan_Trigger.v:30$22 in module Trojan_Trigger.
Marked 1 switch rules as full_case in process $proc$/home/shreya/HT_detection_GNN/trusthub/AES_unzipped/AES-T1700/AES-T1700/src/TjIn/AM_Transmission.v:41$6 in module AM_Transmission.
Marked 1 switch rules as full_case in process $proc$/home/shreya/HT_detection_GNN/trusthub/AES_unzipped/AES-T1700/AES-T1700/src/TjIn/AM_Transmission.v:32$1 in module AM_Transmission.
Removed a total of 0 dead cases.

8.3. Executing PROC_PRUNE pass (remove redundant assignments in processes).
Removed 6 redundant assignments.
Promoted 6 assignments to connections.

8.4. Executing PROC_INIT pass (extract init attributes).

8.5. Executing PROC_ARST pass (detect async resets in processes).
Found async reset \Tj_Trig in `\AM_Transmission.$proc$/home/shreya/HT_detection_GNN/trusthub/AES_unzipped/AES-T1700/AES-T1700/src/TjIn/AM_Transmission.v:41$6'.

8.6. Executing PROC_ROM pass (convert switches to ROMs).
Converted 2 switches.
<suppressed ~4 debug messages>

8.7. Executing PROC_MUX pass (convert decision trees to multiplexers).
Creating decoders for process `\xS.$proc$/home/shreya/HT_detection_GNN/trusthub/AES_unzipped/AES-T1700/AES-T1700/src/TjIn/table.v:331$64'.
     1/1: $0\out[7:0]
Creating decoders for process `\S.$proc$/home/shreya/HT_detection_GNN/trusthub/AES_unzipped/AES-T1700/AES-T1700/src/TjIn/table.v:64$63'.
     1/1: $0\out[7:0]
Creating decoders for process `\final_round.$proc$/home/shreya/HT_detection_GNN/trusthub/AES_unzipped/AES-T1700/AES-T1700/src/TjIn/round.v:78$61'.
Creating decoders for process `\one_round.$proc$/home/shreya/HT_detection_GNN/trusthub/AES_unzipped/AES-T1700/AES-T1700/src/TjIn/round.v:45$56'.
Creating decoders for process `\expand_key_128.$proc$/home/shreya/HT_detection_GNN/trusthub/AES_unzipped/AES-T1700/AES-T1700/src/TjIn/aes_128.v:88$39'.
Creating decoders for process `\expand_key_128.$proc$/home/shreya/HT_detection_GNN/trusthub/AES_unzipped/AES-T1700/AES-T1700/src/TjIn/aes_128.v:77$34'.
Creating decoders for process `\aes_128.$proc$/home/shreya/HT_detection_GNN/trusthub/AES_unzipped/AES-T1700/AES-T1700/src/TjIn/aes_128.v:26$28'.
Creating decoders for process `\Trojan_Trigger.$proc$/home/shreya/HT_detection_GNN/trusthub/AES_unzipped/AES-T1700/AES-T1700/src/TjIn/Trojan_Trigger.v:39$25'.
     1/1: $0\Tj_Trig[0:0]
Creating decoders for process `\Trojan_Trigger.$proc$/home/shreya/HT_detection_GNN/trusthub/AES_unzipped/AES-T1700/AES-T1700/src/TjIn/Trojan_Trigger.v:30$22'.
     1/1: $0\Counter[127:0]
Creating decoders for process `\AM_Transmission.$proc$/home/shreya/HT_detection_GNN/trusthub/AES_unzipped/AES-T1700/AES-T1700/src/TjIn/AM_Transmission.v:41$6'.
     1/1: $0\SHIFTReg[127:0]
Creating decoders for process `\AM_Transmission.$proc$/home/shreya/HT_detection_GNN/trusthub/AES_unzipped/AES-T1700/AES-T1700/src/TjIn/AM_Transmission.v:32$1'.
     1/1: $0\Baud8GeneratorACC[25:0]

8.8. Executing PROC_DLATCH pass (convert process syncs to latches).
No latch inferred for signal `\Trojan_Trigger.\Tj_Trig' from process `\Trojan_Trigger.$proc$/home/shreya/HT_detection_GNN/trusthub/AES_unzipped/AES-T1700/AES-T1700/src/TjIn/Trojan_Trigger.v:39$25'.
No latch inferred for signal `\Trojan_Trigger.\Counter' from process `\Trojan_Trigger.$proc$/home/shreya/HT_detection_GNN/trusthub/AES_unzipped/AES-T1700/AES-T1700/src/TjIn/Trojan_Trigger.v:30$22'.

8.9. Executing PROC_DFF pass (convert process syncs to FFs).
Creating register for signal `\xS.\out' using process `\xS.$proc$/home/shreya/HT_detection_GNN/trusthub/AES_unzipped/AES-T1700/AES-T1700/src/TjIn/table.v:331$64'.
  created $dff cell `$procdff$87' with positive edge clock.
Creating register for signal `\S.\out' using process `\S.$proc$/home/shreya/HT_detection_GNN/trusthub/AES_unzipped/AES-T1700/AES-T1700/src/TjIn/table.v:64$63'.
  created $dff cell `$procdff$88' with positive edge clock.
Creating register for signal `\final_round.\state_out' using process `\final_round.$proc$/home/shreya/HT_detection_GNN/trusthub/AES_unzipped/AES-T1700/AES-T1700/src/TjIn/round.v:78$61'.
  created $dff cell `$procdff$89' with positive edge clock.
Creating register for signal `\one_round.\state_out' using process `\one_round.$proc$/home/shreya/HT_detection_GNN/trusthub/AES_unzipped/AES-T1700/AES-T1700/src/TjIn/round.v:45$56'.
  created $dff cell `$procdff$90' with positive edge clock.
Creating register for signal `\expand_key_128.\out_1' using process `\expand_key_128.$proc$/home/shreya/HT_detection_GNN/trusthub/AES_unzipped/AES-T1700/AES-T1700/src/TjIn/aes_128.v:88$39'.
  created $dff cell `$procdff$91' with positive edge clock.
Creating register for signal `\expand_key_128.\k0a' using process `\expand_key_128.$proc$/home/shreya/HT_detection_GNN/trusthub/AES_unzipped/AES-T1700/AES-T1700/src/TjIn/aes_128.v:77$34'.
  created $dff cell `$procdff$92' with positive edge clock.
Creating register for signal `\expand_key_128.\k1a' using process `\expand_key_128.$proc$/home/shreya/HT_detection_GNN/trusthub/AES_unzipped/AES-T1700/AES-T1700/src/TjIn/aes_128.v:77$34'.
  created $dff cell `$procdff$93' with positive edge clock.
Creating register for signal `\expand_key_128.\k2a' using process `\expand_key_128.$proc$/home/shreya/HT_detection_GNN/trusthub/AES_unzipped/AES-T1700/AES-T1700/src/TjIn/aes_128.v:77$34'.
  created $dff cell `$procdff$94' with positive edge clock.
Creating register for signal `\expand_key_128.\k3a' using process `\expand_key_128.$proc$/home/shreya/HT_detection_GNN/trusthub/AES_unzipped/AES-T1700/AES-T1700/src/TjIn/aes_128.v:77$34'.
  created $dff cell `$procdff$95' with positive edge clock.
Creating register for signal `\aes_128.\s0' using process `\aes_128.$proc$/home/shreya/HT_detection_GNN/trusthub/AES_unzipped/AES-T1700/AES-T1700/src/TjIn/aes_128.v:26$28'.
  created $dff cell `$procdff$96' with positive edge clock.
Creating register for signal `\aes_128.\k0' using process `\aes_128.$proc$/home/shreya/HT_detection_GNN/trusthub/AES_unzipped/AES-T1700/AES-T1700/src/TjIn/aes_128.v:26$28'.
  created $dff cell `$procdff$97' with positive edge clock.
Creating register for signal `\AM_Transmission.\SHIFTReg' using process `\AM_Transmission.$proc$/home/shreya/HT_detection_GNN/trusthub/AES_unzipped/AES-T1700/AES-T1700/src/TjIn/AM_Transmission.v:41$6'.
Warning: Async reset value `\key' is not constant!
  created $aldff cell `$procdff$100' with positive edge clock and positive level non-const reset.
Creating register for signal `\AM_Transmission.\Baud8GeneratorACC' using process `\AM_Transmission.$proc$/home/shreya/HT_detection_GNN/trusthub/AES_unzipped/AES-T1700/AES-T1700/src/TjIn/AM_Transmission.v:32$1'.
  created $dff cell `$procdff$101' with positive edge clock.

8.10. Executing PROC_MEMWR pass (convert process memory writes to cells).

8.11. Executing PROC_CLEAN pass (remove empty switches from decision trees).
Found and cleaned up 1 empty switch in `\xS.$proc$/home/shreya/HT_detection_GNN/trusthub/AES_unzipped/AES-T1700/AES-T1700/src/TjIn/table.v:331$64'.
Removing empty process `xS.$proc$/home/shreya/HT_detection_GNN/trusthub/AES_unzipped/AES-T1700/AES-T1700/src/TjIn/table.v:331$64'.
Found and cleaned up 1 empty switch in `\S.$proc$/home/shreya/HT_detection_GNN/trusthub/AES_unzipped/AES-T1700/AES-T1700/src/TjIn/table.v:64$63'.
Removing empty process `S.$proc$/home/shreya/HT_detection_GNN/trusthub/AES_unzipped/AES-T1700/AES-T1700/src/TjIn/table.v:64$63'.
Removing empty process `final_round.$proc$/home/shreya/HT_detection_GNN/trusthub/AES_unzipped/AES-T1700/AES-T1700/src/TjIn/round.v:78$61'.
Removing empty process `one_round.$proc$/home/shreya/HT_detection_GNN/trusthub/AES_unzipped/AES-T1700/AES-T1700/src/TjIn/round.v:45$56'.
Removing empty process `expand_key_128.$proc$/home/shreya/HT_detection_GNN/trusthub/AES_unzipped/AES-T1700/AES-T1700/src/TjIn/aes_128.v:88$39'.
Removing empty process `expand_key_128.$proc$/home/shreya/HT_detection_GNN/trusthub/AES_unzipped/AES-T1700/AES-T1700/src/TjIn/aes_128.v:77$34'.
Removing empty process `aes_128.$proc$/home/shreya/HT_detection_GNN/trusthub/AES_unzipped/AES-T1700/AES-T1700/src/TjIn/aes_128.v:26$28'.
Found and cleaned up 2 empty switches in `\Trojan_Trigger.$proc$/home/shreya/HT_detection_GNN/trusthub/AES_unzipped/AES-T1700/AES-T1700/src/TjIn/Trojan_Trigger.v:39$25'.
Removing empty process `Trojan_Trigger.$proc$/home/shreya/HT_detection_GNN/trusthub/AES_unzipped/AES-T1700/AES-T1700/src/TjIn/Trojan_Trigger.v:39$25'.
Found and cleaned up 1 empty switch in `\Trojan_Trigger.$proc$/home/shreya/HT_detection_GNN/trusthub/AES_unzipped/AES-T1700/AES-T1700/src/TjIn/Trojan_Trigger.v:30$22'.
Removing empty process `Trojan_Trigger.$proc$/home/shreya/HT_detection_GNN/trusthub/AES_unzipped/AES-T1700/AES-T1700/src/TjIn/Trojan_Trigger.v:30$22'.
Removing empty process `AM_Transmission.$proc$/home/shreya/HT_detection_GNN/trusthub/AES_unzipped/AES-T1700/AES-T1700/src/TjIn/AM_Transmission.v:41$6'.
Found and cleaned up 1 empty switch in `\AM_Transmission.$proc$/home/shreya/HT_detection_GNN/trusthub/AES_unzipped/AES-T1700/AES-T1700/src/TjIn/AM_Transmission.v:32$1'.
Removing empty process `AM_Transmission.$proc$/home/shreya/HT_detection_GNN/trusthub/AES_unzipped/AES-T1700/AES-T1700/src/TjIn/AM_Transmission.v:32$1'.
Cleaned up 6 empty switches.

8.12. Executing OPT_EXPR pass (perform const folding).
Optimizing module top.
Optimizing module xS.
Optimizing module S.
Optimizing module T.
Optimizing module S4.
Optimizing module table_lookup.
Optimizing module final_round.
Optimizing module one_round.
Optimizing module expand_key_128.
Optimizing module aes_128.
Optimizing module Trojan_Trigger.
Couldn't topologically sort cells, optimizing module Trojan_Trigger may take a longer time.
Couldn't topologically sort cells, optimizing module Trojan_Trigger may take a longer time.
<suppressed ~2 debug messages>
Optimizing module AM_Transmission.
<suppressed ~5 debug messages>

9. Executing OPT pass (performing simple optimizations).

9.1. Executing OPT_EXPR pass (perform const folding).
Optimizing module top.
Optimizing module xS.
Optimizing module S.
Optimizing module T.
Optimizing module S4.
Optimizing module table_lookup.
Optimizing module final_round.
Optimizing module one_round.
Optimizing module expand_key_128.
Optimizing module aes_128.
Optimizing module Trojan_Trigger.
Couldn't topologically sort cells, optimizing module Trojan_Trigger may take a longer time.
Couldn't topologically sort cells, optimizing module Trojan_Trigger may take a longer time.
Optimizing module AM_Transmission.

9.2. Executing OPT_MERGE pass (detect identical cells).
Finding identical cells in module `\top'.
Computing hashes of 3 cells of `\top'.
Finding duplicate cells in `\top'.
Finding identical cells in module `\xS'.
Computing hashes of 3 cells of `\xS'.
Finding duplicate cells in `\xS'.
Finding identical cells in module `\S'.
Computing hashes of 3 cells of `\S'.
Finding duplicate cells in `\S'.
Finding identical cells in module `\T'.
Computing hashes of 3 cells of `\T'.
Finding duplicate cells in `\T'.
Finding identical cells in module `\S4'.
Computing hashes of 4 cells of `\S4'.
Finding duplicate cells in `\S4'.
Finding identical cells in module `\table_lookup'.
Computing hashes of 4 cells of `\table_lookup'.
Finding duplicate cells in `\table_lookup'.
Finding identical cells in module `\final_round'.
Computing hashes of 9 cells of `\final_round'.
Finding duplicate cells in `\final_round'.
Finding identical cells in module `\one_round'.
Computing hashes of 21 cells of `\one_round'.
Finding duplicate cells in `\one_round'.
Finding identical cells in module `\expand_key_128'.
Computing hashes of 14 cells of `\expand_key_128'.
Finding duplicate cells in `\expand_key_128'.
Finding identical cells in module `\aes_128'.
Computing hashes of 23 cells of `\aes_128'.
Finding duplicate cells in `\aes_128'.
Finding identical cells in module `\Trojan_Trigger'.
Computing hashes of 5 cells of `\Trojan_Trigger'.
Finding duplicate cells in `\Trojan_Trigger'.
Finding identical cells in module `\AM_Transmission'.
Computing hashes of 18 cells of `\AM_Transmission'.
Finding duplicate cells in `\AM_Transmission'.
Removed a total of 0 cells.

9.3. Executing OPT_MUXTREE pass (detect dead branches in mux trees).
Running muxtree optimizer on module \top..
  Creating internal representation of mux trees.
  No muxes found in this module.
Running muxtree optimizer on module \xS..
  Creating internal representation of mux trees.
  No muxes found in this module.
Running muxtree optimizer on module \S..
  Creating internal representation of mux trees.
  No muxes found in this module.
Running muxtree optimizer on module \T..
  Creating internal representation of mux trees.
  No muxes found in this module.
Running muxtree optimizer on module \S4..
  Creating internal representation of mux trees.
  No muxes found in this module.
Running muxtree optimizer on module \table_lookup..
  Creating internal representation of mux trees.
  No muxes found in this module.
Running muxtree optimizer on module \final_round..
  Creating internal representation of mux trees.
  No muxes found in this module.
Running muxtree optimizer on module \one_round..
  Creating internal representation of mux trees.
  No muxes found in this module.
Running muxtree optimizer on module \expand_key_128..
  Creating internal representation of mux trees.
  No muxes found in this module.
Running muxtree optimizer on module \aes_128..
  Creating internal representation of mux trees.
  No muxes found in this module.
Running muxtree optimizer on module \Trojan_Trigger..
  Creating internal representation of mux trees.
  Evaluating internal representation of mux trees.
  Analyzing evaluation results.
Running muxtree optimizer on module \AM_Transmission..
  Creating internal representation of mux trees.
  Evaluating internal representation of mux trees.
  Analyzing evaluation results.
Removed 0 multiplexer ports.
<suppressed ~9 debug messages>

9.4. Executing OPT_REDUCE pass (consolidate $*mux and $reduce_* inputs).
  Optimizing cells in module \top.
  Optimizing cells in module \xS.
  Optimizing cells in module \S.
  Optimizing cells in module \T.
  Optimizing cells in module \S4.
  Optimizing cells in module \table_lookup.
  Optimizing cells in module \final_round.
  Optimizing cells in module \one_round.
  Optimizing cells in module \expand_key_128.
  Optimizing cells in module \aes_128.
  Optimizing cells in module \Trojan_Trigger.
  Optimizing cells in module \AM_Transmission.
Performed a total of 0 changes.

9.5. Executing OPT_MERGE pass (detect identical cells).
Finding identical cells in module `\top'.
Computing hashes of 3 cells of `\top'.
Finding duplicate cells in `\top'.
Finding identical cells in module `\xS'.
Computing hashes of 3 cells of `\xS'.
Finding duplicate cells in `\xS'.
Finding identical cells in module `\S'.
Computing hashes of 3 cells of `\S'.
Finding duplicate cells in `\S'.
Finding identical cells in module `\T'.
Computing hashes of 3 cells of `\T'.
Finding duplicate cells in `\T'.
Finding identical cells in module `\S4'.
Computing hashes of 4 cells of `\S4'.
Finding duplicate cells in `\S4'.
Finding identical cells in module `\table_lookup'.
Computing hashes of 4 cells of `\table_lookup'.
Finding duplicate cells in `\table_lookup'.
Finding identical cells in module `\final_round'.
Computing hashes of 9 cells of `\final_round'.
Finding duplicate cells in `\final_round'.
Finding identical cells in module `\one_round'.
Computing hashes of 21 cells of `\one_round'.
Finding duplicate cells in `\one_round'.
Finding identical cells in module `\expand_key_128'.
Computing hashes of 14 cells of `\expand_key_128'.
Finding duplicate cells in `\expand_key_128'.
Finding identical cells in module `\aes_128'.
Computing hashes of 23 cells of `\aes_128'.
Finding duplicate cells in `\aes_128'.
Finding identical cells in module `\Trojan_Trigger'.
Computing hashes of 5 cells of `\Trojan_Trigger'.
Finding duplicate cells in `\Trojan_Trigger'.
Finding identical cells in module `\AM_Transmission'.
Computing hashes of 18 cells of `\AM_Transmission'.
Finding duplicate cells in `\AM_Transmission'.
Removed a total of 0 cells.

9.6. Executing OPT_DFF pass (perform DFF optimizations).
Adding SRST signal on $procdff$101 ($dff) from module AM_Transmission (D = $add$/home/shreya/HT_detection_GNN/trusthub/AES_unzipped/AES-T1700/AES-T1700/src/TjIn/AM_Transmission.v:37$5_Y [25:0], Q = \Baud8GeneratorACC, rval = 26'00000000000000000000000000).

9.7. Executing OPT_CLEAN pass (remove unused cells and wires).
Finding unused cells or wires in module \top..
Finding unused cells or wires in module \xS..
Finding unused cells or wires in module \S..
Finding unused cells or wires in module \T..
Finding unused cells or wires in module \S4..
Finding unused cells or wires in module \table_lookup..
Finding unused cells or wires in module \final_round..
Finding unused cells or wires in module \one_round..
Finding unused cells or wires in module \expand_key_128..
Finding unused cells or wires in module \aes_128..
Finding unused cells or wires in module \Trojan_Trigger..
Finding unused cells or wires in module \AM_Transmission..
Removed 1 unused cells and 51 unused wires.
<suppressed ~10 debug messages>

9.8. Executing OPT_EXPR pass (perform const folding).
Optimizing module top.
Optimizing module xS.
Optimizing module S.
Optimizing module T.
Optimizing module S4.
Optimizing module table_lookup.
Optimizing module final_round.
Optimizing module one_round.
Optimizing module expand_key_128.
Optimizing module aes_128.
Optimizing module Trojan_Trigger.
Couldn't topologically sort cells, optimizing module Trojan_Trigger may take a longer time.
Couldn't topologically sort cells, optimizing module Trojan_Trigger may take a longer time.
Optimizing module AM_Transmission.

9.9. Rerunning OPT passes. (Maybe there is more to do..)

9.10. Executing OPT_MUXTREE pass (detect dead branches in mux trees).
Running muxtree optimizer on module \top..
  Creating internal representation of mux trees.
  No muxes found in this module.
Running muxtree optimizer on module \xS..
  Creating internal representation of mux trees.
  No muxes found in this module.
Running muxtree optimizer on module \S..
  Creating internal representation of mux trees.
  No muxes found in this module.
Running muxtree optimizer on module \T..
  Creating internal representation of mux trees.
  No muxes found in this module.
Running muxtree optimizer on module \S4..
  Creating internal representation of mux trees.
  No muxes found in this module.
Running muxtree optimizer on module \table_lookup..
  Creating internal representation of mux trees.
  No muxes found in this module.
Running muxtree optimizer on module \final_round..
  Creating internal representation of mux trees.
  No muxes found in this module.
Running muxtree optimizer on module \one_round..
  Creating internal representation of mux trees.
  No muxes found in this module.
Running muxtree optimizer on module \expand_key_128..
  Creating internal representation of mux trees.
  No muxes found in this module.
Running muxtree optimizer on module \aes_128..
  Creating internal representation of mux trees.
  No muxes found in this module.
Running muxtree optimizer on module \Trojan_Trigger..
  Creating internal representation of mux trees.
  Evaluating internal representation of mux trees.
  Analyzing evaluation results.
Running muxtree optimizer on module \AM_Transmission..
  Creating internal representation of mux trees.
  Evaluating internal representation of mux trees.
  Analyzing evaluation results.
Removed 0 multiplexer ports.
<suppressed ~7 debug messages>

9.11. Executing OPT_REDUCE pass (consolidate $*mux and $reduce_* inputs).
  Optimizing cells in module \top.
  Optimizing cells in module \xS.
  Optimizing cells in module \S.
  Optimizing cells in module \T.
  Optimizing cells in module \S4.
  Optimizing cells in module \table_lookup.
  Optimizing cells in module \final_round.
  Optimizing cells in module \one_round.
  Optimizing cells in module \expand_key_128.
  Optimizing cells in module \aes_128.
  Optimizing cells in module \Trojan_Trigger.
  Optimizing cells in module \AM_Transmission.
Performed a total of 0 changes.

9.12. Executing OPT_MERGE pass (detect identical cells).
Finding identical cells in module `\top'.
Computing hashes of 3 cells of `\top'.
Finding duplicate cells in `\top'.
Finding identical cells in module `\xS'.
Computing hashes of 3 cells of `\xS'.
Finding duplicate cells in `\xS'.
Finding identical cells in module `\S'.
Computing hashes of 3 cells of `\S'.
Finding duplicate cells in `\S'.
Finding identical cells in module `\T'.
Computing hashes of 3 cells of `\T'.
Finding duplicate cells in `\T'.
Finding identical cells in module `\S4'.
Computing hashes of 4 cells of `\S4'.
Finding duplicate cells in `\S4'.
Finding identical cells in module `\table_lookup'.
Computing hashes of 4 cells of `\table_lookup'.
Finding duplicate cells in `\table_lookup'.
Finding identical cells in module `\final_round'.
Computing hashes of 9 cells of `\final_round'.
Finding duplicate cells in `\final_round'.
Finding identical cells in module `\one_round'.
Computing hashes of 21 cells of `\one_round'.
Finding duplicate cells in `\one_round'.
Finding identical cells in module `\expand_key_128'.
Computing hashes of 14 cells of `\expand_key_128'.
Finding duplicate cells in `\expand_key_128'.
Finding identical cells in module `\aes_128'.
Computing hashes of 23 cells of `\aes_128'.
Finding duplicate cells in `\aes_128'.
Finding identical cells in module `\Trojan_Trigger'.
Computing hashes of 5 cells of `\Trojan_Trigger'.
Finding duplicate cells in `\Trojan_Trigger'.
Finding identical cells in module `\AM_Transmission'.
Computing hashes of 17 cells of `\AM_Transmission'.
Finding duplicate cells in `\AM_Transmission'.
Removed a total of 0 cells.

9.13. Executing OPT_DFF pass (perform DFF optimizations).

9.14. Executing OPT_CLEAN pass (remove unused cells and wires).
Finding unused cells or wires in module \top..
Finding unused cells or wires in module \xS..
Finding unused cells or wires in module \S..
Finding unused cells or wires in module \T..
Finding unused cells or wires in module \S4..
Finding unused cells or wires in module \table_lookup..
Finding unused cells or wires in module \final_round..
Finding unused cells or wires in module \one_round..
Finding unused cells or wires in module \expand_key_128..
Finding unused cells or wires in module \aes_128..
Finding unused cells or wires in module \Trojan_Trigger..
Finding unused cells or wires in module \AM_Transmission..

9.15. Executing OPT_EXPR pass (perform const folding).
Optimizing module top.
Optimizing module xS.
Optimizing module S.
Optimizing module T.
Optimizing module S4.
Optimizing module table_lookup.
Optimizing module final_round.
Optimizing module one_round.
Optimizing module expand_key_128.
Optimizing module aes_128.
Optimizing module Trojan_Trigger.
Couldn't topologically sort cells, optimizing module Trojan_Trigger may take a longer time.
Couldn't topologically sort cells, optimizing module Trojan_Trigger may take a longer time.
Optimizing module AM_Transmission.

9.16. Finished fast OPT passes. (There is nothing left to do.)

10. Executing FLATTEN pass (flatten design).
Deleting now unused module xS.
Deleting now unused module S.
Deleting now unused module T.
Deleting now unused module S4.
Deleting now unused module table_lookup.
Deleting now unused module final_round.
Deleting now unused module one_round.
Deleting now unused module expand_key_128.
Deleting now unused module aes_128.
Deleting now unused module Trojan_Trigger.
Deleting now unused module AM_Transmission.
<suppressed ~42 debug messages>

11. Executing OPT pass (performing simple optimizations).

11.1. Executing OPT_EXPR pass (perform const folding).
Optimizing module top.
Couldn't topologically sort cells, optimizing module top may take a longer time.
Couldn't topologically sort cells, optimizing module top may take a longer time.
Couldn't topologically sort cells, optimizing module top may take a longer time.
<suppressed ~10 debug messages>

11.2. Executing OPT_MERGE pass (detect identical cells).
Finding identical cells in module `\top'.
Computing hashes of 2050 cells of `\top'.
Finding duplicate cells in `\top'.
Removed a total of 0 cells.

11.3. Executing OPT_MUXTREE pass (detect dead branches in mux trees).
Running muxtree optimizer on module \top..
  Creating internal representation of mux trees.
  Evaluating internal representation of mux trees.
  Analyzing evaluation results.
Removed 0 multiplexer ports.
<suppressed ~7 debug messages>

11.4. Executing OPT_REDUCE pass (consolidate $*mux and $reduce_* inputs).
  Optimizing cells in module \top.
Performed a total of 0 changes.

11.5. Executing OPT_MERGE pass (detect identical cells).
Finding identical cells in module `\top'.
Computing hashes of 2050 cells of `\top'.
Finding duplicate cells in `\top'.
Removed a total of 0 cells.

11.6. Executing OPT_DFF pass (perform DFF optimizations).

11.7. Executing OPT_CLEAN pass (remove unused cells and wires).
Finding unused cells or wires in module \top..
Removed 1 unused cells and 11 unused wires.
<suppressed ~3 debug messages>

11.8. Executing OPT_EXPR pass (perform const folding).
Optimizing module top.
Couldn't topologically sort cells, optimizing module top may take a longer time.
Couldn't topologically sort cells, optimizing module top may take a longer time.

11.9. Rerunning OPT passes. (Maybe there is more to do..)

11.10. Executing OPT_MUXTREE pass (detect dead branches in mux trees).
Running muxtree optimizer on module \top..
  Creating internal representation of mux trees.
  Evaluating internal representation of mux trees.
  Analyzing evaluation results.
Removed 0 multiplexer ports.
<suppressed ~7 debug messages>

11.11. Executing OPT_REDUCE pass (consolidate $*mux and $reduce_* inputs).
  Optimizing cells in module \top.
Performed a total of 0 changes.

11.12. Executing OPT_MERGE pass (detect identical cells).
Finding identical cells in module `\top'.
Computing hashes of 2049 cells of `\top'.
Finding duplicate cells in `\top'.
Removed a total of 0 cells.

11.13. Executing OPT_DFF pass (perform DFF optimizations).

11.14. Executing OPT_CLEAN pass (remove unused cells and wires).
Finding unused cells or wires in module \top..

11.15. Executing OPT_EXPR pass (perform const folding).
Optimizing module top.
Couldn't topologically sort cells, optimizing module top may take a longer time.
Couldn't topologically sort cells, optimizing module top may take a longer time.

11.16. Finished fast OPT passes. (There is nothing left to do.)

12. Executing TECHMAP pass (map to technology primitives).

12.1. Executing Verilog-2005 frontend: /home/shreya/oss-cad-suite/lib/../share/yosys/techmap.v
Parsing Verilog input from `/home/shreya/oss-cad-suite/lib/../share/yosys/techmap.v' to AST representation.
Generating RTLIL representation for module `\_90_simplemap_bool_ops'.
Generating RTLIL representation for module `\_90_simplemap_reduce_ops'.
Generating RTLIL representation for module `\_90_simplemap_logic_ops'.
Generating RTLIL representation for module `\_90_simplemap_compare_ops'.
Generating RTLIL representation for module `\_90_simplemap_various'.
Generating RTLIL representation for module `\_90_simplemap_registers'.
Generating RTLIL representation for module `\_90_shift_ops_shr_shl_sshl_sshr'.
Generating RTLIL representation for module `\_90_shift_shiftx'.
Generating RTLIL representation for module `\_90_fa'.
Generating RTLIL representation for module `\_90_lcu_brent_kung'.
Generating RTLIL representation for module `\_90_alu'.
Generating RTLIL representation for module `\_90_macc'.
Generating RTLIL representation for module `\_90_alumacc'.
Generating RTLIL representation for module `$__div_mod_u'.
Generating RTLIL representation for module `$__div_mod_trunc'.
Generating RTLIL representation for module `\_90_div'.
Generating RTLIL representation for module `\_90_mod'.
Generating RTLIL representation for module `$__div_mod_floor'.
Generating RTLIL representation for module `\_90_divfloor'.
Generating RTLIL representation for module `\_90_modfloor'.
Generating RTLIL representation for module `\_90_pow'.
Generating RTLIL representation for module `\_90_demux'.
Generating RTLIL representation for module `\_90_lut'.
Generating RTLIL representation for module `$connect'.
Generating RTLIL representation for module `$input_port'.
Successfully finished Verilog frontend.

12.2. Continuing TECHMAP pass.
Using extmapper simplemap for cells of type $not.
Using extmapper simplemap for cells of type $xor.
Using extmapper simplemap for cells of type $dff.
Using extmapper simplemap for cells of type $mux.
Using extmapper simplemap for cells of type $eq.
Running "alumacc" on wrapper $extern:wrap:$add:Y_WIDTH=128:B_WIDTH=32:A_WIDTH=128:B_SIGNED=0:A_SIGNED=0:394426c56d1a028ba8fdd5469b163e04011def47.
Using template $extern:wrap:$add:Y_WIDTH=128:B_WIDTH=32:A_WIDTH=128:B_SIGNED=0:A_SIGNED=0:394426c56d1a028ba8fdd5469b163e04011def47 for cells of type $extern:wrap:$add:Y_WIDTH=128:B_WIDTH=32:A_WIDTH=128:B_SIGNED=0:A_SIGNED=0:394426c56d1a028ba8fdd5469b163e04011def47.
Using extmapper simplemap for cells of type $and.
Using extmapper simplemap for cells of type $or.
Using extmapper simplemap for cells of type $logic_not.
Running "alumacc" on wrapper $extern:wrap:$add:Y_WIDTH=32:B_WIDTH=32:A_WIDTH=26:B_SIGNED=0:A_SIGNED=0:394426c56d1a028ba8fdd5469b163e04011def47.
Using template $extern:wrap:$add:Y_WIDTH=32:B_WIDTH=32:A_WIDTH=26:B_SIGNED=0:A_SIGNED=0:394426c56d1a028ba8fdd5469b163e04011def47 for cells of type $extern:wrap:$add:Y_WIDTH=32:B_WIDTH=32:A_WIDTH=26:B_SIGNED=0:A_SIGNED=0:394426c56d1a028ba8fdd5469b163e04011def47.
Using extmapper simplemap for cells of type $logic_or.
Using extmapper simplemap for cells of type $sdff.
Using extmapper simplemap for cells of type $aldff.
Using template $paramod$a54505a20ae3d90601910914642f49e8f9eb7e29\_90_alu for cells of type $alu.
Using template $paramod$9b5e3d1ab9b57a8d50faef9c2e08a512712951b7\_90_alu for cells of type $alu.
Using extmapper simplemap for cells of type $pos.
Using template $paramod\_90_fa\WIDTH=32'00000000000000000000000010000000 for cells of type $fa.
Using template $paramod\_90_lcu_brent_kung\WIDTH=32'00000000000000000000000010000000 for cells of type $lcu.
Using template $paramod\_90_fa\WIDTH=32'00000000000000000000000000100000 for cells of type $fa.
Using template $paramod\_90_lcu_brent_kung\WIDTH=32'00000000000000000000000000100000 for cells of type $lcu.
No more expansions possible.
<suppressed ~2071 debug messages>

13. Executing OPT pass (performing simple optimizations).

13.1. Executing OPT_EXPR pass (perform const folding).
Optimizing module top.
Couldn't topologically sort cells, optimizing module top may take a longer time.
Couldn't topologically sort cells, optimizing module top may take a longer time.
Couldn't topologically sort cells, optimizing module top may take a longer time.
<suppressed ~1598 debug messages>

13.2. Executing OPT_MERGE pass (detect identical cells).
Finding identical cells in module `\top'.
Computing hashes of 17368 cells of `\top'.
Finding duplicate cells in `\top'.
Computing hashes of 17238 cells of `\top'.
Finding duplicate cells in `\top'.
<suppressed ~390 debug messages>
Removed a total of 130 cells.

13.3. Executing OPT_MUXTREE pass (detect dead branches in mux trees).
Running muxtree optimizer on module \top..
  Creating internal representation of mux trees.
  No muxes found in this module.
Removed 0 multiplexer ports.

13.4. Executing OPT_REDUCE pass (consolidate $*mux and $reduce_* inputs).
  Optimizing cells in module \top.
Performed a total of 0 changes.

13.5. Executing OPT_MERGE pass (detect identical cells).
Finding identical cells in module `\top'.
Computing hashes of 17238 cells of `\top'.
Finding duplicate cells in `\top'.
Removed a total of 0 cells.

13.6. Executing OPT_DFF pass (perform DFF optimizations).

13.7. Executing OPT_CLEAN pass (remove unused cells and wires).
Finding unused cells or wires in module \top..
Removed 9 unused cells and 556 unused wires.
<suppressed ~10 debug messages>

13.8. Executing OPT_EXPR pass (perform const folding).
Optimizing module top.
Couldn't topologically sort cells, optimizing module top may take a longer time.
Couldn't topologically sort cells, optimizing module top may take a longer time.

13.9. Rerunning OPT passes. (Maybe there is more to do..)

13.10. Executing OPT_MUXTREE pass (detect dead branches in mux trees).
Running muxtree optimizer on module \top..
  Creating internal representation of mux trees.
  No muxes found in this module.
Removed 0 multiplexer ports.

13.11. Executing OPT_REDUCE pass (consolidate $*mux and $reduce_* inputs).
  Optimizing cells in module \top.
Performed a total of 0 changes.

13.12. Executing OPT_MERGE pass (detect identical cells).
Finding identical cells in module `\top'.
Computing hashes of 17229 cells of `\top'.
Finding duplicate cells in `\top'.
Removed a total of 0 cells.

13.13. Executing OPT_DFF pass (perform DFF optimizations).

13.14. Executing OPT_CLEAN pass (remove unused cells and wires).
Finding unused cells or wires in module \top..

13.15. Executing OPT_EXPR pass (perform const folding).
Optimizing module top.
Couldn't topologically sort cells, optimizing module top may take a longer time.
Couldn't topologically sort cells, optimizing module top may take a longer time.

13.16. Finished fast OPT passes. (There is nothing left to do.)

14. Executing ABC pass (technology mapping using ABC).

14.1. Extracting gate netlist of module `\top' to `<abc-temp-dir>/input.blif'..
Breaking loop using new signal $abcloop$19034$0: \Tj_Trigger.Counter [62] -> $techmap$flatten\Tj_Trigger.$add$/home/shreya/HT_detection_GNN/trusthub/AES_unzipped/AES-T1700/AES-T1700/src/TjIn/Trojan_Trigger.v:35$24.$auto$alumacc.cc:548:replace_alu$15498.Y [62]
                                                 \Tj_Trigger.Counter [62] -> $auto$rtlil.cc:3488:NotGate$18909
                                                 \Tj_Trigger.Counter [62] -> $techmap$techmap$flatten\Tj_Trigger.$add$/home/shreya/HT_detection_GNN/trusthub/AES_unzipped/AES-T1700/AES-T1700/src/TjIn/Trojan_Trigger.v:35$24.$auto$alumacc.cc:548:replace_alu$15498.lcu.$and$/home/shreya/oss-cad-suite/lib/../share/yosys/techmap.v:241$16165_Y
                                                 \Tj_Trigger.Counter [62] -> $techmap$flatten\Tj_Trigger.$add$/home/shreya/HT_detection_GNN/trusthub/AES_unzipped/AES-T1700/AES-T1700/src/TjIn/Trojan_Trigger.v:35$24.$auto$alumacc.cc:548:replace_alu$15498.CO [62]
Breaking loop using new signal $abcloop$19034$1: \Tj_Trigger.Counter [102] -> $techmap$flatten\Tj_Trigger.$add$/home/shreya/HT_detection_GNN/trusthub/AES_unzipped/AES-T1700/AES-T1700/src/TjIn/Trojan_Trigger.v:35$24.$auto$alumacc.cc:548:replace_alu$15498.Y [102]
                                                 \Tj_Trigger.Counter [102] -> $auto$rtlil.cc:3488:NotGate$18829
                                                 \Tj_Trigger.Counter [102] -> $techmap$flatten\Tj_Trigger.$add$/home/shreya/HT_detection_GNN/trusthub/AES_unzipped/AES-T1700/AES-T1700/src/TjIn/Trojan_Trigger.v:35$24.$auto$alumacc.cc:548:replace_alu$15498.CO [102]
                                                 \Tj_Trigger.Counter [102] -> $techmap$techmap$flatten\Tj_Trigger.$add$/home/shreya/HT_detection_GNN/trusthub/AES_unzipped/AES-T1700/AES-T1700/src/TjIn/Trojan_Trigger.v:35$24.$auto$alumacc.cc:548:replace_alu$15498.lcu.$and$/home/shreya/oss-cad-suite/lib/../share/yosys/techmap.v:241$16225_Y
Breaking loop using new signal $abcloop$19034$2: \Tj_Trigger.Counter [50] -> $techmap$flatten\Tj_Trigger.$add$/home/shreya/HT_detection_GNN/trusthub/AES_unzipped/AES-T1700/AES-T1700/src/TjIn/Trojan_Trigger.v:35$24.$auto$alumacc.cc:548:replace_alu$15498.CO [50]
                                                 \Tj_Trigger.Counter [50] -> $techmap$flatten\Tj_Trigger.$add$/home/shreya/HT_detection_GNN/trusthub/AES_unzipped/AES-T1700/AES-T1700/src/TjIn/Trojan_Trigger.v:35$24.$auto$alumacc.cc:548:replace_alu$15498.Y [50]
                                                 \Tj_Trigger.Counter [50] -> $auto$rtlil.cc:3488:NotGate$18933
                                                 \Tj_Trigger.Counter [50] -> $techmap$techmap$flatten\Tj_Trigger.$add$/home/shreya/HT_detection_GNN/trusthub/AES_unzipped/AES-T1700/AES-T1700/src/TjIn/Trojan_Trigger.v:35$24.$auto$alumacc.cc:548:replace_alu$15498.lcu.$and$/home/shreya/oss-cad-suite/lib/../share/yosys/techmap.v:241$16147_Y
Breaking loop using new signal $abcloop$19034$3: \Tj_Trigger.Counter [98] -> $auto$rtlil.cc:3488:NotGate$18837
                                                 \Tj_Trigger.Counter [98] -> $techmap$techmap$flatten\Tj_Trigger.$add$/home/shreya/HT_detection_GNN/trusthub/AES_unzipped/AES-T1700/AES-T1700/src/TjIn/Trojan_Trigger.v:35$24.$auto$alumacc.cc:548:replace_alu$15498.lcu.$and$/home/shreya/oss-cad-suite/lib/../share/yosys/techmap.v:241$16219_Y
                                                 \Tj_Trigger.Counter [98] -> $techmap$flatten\Tj_Trigger.$add$/home/shreya/HT_detection_GNN/trusthub/AES_unzipped/AES-T1700/AES-T1700/src/TjIn/Trojan_Trigger.v:35$24.$auto$alumacc.cc:548:replace_alu$15498.Y [98]
                                                 \Tj_Trigger.Counter [98] -> $techmap$flatten\Tj_Trigger.$add$/home/shreya/HT_detection_GNN/trusthub/AES_unzipped/AES-T1700/AES-T1700/src/TjIn/Trojan_Trigger.v:35$24.$auto$alumacc.cc:548:replace_alu$15498.CO [98]
Breaking loop using new signal $abcloop$19034$4: \Tj_Trigger.Counter [38] -> $techmap$flatten\Tj_Trigger.$add$/home/shreya/HT_detection_GNN/trusthub/AES_unzipped/AES-T1700/AES-T1700/src/TjIn/Trojan_Trigger.v:35$24.$auto$alumacc.cc:548:replace_alu$15498.Y [38]
                                                 \Tj_Trigger.Counter [38] -> $auto$rtlil.cc:3488:NotGate$18957
                                                 \Tj_Trigger.Counter [38] -> $techmap$techmap$flatten\Tj_Trigger.$add$/home/shreya/HT_detection_GNN/trusthub/AES_unzipped/AES-T1700/AES-T1700/src/TjIn/Trojan_Trigger.v:35$24.$auto$alumacc.cc:548:replace_alu$15498.lcu.$and$/home/shreya/oss-cad-suite/lib/../share/yosys/techmap.v:241$16129_Y
                                                 \Tj_Trigger.Counter [38] -> $techmap$flatten\Tj_Trigger.$add$/home/shreya/HT_detection_GNN/trusthub/AES_unzipped/AES-T1700/AES-T1700/src/TjIn/Trojan_Trigger.v:35$24.$auto$alumacc.cc:548:replace_alu$15498.CO [38]
Breaking loop using new signal $abcloop$19034$5: \Tj_Trigger.Counter [34] -> $techmap$flatten\Tj_Trigger.$add$/home/shreya/HT_detection_GNN/trusthub/AES_unzipped/AES-T1700/AES-T1700/src/TjIn/Trojan_Trigger.v:35$24.$auto$alumacc.cc:548:replace_alu$15498.Y [34]
                                                 \Tj_Trigger.Counter [34] -> $auto$rtlil.cc:3488:NotGate$18965
                                                 \Tj_Trigger.Counter [34] -> $techmap$techmap$flatten\Tj_Trigger.$add$/home/shreya/HT_detection_GNN/trusthub/AES_unzipped/AES-T1700/AES-T1700/src/TjIn/Trojan_Trigger.v:35$24.$auto$alumacc.cc:548:replace_alu$15498.lcu.$and$/home/shreya/oss-cad-suite/lib/../share/yosys/techmap.v:241$16123_Y
                                                 \Tj_Trigger.Counter [34] -> $techmap$flatten\Tj_Trigger.$add$/home/shreya/HT_detection_GNN/trusthub/AES_unzipped/AES-T1700/AES-T1700/src/TjIn/Trojan_Trigger.v:35$24.$auto$alumacc.cc:548:replace_alu$15498.CO [34]
Breaking loop using new signal $abcloop$19034$6: \Tj_Trigger.Counter [30] -> $techmap$flatten\Tj_Trigger.$add$/home/shreya/HT_detection_GNN/trusthub/AES_unzipped/AES-T1700/AES-T1700/src/TjIn/Trojan_Trigger.v:35$24.$auto$alumacc.cc:548:replace_alu$15498.Y [30]
                                                 \Tj_Trigger.Counter [30] -> $auto$rtlil.cc:3488:NotGate$18973
                                                 \Tj_Trigger.Counter [30] -> $techmap$techmap$flatten\Tj_Trigger.$add$/home/shreya/HT_detection_GNN/trusthub/AES_unzipped/AES-T1700/AES-T1700/src/TjIn/Trojan_Trigger.v:35$24.$auto$alumacc.cc:548:replace_alu$15498.lcu.$and$/home/shreya/oss-cad-suite/lib/../share/yosys/techmap.v:241$16117_Y
                                                 \Tj_Trigger.Counter [30] -> $techmap$flatten\Tj_Trigger.$add$/home/shreya/HT_detection_GNN/trusthub/AES_unzipped/AES-T1700/AES-T1700/src/TjIn/Trojan_Trigger.v:35$24.$auto$alumacc.cc:548:replace_alu$15498.CO [30]
Breaking loop using new signal $abcloop$19034$7: \Tj_Trigger.Counter [94] -> $techmap$flatten\Tj_Trigger.$add$/home/shreya/HT_detection_GNN/trusthub/AES_unzipped/AES-T1700/AES-T1700/src/TjIn/Trojan_Trigger.v:35$24.$auto$alumacc.cc:548:replace_alu$15498.Y [94]
                                                 \Tj_Trigger.Counter [94] -> $auto$rtlil.cc:3488:NotGate$18845
                                                 \Tj_Trigger.Counter [94] -> $techmap$techmap$flatten\Tj_Trigger.$add$/home/shreya/HT_detection_GNN/trusthub/AES_unzipped/AES-T1700/AES-T1700/src/TjIn/Trojan_Trigger.v:35$24.$auto$alumacc.cc:548:replace_alu$15498.lcu.$and$/home/shreya/oss-cad-suite/lib/../share/yosys/techmap.v:241$16213_Y
                                                 \Tj_Trigger.Counter [94] -> $techmap$flatten\Tj_Trigger.$add$/home/shreya/HT_detection_GNN/trusthub/AES_unzipped/AES-T1700/AES-T1700/src/TjIn/Trojan_Trigger.v:35$24.$auto$alumacc.cc:548:replace_alu$15498.CO [94]
Breaking loop using new signal $abcloop$19034$8: \Tj_Trigger.Counter [26] -> $auto$rtlil.cc:3488:NotGate$18981
                                                 \Tj_Trigger.Counter [26] -> $techmap$techmap$flatten\Tj_Trigger.$add$/home/shreya/HT_detection_GNN/trusthub/AES_unzipped/AES-T1700/AES-T1700/src/TjIn/Trojan_Trigger.v:35$24.$auto$alumacc.cc:548:replace_alu$15498.lcu.$and$/home/shreya/oss-cad-suite/lib/../share/yosys/techmap.v:241$16111_Y
                                                 \Tj_Trigger.Counter [26] -> $techmap$flatten\Tj_Trigger.$add$/home/shreya/HT_detection_GNN/trusthub/AES_unzipped/AES-T1700/AES-T1700/src/TjIn/Trojan_Trigger.v:35$24.$auto$alumacc.cc:548:replace_alu$15498.Y [26]
                                                 \Tj_Trigger.Counter [26] -> $techmap$flatten\Tj_Trigger.$add$/home/shreya/HT_detection_GNN/trusthub/AES_unzipped/AES-T1700/AES-T1700/src/TjIn/Trojan_Trigger.v:35$24.$auto$alumacc.cc:548:replace_alu$15498.CO [26]
Breaking loop using new signal $abcloop$19034$9: \Tj_Trigger.Counter [54] -> $auto$rtlil.cc:3488:NotGate$18925
                                                 \Tj_Trigger.Counter [54] -> $techmap$flatten\Tj_Trigger.$add$/home/shreya/HT_detection_GNN/trusthub/AES_unzipped/AES-T1700/AES-T1700/src/TjIn/Trojan_Trigger.v:35$24.$auto$alumacc.cc:548:replace_alu$15498.Y [54]
                                                 \Tj_Trigger.Counter [54] -> $techmap$flatten\Tj_Trigger.$add$/home/shreya/HT_detection_GNN/trusthub/AES_unzipped/AES-T1700/AES-T1700/src/TjIn/Trojan_Trigger.v:35$24.$auto$alumacc.cc:548:replace_alu$15498.CO [54]
                                                 \Tj_Trigger.Counter [54] -> $techmap$techmap$flatten\Tj_Trigger.$add$/home/shreya/HT_detection_GNN/trusthub/AES_unzipped/AES-T1700/AES-T1700/src/TjIn/Trojan_Trigger.v:35$24.$auto$alumacc.cc:548:replace_alu$15498.lcu.$and$/home/shreya/oss-cad-suite/lib/../share/yosys/techmap.v:241$16153_Y
Breaking loop using new signal $abcloop$19034$10: \Tj_Trigger.Counter [22] -> $techmap$flatten\Tj_Trigger.$add$/home/shreya/HT_detection_GNN/trusthub/AES_unzipped/AES-T1700/AES-T1700/src/TjIn/Trojan_Trigger.v:35$24.$auto$alumacc.cc:548:replace_alu$15498.Y [22]
                                                  \Tj_Trigger.Counter [22] -> $auto$rtlil.cc:3488:NotGate$18989
                                                  \Tj_Trigger.Counter [22] -> $techmap$techmap$flatten\Tj_Trigger.$add$/home/shreya/HT_detection_GNN/trusthub/AES_unzipped/AES-T1700/AES-T1700/src/TjIn/Trojan_Trigger.v:35$24.$auto$alumacc.cc:548:replace_alu$15498.lcu.$and$/home/shreya/oss-cad-suite/lib/../share/yosys/techmap.v:241$16105_Y
                                                  \Tj_Trigger.Counter [22] -> $techmap$flatten\Tj_Trigger.$add$/home/shreya/HT_detection_GNN/trusthub/AES_unzipped/AES-T1700/AES-T1700/src/TjIn/Trojan_Trigger.v:35$24.$auto$alumacc.cc:548:replace_alu$15498.CO [22]
Breaking loop using new signal $abcloop$19034$11: \Tj_Trigger.Counter [18] -> $techmap$flatten\Tj_Trigger.$add$/home/shreya/HT_detection_GNN/trusthub/AES_unzipped/AES-T1700/AES-T1700/src/TjIn/Trojan_Trigger.v:35$24.$auto$alumacc.cc:548:replace_alu$15498.Y [18]
                                                  \Tj_Trigger.Counter [18] -> $auto$rtlil.cc:3488:NotGate$18997
                                                  \Tj_Trigger.Counter [18] -> $techmap$techmap$flatten\Tj_Trigger.$add$/home/shreya/HT_detection_GNN/trusthub/AES_unzipped/AES-T1700/AES-T1700/src/TjIn/Trojan_Trigger.v:35$24.$auto$alumacc.cc:548:replace_alu$15498.lcu.$and$/home/shreya/oss-cad-suite/lib/../share/yosys/techmap.v:241$16099_Y
                                                  \Tj_Trigger.Counter [18] -> $techmap$flatten\Tj_Trigger.$add$/home/shreya/HT_detection_GNN/trusthub/AES_unzipped/AES-T1700/AES-T1700/src/TjIn/Trojan_Trigger.v:35$24.$auto$alumacc.cc:548:replace_alu$15498.CO [18]
Breaking loop using new signal $abcloop$19034$12: \Tj_Trigger.Counter [14] -> $techmap$flatten\Tj_Trigger.$add$/home/shreya/HT_detection_GNN/trusthub/AES_unzipped/AES-T1700/AES-T1700/src/TjIn/Trojan_Trigger.v:35$24.$auto$alumacc.cc:548:replace_alu$15498.Y [14]
                                                  \Tj_Trigger.Counter [14] -> $auto$rtlil.cc:3488:NotGate$19005
                                                  \Tj_Trigger.Counter [14] -> $techmap$techmap$flatten\Tj_Trigger.$add$/home/shreya/HT_detection_GNN/trusthub/AES_unzipped/AES-T1700/AES-T1700/src/TjIn/Trojan_Trigger.v:35$24.$auto$alumacc.cc:548:replace_alu$15498.lcu.$and$/home/shreya/oss-cad-suite/lib/../share/yosys/techmap.v:241$16093_Y
                                                  \Tj_Trigger.Counter [14] -> $techmap$flatten\Tj_Trigger.$add$/home/shreya/HT_detection_GNN/trusthub/AES_unzipped/AES-T1700/AES-T1700/src/TjIn/Trojan_Trigger.v:35$24.$auto$alumacc.cc:548:replace_alu$15498.CO [14]
Breaking loop using new signal $abcloop$19034$13: \Tj_Trigger.Counter [2] -> $techmap$flatten\Tj_Trigger.$add$/home/shreya/HT_detection_GNN/trusthub/AES_unzipped/AES-T1700/AES-T1700/src/TjIn/Trojan_Trigger.v:35$24.$auto$alumacc.cc:548:replace_alu$15498.Y [2]
                                                  \Tj_Trigger.Counter [2] -> $auto$rtlil.cc:3488:NotGate$19029
                                                  \Tj_Trigger.Counter [2] -> $techmap$techmap$flatten\Tj_Trigger.$add$/home/shreya/HT_detection_GNN/trusthub/AES_unzipped/AES-T1700/AES-T1700/src/TjIn/Trojan_Trigger.v:35$24.$auto$alumacc.cc:548:replace_alu$15498.lcu.$and$/home/shreya/oss-cad-suite/lib/../share/yosys/techmap.v:241$16075_Y
                                                  \Tj_Trigger.Counter [2] -> $techmap$flatten\Tj_Trigger.$add$/home/shreya/HT_detection_GNN/trusthub/AES_unzipped/AES-T1700/AES-T1700/src/TjIn/Trojan_Trigger.v:35$24.$auto$alumacc.cc:548:replace_alu$15498.CO [2]
Breaking loop using new signal $abcloop$19034$14: \Tj_Trigger.Counter [124] -> $techmap$flatten\Tj_Trigger.$add$/home/shreya/HT_detection_GNN/trusthub/AES_unzipped/AES-T1700/AES-T1700/src/TjIn/Trojan_Trigger.v:35$24.$auto$alumacc.cc:548:replace_alu$15498.Y [124]
                                                  \Tj_Trigger.Counter [124] -> $auto$rtlil.cc:3488:NotGate$18785
                                                  \Tj_Trigger.Counter [124] -> $techmap$flatten\Tj_Trigger.$add$/home/shreya/HT_detection_GNN/trusthub/AES_unzipped/AES-T1700/AES-T1700/src/TjIn/Trojan_Trigger.v:35$24.$auto$alumacc.cc:548:replace_alu$15498.CO [124]
                                                  \Tj_Trigger.Counter [124] -> $techmap$techmap$flatten\Tj_Trigger.$add$/home/shreya/HT_detection_GNN/trusthub/AES_unzipped/AES-T1700/AES-T1700/src/TjIn/Trojan_Trigger.v:35$24.$auto$alumacc.cc:548:replace_alu$15498.lcu.$and$/home/shreya/oss-cad-suite/lib/../share/yosys/techmap.v:241$16258_Y
Breaking loop using new signal $abcloop$19034$15: \Tj_Trigger.Counter [120] -> $auto$rtlil.cc:3488:NotGate$18793
                                                  \Tj_Trigger.Counter [120] -> $techmap$flatten\Tj_Trigger.$add$/home/shreya/HT_detection_GNN/trusthub/AES_unzipped/AES-T1700/AES-T1700/src/TjIn/Trojan_Trigger.v:35$24.$auto$alumacc.cc:548:replace_alu$15498.CO [120]
                                                  \Tj_Trigger.Counter [120] -> $techmap$flatten\Tj_Trigger.$add$/home/shreya/HT_detection_GNN/trusthub/AES_unzipped/AES-T1700/AES-T1700/src/TjIn/Trojan_Trigger.v:35$24.$auto$alumacc.cc:548:replace_alu$15498.Y [120]
                                                  \Tj_Trigger.Counter [120] -> $techmap$techmap$flatten\Tj_Trigger.$add$/home/shreya/HT_detection_GNN/trusthub/AES_unzipped/AES-T1700/AES-T1700/src/TjIn/Trojan_Trigger.v:35$24.$auto$alumacc.cc:548:replace_alu$15498.lcu.$and$/home/shreya/oss-cad-suite/lib/../share/yosys/techmap.v:241$16252_Y
Breaking loop using new signal $abcloop$19034$16: \Tj_Trigger.Counter [10] -> $techmap$flatten\Tj_Trigger.$add$/home/shreya/HT_detection_GNN/trusthub/AES_unzipped/AES-T1700/AES-T1700/src/TjIn/Trojan_Trigger.v:35$24.$auto$alumacc.cc:548:replace_alu$15498.Y [10]
                                                  \Tj_Trigger.Counter [10] -> $auto$rtlil.cc:3488:NotGate$19013
                                                  \Tj_Trigger.Counter [10] -> $techmap$flatten\Tj_Trigger.$add$/home/shreya/HT_detection_GNN/trusthub/AES_unzipped/AES-T1700/AES-T1700/src/TjIn/Trojan_Trigger.v:35$24.$auto$alumacc.cc:548:replace_alu$15498.CO [10]
                                                  \Tj_Trigger.Counter [10] -> $techmap$techmap$flatten\Tj_Trigger.$add$/home/shreya/HT_detection_GNN/trusthub/AES_unzipped/AES-T1700/AES-T1700/src/TjIn/Trojan_Trigger.v:35$24.$auto$alumacc.cc:548:replace_alu$15498.lcu.$and$/home/shreya/oss-cad-suite/lib/../share/yosys/techmap.v:241$16087_Y
Breaking loop using new signal $abcloop$19034$17: \Tj_Trigger.Counter [46] -> $auto$rtlil.cc:3488:NotGate$18941
                                                  \Tj_Trigger.Counter [46] -> $techmap$flatten\Tj_Trigger.$add$/home/shreya/HT_detection_GNN/trusthub/AES_unzipped/AES-T1700/AES-T1700/src/TjIn/Trojan_Trigger.v:35$24.$auto$alumacc.cc:548:replace_alu$15498.CO [46]
                                                  \Tj_Trigger.Counter [46] -> $techmap$flatten\Tj_Trigger.$add$/home/shreya/HT_detection_GNN/trusthub/AES_unzipped/AES-T1700/AES-T1700/src/TjIn/Trojan_Trigger.v:35$24.$auto$alumacc.cc:548:replace_alu$15498.Y [46]
                                                  \Tj_Trigger.Counter [46] -> $techmap$techmap$flatten\Tj_Trigger.$add$/home/shreya/HT_detection_GNN/trusthub/AES_unzipped/AES-T1700/AES-T1700/src/TjIn/Trojan_Trigger.v:35$24.$auto$alumacc.cc:548:replace_alu$15498.lcu.$and$/home/shreya/oss-cad-suite/lib/../share/yosys/techmap.v:241$16141_Y
Breaking loop using new signal $abcloop$19034$18: \Tj_Trigger.Counter [42] -> $auto$rtlil.cc:3488:NotGate$18949
                                                  \Tj_Trigger.Counter [42] -> $techmap$flatten\Tj_Trigger.$add$/home/shreya/HT_detection_GNN/trusthub/AES_unzipped/AES-T1700/AES-T1700/src/TjIn/Trojan_Trigger.v:35$24.$auto$alumacc.cc:548:replace_alu$15498.CO [42]
                                                  \Tj_Trigger.Counter [42] -> $techmap$flatten\Tj_Trigger.$add$/home/shreya/HT_detection_GNN/trusthub/AES_unzipped/AES-T1700/AES-T1700/src/TjIn/Trojan_Trigger.v:35$24.$auto$alumacc.cc:548:replace_alu$15498.Y [42]
                                                  \Tj_Trigger.Counter [42] -> $techmap$techmap$flatten\Tj_Trigger.$add$/home/shreya/HT_detection_GNN/trusthub/AES_unzipped/AES-T1700/AES-T1700/src/TjIn/Trojan_Trigger.v:35$24.$auto$alumacc.cc:548:replace_alu$15498.lcu.$and$/home/shreya/oss-cad-suite/lib/../share/yosys/techmap.v:241$16135_Y
Breaking loop using new signal $abcloop$19034$19: \Tj_Trigger.Counter [82] -> $auto$rtlil.cc:3488:NotGate$18869
                                                  \Tj_Trigger.Counter [82] -> $techmap$flatten\Tj_Trigger.$add$/home/shreya/HT_detection_GNN/trusthub/AES_unzipped/AES-T1700/AES-T1700/src/TjIn/Trojan_Trigger.v:35$24.$auto$alumacc.cc:548:replace_alu$15498.Y [82]
                                                  \Tj_Trigger.Counter [82] -> $techmap$techmap$flatten\Tj_Trigger.$add$/home/shreya/HT_detection_GNN/trusthub/AES_unzipped/AES-T1700/AES-T1700/src/TjIn/Trojan_Trigger.v:35$24.$auto$alumacc.cc:548:replace_alu$15498.lcu.$and$/home/shreya/oss-cad-suite/lib/../share/yosys/techmap.v:241$16195_Y
                                                  \Tj_Trigger.Counter [82] -> $techmap$flatten\Tj_Trigger.$add$/home/shreya/HT_detection_GNN/trusthub/AES_unzipped/AES-T1700/AES-T1700/src/TjIn/Trojan_Trigger.v:35$24.$auto$alumacc.cc:548:replace_alu$15498.CO [82]
Breaking loop using new signal $abcloop$19034$20: \Tj_Trigger.Counter [116] -> $auto$rtlil.cc:3488:NotGate$18801
                                                  \Tj_Trigger.Counter [116] -> $techmap$flatten\Tj_Trigger.$add$/home/shreya/HT_detection_GNN/trusthub/AES_unzipped/AES-T1700/AES-T1700/src/TjIn/Trojan_Trigger.v:35$24.$auto$alumacc.cc:548:replace_alu$15498.Y [116]
                                                  \Tj_Trigger.Counter [116] -> $techmap$flatten\Tj_Trigger.$add$/home/shreya/HT_detection_GNN/trusthub/AES_unzipped/AES-T1700/AES-T1700/src/TjIn/Trojan_Trigger.v:35$24.$auto$alumacc.cc:548:replace_alu$15498.CO [116]
                                                  \Tj_Trigger.Counter [116] -> $techmap$techmap$flatten\Tj_Trigger.$add$/home/shreya/HT_detection_GNN/trusthub/AES_unzipped/AES-T1700/AES-T1700/src/TjIn/Trojan_Trigger.v:35$24.$auto$alumacc.cc:548:replace_alu$15498.lcu.$and$/home/shreya/oss-cad-suite/lib/../share/yosys/techmap.v:241$16246_Y
Breaking loop using new signal $abcloop$19034$21: \Tj_Trigger.Counter [100] -> $techmap$flatten\Tj_Trigger.$add$/home/shreya/HT_detection_GNN/trusthub/AES_unzipped/AES-T1700/AES-T1700/src/TjIn/Trojan_Trigger.v:35$24.$auto$alumacc.cc:548:replace_alu$15498.CO [100]
                                                  \Tj_Trigger.Counter [100] -> $techmap$flatten\Tj_Trigger.$add$/home/shreya/HT_detection_GNN/trusthub/AES_unzipped/AES-T1700/AES-T1700/src/TjIn/Trojan_Trigger.v:35$24.$auto$alumacc.cc:548:replace_alu$15498.Y [100]
                                                  \Tj_Trigger.Counter [100] -> $auto$rtlil.cc:3488:NotGate$18833
                                                  \Tj_Trigger.Counter [100] -> $techmap$techmap$flatten\Tj_Trigger.$add$/home/shreya/HT_detection_GNN/trusthub/AES_unzipped/AES-T1700/AES-T1700/src/TjIn/Trojan_Trigger.v:35$24.$auto$alumacc.cc:548:replace_alu$15498.lcu.$and$/home/shreya/oss-cad-suite/lib/../share/yosys/techmap.v:241$16222_Y
Breaking loop using new signal $abcloop$19034$22: \Tj_Trigger.Counter [96] -> $techmap$flatten\Tj_Trigger.$add$/home/shreya/HT_detection_GNN/trusthub/AES_unzipped/AES-T1700/AES-T1700/src/TjIn/Trojan_Trigger.v:35$24.$auto$alumacc.cc:548:replace_alu$15498.Y [96]
                                                  \Tj_Trigger.Counter [96] -> $auto$rtlil.cc:3488:NotGate$18841
                                                  \Tj_Trigger.Counter [96] -> $techmap$flatten\Tj_Trigger.$add$/home/shreya/HT_detection_GNN/trusthub/AES_unzipped/AES-T1700/AES-T1700/src/TjIn/Trojan_Trigger.v:35$24.$auto$alumacc.cc:548:replace_alu$15498.CO [96]
                                                  \Tj_Trigger.Counter [96] -> $techmap$techmap$flatten\Tj_Trigger.$add$/home/shreya/HT_detection_GNN/trusthub/AES_unzipped/AES-T1700/AES-T1700/src/TjIn/Trojan_Trigger.v:35$24.$auto$alumacc.cc:548:replace_alu$15498.lcu.$and$/home/shreya/oss-cad-suite/lib/../share/yosys/techmap.v:241$16216_Y
Breaking loop using new signal $abcloop$19034$23: \Tj_Trigger.Counter [92] -> $techmap$flatten\Tj_Trigger.$add$/home/shreya/HT_detection_GNN/trusthub/AES_unzipped/AES-T1700/AES-T1700/src/TjIn/Trojan_Trigger.v:35$24.$auto$alumacc.cc:548:replace_alu$15498.Y [92]
                                                  \Tj_Trigger.Counter [92] -> $auto$rtlil.cc:3488:NotGate$18849
                                                  \Tj_Trigger.Counter [92] -> $techmap$flatten\Tj_Trigger.$add$/home/shreya/HT_detection_GNN/trusthub/AES_unzipped/AES-T1700/AES-T1700/src/TjIn/Trojan_Trigger.v:35$24.$auto$alumacc.cc:548:replace_alu$15498.CO [92]
                                                  \Tj_Trigger.Counter [92] -> $techmap$techmap$flatten\Tj_Trigger.$add$/home/shreya/HT_detection_GNN/trusthub/AES_unzipped/AES-T1700/AES-T1700/src/TjIn/Trojan_Trigger.v:35$24.$auto$alumacc.cc:548:replace_alu$15498.lcu.$and$/home/shreya/oss-cad-suite/lib/../share/yosys/techmap.v:241$16210_Y
Breaking loop using new signal $abcloop$19034$24: \Tj_Trigger.Counter [122] -> $auto$rtlil.cc:3488:NotGate$18789
                                                  \Tj_Trigger.Counter [122] -> $techmap$techmap$flatten\Tj_Trigger.$add$/home/shreya/HT_detection_GNN/trusthub/AES_unzipped/AES-T1700/AES-T1700/src/TjIn/Trojan_Trigger.v:35$24.$auto$alumacc.cc:548:replace_alu$15498.lcu.$and$/home/shreya/oss-cad-suite/lib/../share/yosys/techmap.v:241$16255_Y
                                                  \Tj_Trigger.Counter [122] -> $techmap$flatten\Tj_Trigger.$add$/home/shreya/HT_detection_GNN/trusthub/AES_unzipped/AES-T1700/AES-T1700/src/TjIn/Trojan_Trigger.v:35$24.$auto$alumacc.cc:548:replace_alu$15498.Y [122]
                                                  \Tj_Trigger.Counter [122] -> $techmap$flatten\Tj_Trigger.$add$/home/shreya/HT_detection_GNN/trusthub/AES_unzipped/AES-T1700/AES-T1700/src/TjIn/Trojan_Trigger.v:35$24.$auto$alumacc.cc:548:replace_alu$15498.CO [122]
Breaking loop using new signal $abcloop$19034$25: \Tj_Trigger.Counter [88] -> $techmap$flatten\Tj_Trigger.$add$/home/shreya/HT_detection_GNN/trusthub/AES_unzipped/AES-T1700/AES-T1700/src/TjIn/Trojan_Trigger.v:35$24.$auto$alumacc.cc:548:replace_alu$15498.Y [88]
                                                  \Tj_Trigger.Counter [88] -> $auto$rtlil.cc:3488:NotGate$18857
                                                  \Tj_Trigger.Counter [88] -> $techmap$flatten\Tj_Trigger.$add$/home/shreya/HT_detection_GNN/trusthub/AES_unzipped/AES-T1700/AES-T1700/src/TjIn/Trojan_Trigger.v:35$24.$auto$alumacc.cc:548:replace_alu$15498.CO [88]
                                                  \Tj_Trigger.Counter [88] -> $techmap$techmap$flatten\Tj_Trigger.$add$/home/shreya/HT_detection_GNN/trusthub/AES_unzipped/AES-T1700/AES-T1700/src/TjIn/Trojan_Trigger.v:35$24.$auto$alumacc.cc:548:replace_alu$15498.lcu.$and$/home/shreya/oss-cad-suite/lib/../share/yosys/techmap.v:241$16204_Y
Breaking loop using new signal $abcloop$19034$26: \Tj_Trigger.Counter [112] -> $auto$rtlil.cc:3488:NotGate$18809
                                                  \Tj_Trigger.Counter [112] -> $techmap$flatten\Tj_Trigger.$add$/home/shreya/HT_detection_GNN/trusthub/AES_unzipped/AES-T1700/AES-T1700/src/TjIn/Trojan_Trigger.v:35$24.$auto$alumacc.cc:548:replace_alu$15498.Y [112]
                                                  \Tj_Trigger.Counter [112] -> $techmap$flatten\Tj_Trigger.$add$/home/shreya/HT_detection_GNN/trusthub/AES_unzipped/AES-T1700/AES-T1700/src/TjIn/Trojan_Trigger.v:35$24.$auto$alumacc.cc:548:replace_alu$15498.CO [112]
                                                  \Tj_Trigger.Counter [112] -> $techmap$techmap$flatten\Tj_Trigger.$add$/home/shreya/HT_detection_GNN/trusthub/AES_unzipped/AES-T1700/AES-T1700/src/TjIn/Trojan_Trigger.v:35$24.$auto$alumacc.cc:548:replace_alu$15498.lcu.$and$/home/shreya/oss-cad-suite/lib/../share/yosys/techmap.v:241$16240_Y
Breaking loop using new signal $abcloop$19034$27: \Tj_Trigger.Counter [78] -> $auto$rtlil.cc:3488:NotGate$18877
                                                  \Tj_Trigger.Counter [78] -> $techmap$techmap$flatten\Tj_Trigger.$add$/home/shreya/HT_detection_GNN/trusthub/AES_unzipped/AES-T1700/AES-T1700/src/TjIn/Trojan_Trigger.v:35$24.$auto$alumacc.cc:548:replace_alu$15498.lcu.$and$/home/shreya/oss-cad-suite/lib/../share/yosys/techmap.v:241$16189_Y
                                                  \Tj_Trigger.Counter [78] -> $techmap$flatten\Tj_Trigger.$add$/home/shreya/HT_detection_GNN/trusthub/AES_unzipped/AES-T1700/AES-T1700/src/TjIn/Trojan_Trigger.v:35$24.$auto$alumacc.cc:548:replace_alu$15498.Y [78]
                                                  \Tj_Trigger.Counter [78] -> $techmap$flatten\Tj_Trigger.$add$/home/shreya/HT_detection_GNN/trusthub/AES_unzipped/AES-T1700/AES-T1700/src/TjIn/Trojan_Trigger.v:35$24.$auto$alumacc.cc:548:replace_alu$15498.CO [78]
Breaking loop using new signal $abcloop$19034$28: \Tj_Trigger.Counter [104] -> $techmap$flatten\Tj_Trigger.$add$/home/shreya/HT_detection_GNN/trusthub/AES_unzipped/AES-T1700/AES-T1700/src/TjIn/Trojan_Trigger.v:35$24.$auto$alumacc.cc:548:replace_alu$15498.CO [104]
                                                  \Tj_Trigger.Counter [104] -> $auto$rtlil.cc:3488:NotGate$18825
                                                  \Tj_Trigger.Counter [104] -> $techmap$flatten\Tj_Trigger.$add$/home/shreya/HT_detection_GNN/trusthub/AES_unzipped/AES-T1700/AES-T1700/src/TjIn/Trojan_Trigger.v:35$24.$auto$alumacc.cc:548:replace_alu$15498.Y [104]
                                                  \Tj_Trigger.Counter [104] -> $techmap$techmap$flatten\Tj_Trigger.$add$/home/shreya/HT_detection_GNN/trusthub/AES_unzipped/AES-T1700/AES-T1700/src/TjIn/Trojan_Trigger.v:35$24.$auto$alumacc.cc:548:replace_alu$15498.lcu.$and$/home/shreya/oss-cad-suite/lib/../share/yosys/techmap.v:241$16228_Y
Breaking loop using new signal $abcloop$19034$29: \Tj_Trigger.Counter [80] -> $auto$rtlil.cc:3488:NotGate$18873
                                                  \Tj_Trigger.Counter [80] -> $techmap$flatten\Tj_Trigger.$add$/home/shreya/HT_detection_GNN/trusthub/AES_unzipped/AES-T1700/AES-T1700/src/TjIn/Trojan_Trigger.v:35$24.$auto$alumacc.cc:548:replace_alu$15498.Y [80]
                                                  \Tj_Trigger.Counter [80] -> $techmap$flatten\Tj_Trigger.$add$/home/shreya/HT_detection_GNN/trusthub/AES_unzipped/AES-T1700/AES-T1700/src/TjIn/Trojan_Trigger.v:35$24.$auto$alumacc.cc:548:replace_alu$15498.CO [80]
                                                  \Tj_Trigger.Counter [80] -> $techmap$techmap$flatten\Tj_Trigger.$add$/home/shreya/HT_detection_GNN/trusthub/AES_unzipped/AES-T1700/AES-T1700/src/TjIn/Trojan_Trigger.v:35$24.$auto$alumacc.cc:548:replace_alu$15498.lcu.$and$/home/shreya/oss-cad-suite/lib/../share/yosys/techmap.v:241$16192_Y
Breaking loop using new signal $abcloop$19034$30: \Tj_Trigger.Counter [90] -> $auto$rtlil.cc:3488:NotGate$18853
                                                  \Tj_Trigger.Counter [90] -> $techmap$flatten\Tj_Trigger.$add$/home/shreya/HT_detection_GNN/trusthub/AES_unzipped/AES-T1700/AES-T1700/src/TjIn/Trojan_Trigger.v:35$24.$auto$alumacc.cc:548:replace_alu$15498.Y [90]
                                                  \Tj_Trigger.Counter [90] -> $techmap$techmap$flatten\Tj_Trigger.$add$/home/shreya/HT_detection_GNN/trusthub/AES_unzipped/AES-T1700/AES-T1700/src/TjIn/Trojan_Trigger.v:35$24.$auto$alumacc.cc:548:replace_alu$15498.lcu.$and$/home/shreya/oss-cad-suite/lib/../share/yosys/techmap.v:241$16207_Y
                                                  \Tj_Trigger.Counter [90] -> $techmap$flatten\Tj_Trigger.$add$/home/shreya/HT_detection_GNN/trusthub/AES_unzipped/AES-T1700/AES-T1700/src/TjIn/Trojan_Trigger.v:35$24.$auto$alumacc.cc:548:replace_alu$15498.CO [90]
Breaking loop using new signal $abcloop$19034$31: \Tj_Trigger.Counter [60] -> $auto$rtlil.cc:3488:NotGate$18913
                                                  \Tj_Trigger.Counter [60] -> $techmap$flatten\Tj_Trigger.$add$/home/shreya/HT_detection_GNN/trusthub/AES_unzipped/AES-T1700/AES-T1700/src/TjIn/Trojan_Trigger.v:35$24.$auto$alumacc.cc:548:replace_alu$15498.CO [60]
                                                  \Tj_Trigger.Counter [60] -> $techmap$flatten\Tj_Trigger.$add$/home/shreya/HT_detection_GNN/trusthub/AES_unzipped/AES-T1700/AES-T1700/src/TjIn/Trojan_Trigger.v:35$24.$auto$alumacc.cc:548:replace_alu$15498.Y [60]
                                                  \Tj_Trigger.Counter [60] -> $techmap$techmap$flatten\Tj_Trigger.$add$/home/shreya/HT_detection_GNN/trusthub/AES_unzipped/AES-T1700/AES-T1700/src/TjIn/Trojan_Trigger.v:35$24.$auto$alumacc.cc:548:replace_alu$15498.lcu.$and$/home/shreya/oss-cad-suite/lib/../share/yosys/techmap.v:241$16162_Y
Breaking loop using new signal $abcloop$19034$32: \Tj_Trigger.Counter [74] -> $auto$rtlil.cc:3488:NotGate$18885
                                                  \Tj_Trigger.Counter [74] -> $techmap$techmap$flatten\Tj_Trigger.$add$/home/shreya/HT_detection_GNN/trusthub/AES_unzipped/AES-T1700/AES-T1700/src/TjIn/Trojan_Trigger.v:35$24.$auto$alumacc.cc:548:replace_alu$15498.lcu.$and$/home/shreya/oss-cad-suite/lib/../share/yosys/techmap.v:241$16183_Y
                                                  \Tj_Trigger.Counter [74] -> $techmap$flatten\Tj_Trigger.$add$/home/shreya/HT_detection_GNN/trusthub/AES_unzipped/AES-T1700/AES-T1700/src/TjIn/Trojan_Trigger.v:35$24.$auto$alumacc.cc:548:replace_alu$15498.Y [74]
                                                  \Tj_Trigger.Counter [74] -> $techmap$flatten\Tj_Trigger.$add$/home/shreya/HT_detection_GNN/trusthub/AES_unzipped/AES-T1700/AES-T1700/src/TjIn/Trojan_Trigger.v:35$24.$auto$alumacc.cc:548:replace_alu$15498.CO [74]
Breaking loop using new signal $abcloop$19034$33: \Tj_Trigger.Counter [56] -> $techmap$flatten\Tj_Trigger.$add$/home/shreya/HT_detection_GNN/trusthub/AES_unzipped/AES-T1700/AES-T1700/src/TjIn/Trojan_Trigger.v:35$24.$auto$alumacc.cc:548:replace_alu$15498.CO [56]
                                                  \Tj_Trigger.Counter [56] -> $auto$rtlil.cc:3488:NotGate$18921
                                                  \Tj_Trigger.Counter [56] -> $techmap$flatten\Tj_Trigger.$add$/home/shreya/HT_detection_GNN/trusthub/AES_unzipped/AES-T1700/AES-T1700/src/TjIn/Trojan_Trigger.v:35$24.$auto$alumacc.cc:548:replace_alu$15498.Y [56]
                                                  \Tj_Trigger.Counter [56] -> $techmap$techmap$flatten\Tj_Trigger.$add$/home/shreya/HT_detection_GNN/trusthub/AES_unzipped/AES-T1700/AES-T1700/src/TjIn/Trojan_Trigger.v:35$24.$auto$alumacc.cc:548:replace_alu$15498.lcu.$and$/home/shreya/oss-cad-suite/lib/../share/yosys/techmap.v:241$16156_Y
Breaking loop using new signal $abcloop$19034$34: \Tj_Trigger.Counter [52] -> $techmap$flatten\Tj_Trigger.$add$/home/shreya/HT_detection_GNN/trusthub/AES_unzipped/AES-T1700/AES-T1700/src/TjIn/Trojan_Trigger.v:35$24.$auto$alumacc.cc:548:replace_alu$15498.CO [52]
                                                  \Tj_Trigger.Counter [52] -> $auto$rtlil.cc:3488:NotGate$18929
                                                  \Tj_Trigger.Counter [52] -> $techmap$flatten\Tj_Trigger.$add$/home/shreya/HT_detection_GNN/trusthub/AES_unzipped/AES-T1700/AES-T1700/src/TjIn/Trojan_Trigger.v:35$24.$auto$alumacc.cc:548:replace_alu$15498.Y [52]
                                                  \Tj_Trigger.Counter [52] -> $techmap$techmap$flatten\Tj_Trigger.$add$/home/shreya/HT_detection_GNN/trusthub/AES_unzipped/AES-T1700/AES-T1700/src/TjIn/Trojan_Trigger.v:35$24.$auto$alumacc.cc:548:replace_alu$15498.lcu.$and$/home/shreya/oss-cad-suite/lib/../share/yosys/techmap.v:241$16150_Y
Breaking loop using new signal $abcloop$19034$35: \Tj_Trigger.Counter [48] -> $auto$rtlil.cc:3488:NotGate$18937
                                                  \Tj_Trigger.Counter [48] -> $techmap$flatten\Tj_Trigger.$add$/home/shreya/HT_detection_GNN/trusthub/AES_unzipped/AES-T1700/AES-T1700/src/TjIn/Trojan_Trigger.v:35$24.$auto$alumacc.cc:548:replace_alu$15498.Y [48]
                                                  \Tj_Trigger.Counter [48] -> $techmap$flatten\Tj_Trigger.$add$/home/shreya/HT_detection_GNN/trusthub/AES_unzipped/AES-T1700/AES-T1700/src/TjIn/Trojan_Trigger.v:35$24.$auto$alumacc.cc:548:replace_alu$15498.CO [48]
                                                  \Tj_Trigger.Counter [48] -> $techmap$techmap$flatten\Tj_Trigger.$add$/home/shreya/HT_detection_GNN/trusthub/AES_unzipped/AES-T1700/AES-T1700/src/TjIn/Trojan_Trigger.v:35$24.$auto$alumacc.cc:548:replace_alu$15498.lcu.$and$/home/shreya/oss-cad-suite/lib/../share/yosys/techmap.v:241$16144_Y
Breaking loop using new signal $abcloop$19034$36: \Tj_Trigger.Counter [44] -> $auto$rtlil.cc:3488:NotGate$18945
                                                  \Tj_Trigger.Counter [44] -> $techmap$flatten\Tj_Trigger.$add$/home/shreya/HT_detection_GNN/trusthub/AES_unzipped/AES-T1700/AES-T1700/src/TjIn/Trojan_Trigger.v:35$24.$auto$alumacc.cc:548:replace_alu$15498.CO [44]
                                                  \Tj_Trigger.Counter [44] -> $techmap$flatten\Tj_Trigger.$add$/home/shreya/HT_detection_GNN/trusthub/AES_unzipped/AES-T1700/AES-T1700/src/TjIn/Trojan_Trigger.v:35$24.$auto$alumacc.cc:548:replace_alu$15498.Y [44]
                                                  \Tj_Trigger.Counter [44] -> $techmap$techmap$flatten\Tj_Trigger.$add$/home/shreya/HT_detection_GNN/trusthub/AES_unzipped/AES-T1700/AES-T1700/src/TjIn/Trojan_Trigger.v:35$24.$auto$alumacc.cc:548:replace_alu$15498.lcu.$and$/home/shreya/oss-cad-suite/lib/../share/yosys/techmap.v:241$16138_Y
Breaking loop using new signal $abcloop$19034$37: \Tj_Trigger.Counter [118] -> $auto$rtlil.cc:3488:NotGate$18797
                                                  \Tj_Trigger.Counter [118] -> $techmap$techmap$flatten\Tj_Trigger.$add$/home/shreya/HT_detection_GNN/trusthub/AES_unzipped/AES-T1700/AES-T1700/src/TjIn/Trojan_Trigger.v:35$24.$auto$alumacc.cc:548:replace_alu$15498.lcu.$and$/home/shreya/oss-cad-suite/lib/../share/yosys/techmap.v:241$16249_Y
                                                  \Tj_Trigger.Counter [118] -> $techmap$flatten\Tj_Trigger.$add$/home/shreya/HT_detection_GNN/trusthub/AES_unzipped/AES-T1700/AES-T1700/src/TjIn/Trojan_Trigger.v:35$24.$auto$alumacc.cc:548:replace_alu$15498.CO [118]
                                                  \Tj_Trigger.Counter [118] -> $techmap$flatten\Tj_Trigger.$add$/home/shreya/HT_detection_GNN/trusthub/AES_unzipped/AES-T1700/AES-T1700/src/TjIn/Trojan_Trigger.v:35$24.$auto$alumacc.cc:548:replace_alu$15498.Y [118]
Breaking loop using new signal $abcloop$19034$38: \Tj_Trigger.Counter [76] -> $auto$rtlil.cc:3488:NotGate$18881
                                                  \Tj_Trigger.Counter [76] -> $techmap$flatten\Tj_Trigger.$add$/home/shreya/HT_detection_GNN/trusthub/AES_unzipped/AES-T1700/AES-T1700/src/TjIn/Trojan_Trigger.v:35$24.$auto$alumacc.cc:548:replace_alu$15498.Y [76]
                                                  \Tj_Trigger.Counter [76] -> $techmap$flatten\Tj_Trigger.$add$/home/shreya/HT_detection_GNN/trusthub/AES_unzipped/AES-T1700/AES-T1700/src/TjIn/Trojan_Trigger.v:35$24.$auto$alumacc.cc:548:replace_alu$15498.CO [76]
                                                  \Tj_Trigger.Counter [76] -> $techmap$techmap$flatten\Tj_Trigger.$add$/home/shreya/HT_detection_GNN/trusthub/AES_unzipped/AES-T1700/AES-T1700/src/TjIn/Trojan_Trigger.v:35$24.$auto$alumacc.cc:548:replace_alu$15498.lcu.$and$/home/shreya/oss-cad-suite/lib/../share/yosys/techmap.v:241$16186_Y
Breaking loop using new signal $abcloop$19034$39: \Tj_Trigger.Counter [40] -> $auto$rtlil.cc:3488:NotGate$18953
                                                  \Tj_Trigger.Counter [40] -> $techmap$flatten\Tj_Trigger.$add$/home/shreya/HT_detection_GNN/trusthub/AES_unzipped/AES-T1700/AES-T1700/src/TjIn/Trojan_Trigger.v:35$24.$auto$alumacc.cc:548:replace_alu$15498.CO [40]
                                                  \Tj_Trigger.Counter [40] -> $techmap$flatten\Tj_Trigger.$add$/home/shreya/HT_detection_GNN/trusthub/AES_unzipped/AES-T1700/AES-T1700/src/TjIn/Trojan_Trigger.v:35$24.$auto$alumacc.cc:548:replace_alu$15498.Y [40]
                                                  \Tj_Trigger.Counter [40] -> $techmap$techmap$flatten\Tj_Trigger.$add$/home/shreya/HT_detection_GNN/trusthub/AES_unzipped/AES-T1700/AES-T1700/src/TjIn/Trojan_Trigger.v:35$24.$auto$alumacc.cc:548:replace_alu$15498.lcu.$and$/home/shreya/oss-cad-suite/lib/../share/yosys/techmap.v:241$16132_Y
Breaking loop using new signal $abcloop$19034$40: \Tj_Trigger.Counter [36] -> $auto$rtlil.cc:3488:NotGate$18961
                                                  \Tj_Trigger.Counter [36] -> $techmap$flatten\Tj_Trigger.$add$/home/shreya/HT_detection_GNN/trusthub/AES_unzipped/AES-T1700/AES-T1700/src/TjIn/Trojan_Trigger.v:35$24.$auto$alumacc.cc:548:replace_alu$15498.CO [36]
                                                  \Tj_Trigger.Counter [36] -> $techmap$flatten\Tj_Trigger.$add$/home/shreya/HT_detection_GNN/trusthub/AES_unzipped/AES-T1700/AES-T1700/src/TjIn/Trojan_Trigger.v:35$24.$auto$alumacc.cc:548:replace_alu$15498.Y [36]
                                                  \Tj_Trigger.Counter [36] -> $techmap$techmap$flatten\Tj_Trigger.$add$/home/shreya/HT_detection_GNN/trusthub/AES_unzipped/AES-T1700/AES-T1700/src/TjIn/Trojan_Trigger.v:35$24.$auto$alumacc.cc:548:replace_alu$15498.lcu.$and$/home/shreya/oss-cad-suite/lib/../share/yosys/techmap.v:241$16126_Y
Breaking loop using new signal $abcloop$19034$41: \Tj_Trigger.Counter [6] -> $techmap$flatten\Tj_Trigger.$add$/home/shreya/HT_detection_GNN/trusthub/AES_unzipped/AES-T1700/AES-T1700/src/TjIn/Trojan_Trigger.v:35$24.$auto$alumacc.cc:548:replace_alu$15498.Y [6]
                                                  \Tj_Trigger.Counter [6] -> $auto$rtlil.cc:3488:NotGate$19021
                                                  \Tj_Trigger.Counter [6] -> $techmap$techmap$flatten\Tj_Trigger.$add$/home/shreya/HT_detection_GNN/trusthub/AES_unzipped/AES-T1700/AES-T1700/src/TjIn/Trojan_Trigger.v:35$24.$auto$alumacc.cc:548:replace_alu$15498.lcu.$and$/home/shreya/oss-cad-suite/lib/../share/yosys/techmap.v:241$16081_Y
                                                  \Tj_Trigger.Counter [6] -> $techmap$flatten\Tj_Trigger.$add$/home/shreya/HT_detection_GNN/trusthub/AES_unzipped/AES-T1700/AES-T1700/src/TjIn/Trojan_Trigger.v:35$24.$auto$alumacc.cc:548:replace_alu$15498.CO [6]
Breaking loop using new signal $abcloop$19034$42: \Tj_Trigger.Counter [32] -> $auto$rtlil.cc:3488:NotGate$18969
                                                  \Tj_Trigger.Counter [32] -> $techmap$flatten\Tj_Trigger.$add$/home/shreya/HT_detection_GNN/trusthub/AES_unzipped/AES-T1700/AES-T1700/src/TjIn/Trojan_Trigger.v:35$24.$auto$alumacc.cc:548:replace_alu$15498.Y [32]
                                                  \Tj_Trigger.Counter [32] -> $techmap$flatten\Tj_Trigger.$add$/home/shreya/HT_detection_GNN/trusthub/AES_unzipped/AES-T1700/AES-T1700/src/TjIn/Trojan_Trigger.v:35$24.$auto$alumacc.cc:548:replace_alu$15498.CO [32]
                                                  \Tj_Trigger.Counter [32] -> $techmap$techmap$flatten\Tj_Trigger.$add$/home/shreya/HT_detection_GNN/trusthub/AES_unzipped/AES-T1700/AES-T1700/src/TjIn/Trojan_Trigger.v:35$24.$auto$alumacc.cc:548:replace_alu$15498.lcu.$and$/home/shreya/oss-cad-suite/lib/../share/yosys/techmap.v:241$16120_Y
Breaking loop using new signal $abcloop$19034$43: \Tj_Trigger.Counter [72] -> $auto$rtlil.cc:3488:NotGate$18889
                                                  \Tj_Trigger.Counter [72] -> $techmap$techmap$flatten\Tj_Trigger.$add$/home/shreya/HT_detection_GNN/trusthub/AES_unzipped/AES-T1700/AES-T1700/src/TjIn/Trojan_Trigger.v:35$24.$auto$alumacc.cc:548:replace_alu$15498.lcu.$and$/home/shreya/oss-cad-suite/lib/../share/yosys/techmap.v:241$16180_Y
                                                  \Tj_Trigger.Counter [72] -> $techmap$flatten\Tj_Trigger.$add$/home/shreya/HT_detection_GNN/trusthub/AES_unzipped/AES-T1700/AES-T1700/src/TjIn/Trojan_Trigger.v:35$24.$auto$alumacc.cc:548:replace_alu$15498.CO [72]
                                                  \Tj_Trigger.Counter [72] -> $techmap$flatten\Tj_Trigger.$add$/home/shreya/HT_detection_GNN/trusthub/AES_unzipped/AES-T1700/AES-T1700/src/TjIn/Trojan_Trigger.v:35$24.$auto$alumacc.cc:548:replace_alu$15498.Y [72]
Breaking loop using new signal $abcloop$19034$44: \Tj_Trigger.Counter [28] -> $techmap$flatten\Tj_Trigger.$add$/home/shreya/HT_detection_GNN/trusthub/AES_unzipped/AES-T1700/AES-T1700/src/TjIn/Trojan_Trigger.v:35$24.$auto$alumacc.cc:548:replace_alu$15498.Y [28]
                                                  \Tj_Trigger.Counter [28] -> $auto$rtlil.cc:3488:NotGate$18977
                                                  \Tj_Trigger.Counter [28] -> $techmap$flatten\Tj_Trigger.$add$/home/shreya/HT_detection_GNN/trusthub/AES_unzipped/AES-T1700/AES-T1700/src/TjIn/Trojan_Trigger.v:35$24.$auto$alumacc.cc:548:replace_alu$15498.CO [28]
                                                  \Tj_Trigger.Counter [28] -> $techmap$techmap$flatten\Tj_Trigger.$add$/home/shreya/HT_detection_GNN/trusthub/AES_unzipped/AES-T1700/AES-T1700/src/TjIn/Trojan_Trigger.v:35$24.$auto$alumacc.cc:548:replace_alu$15498.lcu.$and$/home/shreya/oss-cad-suite/lib/../share/yosys/techmap.v:241$16114_Y
Breaking loop using new signal $abcloop$19034$45: \Tj_Trigger.Counter [114] -> $techmap$techmap$flatten\Tj_Trigger.$add$/home/shreya/HT_detection_GNN/trusthub/AES_unzipped/AES-T1700/AES-T1700/src/TjIn/Trojan_Trigger.v:35$24.$auto$alumacc.cc:548:replace_alu$15498.lcu.$and$/home/shreya/oss-cad-suite/lib/../share/yosys/techmap.v:241$16243_Y
                                                  \Tj_Trigger.Counter [114] -> $techmap$flatten\Tj_Trigger.$add$/home/shreya/HT_detection_GNN/trusthub/AES_unzipped/AES-T1700/AES-T1700/src/TjIn/Trojan_Trigger.v:35$24.$auto$alumacc.cc:548:replace_alu$15498.Y [114]
                                                  \Tj_Trigger.Counter [114] -> $auto$rtlil.cc:3488:NotGate$18805
                                                  \Tj_Trigger.Counter [114] -> $techmap$flatten\Tj_Trigger.$add$/home/shreya/HT_detection_GNN/trusthub/AES_unzipped/AES-T1700/AES-T1700/src/TjIn/Trojan_Trigger.v:35$24.$auto$alumacc.cc:548:replace_alu$15498.CO [114]
Breaking loop using new signal $abcloop$19034$46: \Tj_Trigger.Counter [24] -> $auto$rtlil.cc:3488:NotGate$18985
                                                  \Tj_Trigger.Counter [24] -> $techmap$flatten\Tj_Trigger.$add$/home/shreya/HT_detection_GNN/trusthub/AES_unzipped/AES-T1700/AES-T1700/src/TjIn/Trojan_Trigger.v:35$24.$auto$alumacc.cc:548:replace_alu$15498.CO [24]
                                                  \Tj_Trigger.Counter [24] -> $techmap$flatten\Tj_Trigger.$add$/home/shreya/HT_detection_GNN/trusthub/AES_unzipped/AES-T1700/AES-T1700/src/TjIn/Trojan_Trigger.v:35$24.$auto$alumacc.cc:548:replace_alu$15498.Y [24]
                                                  \Tj_Trigger.Counter [24] -> $techmap$techmap$flatten\Tj_Trigger.$add$/home/shreya/HT_detection_GNN/trusthub/AES_unzipped/AES-T1700/AES-T1700/src/TjIn/Trojan_Trigger.v:35$24.$auto$alumacc.cc:548:replace_alu$15498.lcu.$and$/home/shreya/oss-cad-suite/lib/../share/yosys/techmap.v:241$16108_Y
Breaking loop using new signal $abcloop$19034$47: \Tj_Trigger.Counter [68] -> $auto$rtlil.cc:3488:NotGate$18897
                                                  \Tj_Trigger.Counter [68] -> $techmap$flatten\Tj_Trigger.$add$/home/shreya/HT_detection_GNN/trusthub/AES_unzipped/AES-T1700/AES-T1700/src/TjIn/Trojan_Trigger.v:35$24.$auto$alumacc.cc:548:replace_alu$15498.Y [68]
                                                  \Tj_Trigger.Counter [68] -> $techmap$techmap$flatten\Tj_Trigger.$add$/home/shreya/HT_detection_GNN/trusthub/AES_unzipped/AES-T1700/AES-T1700/src/TjIn/Trojan_Trigger.v:35$24.$auto$alumacc.cc:548:replace_alu$15498.lcu.$and$/home/shreya/oss-cad-suite/lib/../share/yosys/techmap.v:241$16174_Y
                                                  \Tj_Trigger.Counter [68] -> $techmap$flatten\Tj_Trigger.$add$/home/shreya/HT_detection_GNN/trusthub/AES_unzipped/AES-T1700/AES-T1700/src/TjIn/Trojan_Trigger.v:35$24.$auto$alumacc.cc:548:replace_alu$15498.CO [68]
Breaking loop using new signal $abcloop$19034$48: \Tj_Trigger.Counter [20] -> $techmap$flatten\Tj_Trigger.$add$/home/shreya/HT_detection_GNN/trusthub/AES_unzipped/AES-T1700/AES-T1700/src/TjIn/Trojan_Trigger.v:35$24.$auto$alumacc.cc:548:replace_alu$15498.Y [20]
                                                  \Tj_Trigger.Counter [20] -> $auto$rtlil.cc:3488:NotGate$18993
                                                  \Tj_Trigger.Counter [20] -> $techmap$flatten\Tj_Trigger.$add$/home/shreya/HT_detection_GNN/trusthub/AES_unzipped/AES-T1700/AES-T1700/src/TjIn/Trojan_Trigger.v:35$24.$auto$alumacc.cc:548:replace_alu$15498.CO [20]
                                                  \Tj_Trigger.Counter [20] -> $techmap$techmap$flatten\Tj_Trigger.$add$/home/shreya/HT_detection_GNN/trusthub/AES_unzipped/AES-T1700/AES-T1700/src/TjIn/Trojan_Trigger.v:35$24.$auto$alumacc.cc:548:replace_alu$15498.lcu.$and$/home/shreya/oss-cad-suite/lib/../share/yosys/techmap.v:241$16102_Y
Breaking loop using new signal $abcloop$19034$49: \Tj_Trigger.Counter [84] -> $auto$rtlil.cc:3488:NotGate$18865
                                                  \Tj_Trigger.Counter [84] -> $techmap$flatten\Tj_Trigger.$add$/home/shreya/HT_detection_GNN/trusthub/AES_unzipped/AES-T1700/AES-T1700/src/TjIn/Trojan_Trigger.v:35$24.$auto$alumacc.cc:548:replace_alu$15498.CO [84]
                                                  \Tj_Trigger.Counter [84] -> $techmap$flatten\Tj_Trigger.$add$/home/shreya/HT_detection_GNN/trusthub/AES_unzipped/AES-T1700/AES-T1700/src/TjIn/Trojan_Trigger.v:35$24.$auto$alumacc.cc:548:replace_alu$15498.Y [84]
                                                  \Tj_Trigger.Counter [84] -> $techmap$techmap$flatten\Tj_Trigger.$add$/home/shreya/HT_detection_GNN/trusthub/AES_unzipped/AES-T1700/AES-T1700/src/TjIn/Trojan_Trigger.v:35$24.$auto$alumacc.cc:548:replace_alu$15498.lcu.$and$/home/shreya/oss-cad-suite/lib/../share/yosys/techmap.v:241$16198_Y
Breaking loop using new signal $abcloop$19034$50: \Tj_Trigger.Counter [16] -> $techmap$flatten\Tj_Trigger.$add$/home/shreya/HT_detection_GNN/trusthub/AES_unzipped/AES-T1700/AES-T1700/src/TjIn/Trojan_Trigger.v:35$24.$auto$alumacc.cc:548:replace_alu$15498.Y [16]
                                                  \Tj_Trigger.Counter [16] -> $auto$rtlil.cc:3488:NotGate$19001
                                                  \Tj_Trigger.Counter [16] -> $techmap$flatten\Tj_Trigger.$add$/home/shreya/HT_detection_GNN/trusthub/AES_unzipped/AES-T1700/AES-T1700/src/TjIn/Trojan_Trigger.v:35$24.$auto$alumacc.cc:548:replace_alu$15498.CO [16]
                                                  \Tj_Trigger.Counter [16] -> $techmap$techmap$flatten\Tj_Trigger.$add$/home/shreya/HT_detection_GNN/trusthub/AES_unzipped/AES-T1700/AES-T1700/src/TjIn/Trojan_Trigger.v:35$24.$auto$alumacc.cc:548:replace_alu$15498.lcu.$and$/home/shreya/oss-cad-suite/lib/../share/yosys/techmap.v:241$16096_Y
Breaking loop using new signal $abcloop$19034$51: \Tj_Trigger.Counter [86] -> $auto$rtlil.cc:3488:NotGate$18861
                                                  \Tj_Trigger.Counter [86] -> $techmap$flatten\Tj_Trigger.$add$/home/shreya/HT_detection_GNN/trusthub/AES_unzipped/AES-T1700/AES-T1700/src/TjIn/Trojan_Trigger.v:35$24.$auto$alumacc.cc:548:replace_alu$15498.CO [86]
                                                  \Tj_Trigger.Counter [86] -> $techmap$techmap$flatten\Tj_Trigger.$add$/home/shreya/HT_detection_GNN/trusthub/AES_unzipped/AES-T1700/AES-T1700/src/TjIn/Trojan_Trigger.v:35$24.$auto$alumacc.cc:548:replace_alu$15498.lcu.$and$/home/shreya/oss-cad-suite/lib/../share/yosys/techmap.v:241$16201_Y
                                                  \Tj_Trigger.Counter [86] -> $techmap$flatten\Tj_Trigger.$add$/home/shreya/HT_detection_GNN/trusthub/AES_unzipped/AES-T1700/AES-T1700/src/TjIn/Trojan_Trigger.v:35$24.$auto$alumacc.cc:548:replace_alu$15498.Y [86]
Breaking loop using new signal $abcloop$19034$52: \Tj_Trigger.Counter [12] -> $techmap$flatten\Tj_Trigger.$add$/home/shreya/HT_detection_GNN/trusthub/AES_unzipped/AES-T1700/AES-T1700/src/TjIn/Trojan_Trigger.v:35$24.$auto$alumacc.cc:548:replace_alu$15498.Y [12]
                                                  \Tj_Trigger.Counter [12] -> $auto$rtlil.cc:3488:NotGate$19009
                                                  \Tj_Trigger.Counter [12] -> $techmap$flatten\Tj_Trigger.$add$/home/shreya/HT_detection_GNN/trusthub/AES_unzipped/AES-T1700/AES-T1700/src/TjIn/Trojan_Trigger.v:35$24.$auto$alumacc.cc:548:replace_alu$15498.CO [12]
                                                  \Tj_Trigger.Counter [12] -> $techmap$techmap$flatten\Tj_Trigger.$add$/home/shreya/HT_detection_GNN/trusthub/AES_unzipped/AES-T1700/AES-T1700/src/TjIn/Trojan_Trigger.v:35$24.$auto$alumacc.cc:548:replace_alu$15498.lcu.$and$/home/shreya/oss-cad-suite/lib/../share/yosys/techmap.v:241$16090_Y
Breaking loop using new signal $abcloop$19034$53: \Tj_Trigger.Counter [66] -> $auto$rtlil.cc:3488:NotGate$18901
                                                  \Tj_Trigger.Counter [66] -> $techmap$flatten\Tj_Trigger.$add$/home/shreya/HT_detection_GNN/trusthub/AES_unzipped/AES-T1700/AES-T1700/src/TjIn/Trojan_Trigger.v:35$24.$auto$alumacc.cc:548:replace_alu$15498.Y [66]
                                                  \Tj_Trigger.Counter [66] -> $techmap$techmap$flatten\Tj_Trigger.$add$/home/shreya/HT_detection_GNN/trusthub/AES_unzipped/AES-T1700/AES-T1700/src/TjIn/Trojan_Trigger.v:35$24.$auto$alumacc.cc:548:replace_alu$15498.lcu.$and$/home/shreya/oss-cad-suite/lib/../share/yosys/techmap.v:241$16171_Y
                                                  \Tj_Trigger.Counter [66] -> $techmap$flatten\Tj_Trigger.$add$/home/shreya/HT_detection_GNN/trusthub/AES_unzipped/AES-T1700/AES-T1700/src/TjIn/Trojan_Trigger.v:35$24.$auto$alumacc.cc:548:replace_alu$15498.CO [66]
Breaking loop using new signal $abcloop$19034$54: \Tj_Trigger.Counter [70] -> $auto$rtlil.cc:3488:NotGate$18893
                                                  \Tj_Trigger.Counter [70] -> $techmap$techmap$flatten\Tj_Trigger.$add$/home/shreya/HT_detection_GNN/trusthub/AES_unzipped/AES-T1700/AES-T1700/src/TjIn/Trojan_Trigger.v:35$24.$auto$alumacc.cc:548:replace_alu$15498.lcu.$and$/home/shreya/oss-cad-suite/lib/../share/yosys/techmap.v:241$16177_Y
                                                  \Tj_Trigger.Counter [70] -> $techmap$flatten\Tj_Trigger.$add$/home/shreya/HT_detection_GNN/trusthub/AES_unzipped/AES-T1700/AES-T1700/src/TjIn/Trojan_Trigger.v:35$24.$auto$alumacc.cc:548:replace_alu$15498.CO [70]
                                                  \Tj_Trigger.Counter [70] -> $techmap$flatten\Tj_Trigger.$add$/home/shreya/HT_detection_GNN/trusthub/AES_unzipped/AES-T1700/AES-T1700/src/TjIn/Trojan_Trigger.v:35$24.$auto$alumacc.cc:548:replace_alu$15498.Y [70]
Breaking loop using new signal $abcloop$19034$55: \Tj_Trigger.Counter [8] -> $techmap$flatten\Tj_Trigger.$add$/home/shreya/HT_detection_GNN/trusthub/AES_unzipped/AES-T1700/AES-T1700/src/TjIn/Trojan_Trigger.v:35$24.$auto$alumacc.cc:548:replace_alu$15498.Y [8]
                                                  \Tj_Trigger.Counter [8] -> $auto$rtlil.cc:3488:NotGate$19017
                                                  \Tj_Trigger.Counter [8] -> $techmap$flatten\Tj_Trigger.$add$/home/shreya/HT_detection_GNN/trusthub/AES_unzipped/AES-T1700/AES-T1700/src/TjIn/Trojan_Trigger.v:35$24.$auto$alumacc.cc:548:replace_alu$15498.CO [8]
                                                  \Tj_Trigger.Counter [8] -> $techmap$techmap$flatten\Tj_Trigger.$add$/home/shreya/HT_detection_GNN/trusthub/AES_unzipped/AES-T1700/AES-T1700/src/TjIn/Trojan_Trigger.v:35$24.$auto$alumacc.cc:548:replace_alu$15498.lcu.$and$/home/shreya/oss-cad-suite/lib/../share/yosys/techmap.v:241$16084_Y
Breaking loop using new signal $abcloop$19034$56: \Tj_Trigger.Counter [110] -> $auto$rtlil.cc:3488:NotGate$18813
                                                  \Tj_Trigger.Counter [110] -> $techmap$flatten\Tj_Trigger.$add$/home/shreya/HT_detection_GNN/trusthub/AES_unzipped/AES-T1700/AES-T1700/src/TjIn/Trojan_Trigger.v:35$24.$auto$alumacc.cc:548:replace_alu$15498.Y [110]
                                                  \Tj_Trigger.Counter [110] -> $techmap$flatten\Tj_Trigger.$add$/home/shreya/HT_detection_GNN/trusthub/AES_unzipped/AES-T1700/AES-T1700/src/TjIn/Trojan_Trigger.v:35$24.$auto$alumacc.cc:548:replace_alu$15498.CO [110]
                                                  \Tj_Trigger.Counter [110] -> $techmap$techmap$flatten\Tj_Trigger.$add$/home/shreya/HT_detection_GNN/trusthub/AES_unzipped/AES-T1700/AES-T1700/src/TjIn/Trojan_Trigger.v:35$24.$auto$alumacc.cc:548:replace_alu$15498.lcu.$and$/home/shreya/oss-cad-suite/lib/../share/yosys/techmap.v:241$16237_Y
Breaking loop using new signal $abcloop$19034$57: \Tj_Trigger.Counter [4] -> $techmap$flatten\Tj_Trigger.$add$/home/shreya/HT_detection_GNN/trusthub/AES_unzipped/AES-T1700/AES-T1700/src/TjIn/Trojan_Trigger.v:35$24.$auto$alumacc.cc:548:replace_alu$15498.Y [4]
                                                  \Tj_Trigger.Counter [4] -> $auto$rtlil.cc:3488:NotGate$19025
                                                  \Tj_Trigger.Counter [4] -> $techmap$flatten\Tj_Trigger.$add$/home/shreya/HT_detection_GNN/trusthub/AES_unzipped/AES-T1700/AES-T1700/src/TjIn/Trojan_Trigger.v:35$24.$auto$alumacc.cc:548:replace_alu$15498.CO [4]
                                                  \Tj_Trigger.Counter [4] -> $techmap$techmap$flatten\Tj_Trigger.$add$/home/shreya/HT_detection_GNN/trusthub/AES_unzipped/AES-T1700/AES-T1700/src/TjIn/Trojan_Trigger.v:35$24.$auto$alumacc.cc:548:replace_alu$15498.lcu.$and$/home/shreya/oss-cad-suite/lib/../share/yosys/techmap.v:241$16078_Y
Breaking loop using new signal $abcloop$19034$58: \Tj_Trigger.Counter [108] -> $auto$rtlil.cc:3488:NotGate$18817
                                                  \Tj_Trigger.Counter [108] -> $techmap$flatten\Tj_Trigger.$add$/home/shreya/HT_detection_GNN/trusthub/AES_unzipped/AES-T1700/AES-T1700/src/TjIn/Trojan_Trigger.v:35$24.$auto$alumacc.cc:548:replace_alu$15498.Y [108]
                                                  \Tj_Trigger.Counter [108] -> $techmap$techmap$flatten\Tj_Trigger.$add$/home/shreya/HT_detection_GNN/trusthub/AES_unzipped/AES-T1700/AES-T1700/src/TjIn/Trojan_Trigger.v:35$24.$auto$alumacc.cc:548:replace_alu$15498.lcu.$and$/home/shreya/oss-cad-suite/lib/../share/yosys/techmap.v:241$16234_Y
                                                  \Tj_Trigger.Counter [108] -> $techmap$flatten\Tj_Trigger.$add$/home/shreya/HT_detection_GNN/trusthub/AES_unzipped/AES-T1700/AES-T1700/src/TjIn/Trojan_Trigger.v:35$24.$auto$alumacc.cc:548:replace_alu$15498.CO [108]
Breaking loop using new signal $abcloop$19034$59: \Tj_Trigger.Counter [58] -> $auto$rtlil.cc:3488:NotGate$18917
                                                  \Tj_Trigger.Counter [58] -> $techmap$flatten\Tj_Trigger.$add$/home/shreya/HT_detection_GNN/trusthub/AES_unzipped/AES-T1700/AES-T1700/src/TjIn/Trojan_Trigger.v:35$24.$auto$alumacc.cc:548:replace_alu$15498.CO [58]
                                                  \Tj_Trigger.Counter [58] -> $techmap$techmap$flatten\Tj_Trigger.$add$/home/shreya/HT_detection_GNN/trusthub/AES_unzipped/AES-T1700/AES-T1700/src/TjIn/Trojan_Trigger.v:35$24.$auto$alumacc.cc:548:replace_alu$15498.lcu.$and$/home/shreya/oss-cad-suite/lib/../share/yosys/techmap.v:241$16159_Y
                                                  \Tj_Trigger.Counter [58] -> $techmap$flatten\Tj_Trigger.$add$/home/shreya/HT_detection_GNN/trusthub/AES_unzipped/AES-T1700/AES-T1700/src/TjIn/Trojan_Trigger.v:35$24.$auto$alumacc.cc:548:replace_alu$15498.Y [58]
Breaking loop using new signal $abcloop$19034$60: \Tj_Trigger.Counter [64] -> $techmap$flatten\Tj_Trigger.$add$/home/shreya/HT_detection_GNN/trusthub/AES_unzipped/AES-T1700/AES-T1700/src/TjIn/Trojan_Trigger.v:35$24.$auto$alumacc.cc:548:replace_alu$15498.Y [64]
                                                  \Tj_Trigger.Counter [64] -> $auto$rtlil.cc:3488:NotGate$18905
                                                  \Tj_Trigger.Counter [64] -> $techmap$techmap$flatten\Tj_Trigger.$add$/home/shreya/HT_detection_GNN/trusthub/AES_unzipped/AES-T1700/AES-T1700/src/TjIn/Trojan_Trigger.v:35$24.$auto$alumacc.cc:548:replace_alu$15498.lcu.$and$/home/shreya/oss-cad-suite/lib/../share/yosys/techmap.v:241$16168_Y
                                                  \Tj_Trigger.Counter [64] -> $techmap$flatten\Tj_Trigger.$add$/home/shreya/HT_detection_GNN/trusthub/AES_unzipped/AES-T1700/AES-T1700/src/TjIn/Trojan_Trigger.v:35$24.$auto$alumacc.cc:548:replace_alu$15498.CO [64]
Breaking loop using new signal $abcloop$19034$61: \Tj_Trigger.Counter [106] -> $auto$rtlil.cc:3488:NotGate$18821
                                                  \Tj_Trigger.Counter [106] -> $techmap$flatten\Tj_Trigger.$add$/home/shreya/HT_detection_GNN/trusthub/AES_unzipped/AES-T1700/AES-T1700/src/TjIn/Trojan_Trigger.v:35$24.$auto$alumacc.cc:548:replace_alu$15498.Y [106]
                                                  \Tj_Trigger.Counter [106] -> $techmap$techmap$flatten\Tj_Trigger.$add$/home/shreya/HT_detection_GNN/trusthub/AES_unzipped/AES-T1700/AES-T1700/src/TjIn/Trojan_Trigger.v:35$24.$auto$alumacc.cc:548:replace_alu$15498.lcu.$and$/home/shreya/oss-cad-suite/lib/../share/yosys/techmap.v:241$16231_Y
                                                  \Tj_Trigger.Counter [106] -> $techmap$flatten\Tj_Trigger.$add$/home/shreya/HT_detection_GNN/trusthub/AES_unzipped/AES-T1700/AES-T1700/src/TjIn/Trojan_Trigger.v:35$24.$auto$alumacc.cc:548:replace_alu$15498.CO [106]
Breaking loop using new signal $abcloop$19034$62: \Tj_Trigger.Counter [35] -> $techmap$flatten\Tj_Trigger.$add$/home/shreya/HT_detection_GNN/trusthub/AES_unzipped/AES-T1700/AES-T1700/src/TjIn/Trojan_Trigger.v:35$24.$auto$alumacc.cc:548:replace_alu$15498.Y [35]
                                                  \Tj_Trigger.Counter [35] -> $auto$rtlil.cc:3488:NotGate$18963
                                                  \Tj_Trigger.Counter [35] -> $techmap$techmap$flatten\Tj_Trigger.$add$/home/shreya/HT_detection_GNN/trusthub/AES_unzipped/AES-T1700/AES-T1700/src/TjIn/Trojan_Trigger.v:35$24.$auto$alumacc.cc:548:replace_alu$15498.lcu.$and$/home/shreya/oss-cad-suite/lib/../share/yosys/techmap.v:241$16123_Y
Breaking loop using new signal $abcloop$19034$63: \Tj_Trigger.Counter [63] -> $techmap$flatten\Tj_Trigger.$add$/home/shreya/HT_detection_GNN/trusthub/AES_unzipped/AES-T1700/AES-T1700/src/TjIn/Trojan_Trigger.v:35$24.$auto$alumacc.cc:548:replace_alu$15498.Y [63]
                                                  \Tj_Trigger.Counter [63] -> $auto$rtlil.cc:3488:NotGate$18907
                                                  \Tj_Trigger.Counter [63] -> $techmap$techmap$flatten\Tj_Trigger.$add$/home/shreya/HT_detection_GNN/trusthub/AES_unzipped/AES-T1700/AES-T1700/src/TjIn/Trojan_Trigger.v:35$24.$auto$alumacc.cc:548:replace_alu$15498.lcu.$and$/home/shreya/oss-cad-suite/lib/../share/yosys/techmap.v:241$16165_Y
Breaking loop using new signal $abcloop$19034$64: \Tj_Trigger.Counter [99] -> $techmap$flatten\Tj_Trigger.$add$/home/shreya/HT_detection_GNN/trusthub/AES_unzipped/AES-T1700/AES-T1700/src/TjIn/Trojan_Trigger.v:35$24.$auto$alumacc.cc:548:replace_alu$15498.Y [99]
                                                  \Tj_Trigger.Counter [99] -> $auto$rtlil.cc:3488:NotGate$18835
                                                  \Tj_Trigger.Counter [99] -> $techmap$techmap$flatten\Tj_Trigger.$add$/home/shreya/HT_detection_GNN/trusthub/AES_unzipped/AES-T1700/AES-T1700/src/TjIn/Trojan_Trigger.v:35$24.$auto$alumacc.cc:548:replace_alu$15498.lcu.$and$/home/shreya/oss-cad-suite/lib/../share/yosys/techmap.v:241$16219_Y
Breaking loop using new signal $abcloop$19034$65: \Tj_Trigger.Counter [19] -> $techmap$flatten\Tj_Trigger.$add$/home/shreya/HT_detection_GNN/trusthub/AES_unzipped/AES-T1700/AES-T1700/src/TjIn/Trojan_Trigger.v:35$24.$auto$alumacc.cc:548:replace_alu$15498.Y [19]
                                                  \Tj_Trigger.Counter [19] -> $auto$rtlil.cc:3488:NotGate$18995
                                                  \Tj_Trigger.Counter [19] -> $techmap$techmap$flatten\Tj_Trigger.$add$/home/shreya/HT_detection_GNN/trusthub/AES_unzipped/AES-T1700/AES-T1700/src/TjIn/Trojan_Trigger.v:35$24.$auto$alumacc.cc:548:replace_alu$15498.lcu.$and$/home/shreya/oss-cad-suite/lib/../share/yosys/techmap.v:241$16099_Y
Breaking loop using new signal $abcloop$19034$66: \Tj_Trigger.Counter [95] -> $auto$rtlil.cc:3488:NotGate$18843
                                                  \Tj_Trigger.Counter [95] -> $techmap$flatten\Tj_Trigger.$add$/home/shreya/HT_detection_GNN/trusthub/AES_unzipped/AES-T1700/AES-T1700/src/TjIn/Trojan_Trigger.v:35$24.$auto$alumacc.cc:548:replace_alu$15498.Y [95]
                                                  \Tj_Trigger.Counter [95] -> $techmap$techmap$flatten\Tj_Trigger.$add$/home/shreya/HT_detection_GNN/trusthub/AES_unzipped/AES-T1700/AES-T1700/src/TjIn/Trojan_Trigger.v:35$24.$auto$alumacc.cc:548:replace_alu$15498.lcu.$and$/home/shreya/oss-cad-suite/lib/../share/yosys/techmap.v:241$16213_Y
Breaking loop using new signal $abcloop$19034$67: \Tj_Trigger.Counter [79] -> $auto$rtlil.cc:3488:NotGate$18875
                                                  \Tj_Trigger.Counter [79] -> $techmap$flatten\Tj_Trigger.$add$/home/shreya/HT_detection_GNN/trusthub/AES_unzipped/AES-T1700/AES-T1700/src/TjIn/Trojan_Trigger.v:35$24.$auto$alumacc.cc:548:replace_alu$15498.Y [79]
                                                  \Tj_Trigger.Counter [79] -> $techmap$techmap$flatten\Tj_Trigger.$add$/home/shreya/HT_detection_GNN/trusthub/AES_unzipped/AES-T1700/AES-T1700/src/TjIn/Trojan_Trigger.v:35$24.$auto$alumacc.cc:548:replace_alu$15498.lcu.$and$/home/shreya/oss-cad-suite/lib/../share/yosys/techmap.v:241$16189_Y
Breaking loop using new signal $abcloop$19034$68: \Tj_Trigger.Counter [103] -> $auto$rtlil.cc:3488:NotGate$18827
                                                  \Tj_Trigger.Counter [103] -> $techmap$flatten\Tj_Trigger.$add$/home/shreya/HT_detection_GNN/trusthub/AES_unzipped/AES-T1700/AES-T1700/src/TjIn/Trojan_Trigger.v:35$24.$auto$alumacc.cc:548:replace_alu$15498.Y [103]
                                                  \Tj_Trigger.Counter [103] -> $techmap$techmap$flatten\Tj_Trigger.$add$/home/shreya/HT_detection_GNN/trusthub/AES_unzipped/AES-T1700/AES-T1700/src/TjIn/Trojan_Trigger.v:35$24.$auto$alumacc.cc:548:replace_alu$15498.lcu.$and$/home/shreya/oss-cad-suite/lib/../share/yosys/techmap.v:241$16225_Y
Breaking loop using new signal $abcloop$19034$69: \Tj_Trigger.Counter [27] -> $techmap$flatten\Tj_Trigger.$add$/home/shreya/HT_detection_GNN/trusthub/AES_unzipped/AES-T1700/AES-T1700/src/TjIn/Trojan_Trigger.v:35$24.$auto$alumacc.cc:548:replace_alu$15498.Y [27]
                                                  \Tj_Trigger.Counter [27] -> $auto$rtlil.cc:3488:NotGate$18979
                                                  \Tj_Trigger.Counter [27] -> $techmap$techmap$flatten\Tj_Trigger.$add$/home/shreya/HT_detection_GNN/trusthub/AES_unzipped/AES-T1700/AES-T1700/src/TjIn/Trojan_Trigger.v:35$24.$auto$alumacc.cc:548:replace_alu$15498.lcu.$and$/home/shreya/oss-cad-suite/lib/../share/yosys/techmap.v:241$16111_Y
Breaking loop using new signal $abcloop$19034$70: \Tj_Trigger.Counter [107] -> $techmap$flatten\Tj_Trigger.$add$/home/shreya/HT_detection_GNN/trusthub/AES_unzipped/AES-T1700/AES-T1700/src/TjIn/Trojan_Trigger.v:35$24.$auto$alumacc.cc:548:replace_alu$15498.Y [107]
                                                  \Tj_Trigger.Counter [107] -> $auto$rtlil.cc:3488:NotGate$18819
                                                  \Tj_Trigger.Counter [107] -> $techmap$techmap$flatten\Tj_Trigger.$add$/home/shreya/HT_detection_GNN/trusthub/AES_unzipped/AES-T1700/AES-T1700/src/TjIn/Trojan_Trigger.v:35$24.$auto$alumacc.cc:548:replace_alu$15498.lcu.$and$/home/shreya/oss-cad-suite/lib/../share/yosys/techmap.v:241$16231_Y
Breaking loop using new signal $abcloop$19034$71: \Tj_Trigger.Counter [3] -> $auto$rtlil.cc:3488:NotGate$19027
                                                  \Tj_Trigger.Counter [3] -> $techmap$flatten\Tj_Trigger.$add$/home/shreya/HT_detection_GNN/trusthub/AES_unzipped/AES-T1700/AES-T1700/src/TjIn/Trojan_Trigger.v:35$24.$auto$alumacc.cc:548:replace_alu$15498.Y [3]
                                                  \Tj_Trigger.Counter [3] -> $techmap$techmap$flatten\Tj_Trigger.$add$/home/shreya/HT_detection_GNN/trusthub/AES_unzipped/AES-T1700/AES-T1700/src/TjIn/Trojan_Trigger.v:35$24.$auto$alumacc.cc:548:replace_alu$15498.lcu.$and$/home/shreya/oss-cad-suite/lib/../share/yosys/techmap.v:241$16075_Y
Breaking loop using new signal $abcloop$19034$72: \Tj_Trigger.Counter [23] -> $auto$rtlil.cc:3488:NotGate$18987
                                                  \Tj_Trigger.Counter [23] -> $techmap$techmap$flatten\Tj_Trigger.$add$/home/shreya/HT_detection_GNN/trusthub/AES_unzipped/AES-T1700/AES-T1700/src/TjIn/Trojan_Trigger.v:35$24.$auto$alumacc.cc:548:replace_alu$15498.lcu.$and$/home/shreya/oss-cad-suite/lib/../share/yosys/techmap.v:241$16105_Y
                                                  \Tj_Trigger.Counter [23] -> $techmap$flatten\Tj_Trigger.$add$/home/shreya/HT_detection_GNN/trusthub/AES_unzipped/AES-T1700/AES-T1700/src/TjIn/Trojan_Trigger.v:35$24.$auto$alumacc.cc:548:replace_alu$15498.Y [23]
Breaking loop using new signal $abcloop$19034$73: \Tj_Trigger.Counter [15] -> $techmap$flatten\Tj_Trigger.$add$/home/shreya/HT_detection_GNN/trusthub/AES_unzipped/AES-T1700/AES-T1700/src/TjIn/Trojan_Trigger.v:35$24.$auto$alumacc.cc:548:replace_alu$15498.Y [15]
                                                  \Tj_Trigger.Counter [15] -> $auto$rtlil.cc:3488:NotGate$19003
                                                  \Tj_Trigger.Counter [15] -> $techmap$techmap$flatten\Tj_Trigger.$add$/home/shreya/HT_detection_GNN/trusthub/AES_unzipped/AES-T1700/AES-T1700/src/TjIn/Trojan_Trigger.v:35$24.$auto$alumacc.cc:548:replace_alu$15498.lcu.$and$/home/shreya/oss-cad-suite/lib/../share/yosys/techmap.v:241$16093_Y
Breaking loop using new signal $abcloop$19034$74: \Tj_Trigger.Counter [51] -> $techmap$flatten\Tj_Trigger.$add$/home/shreya/HT_detection_GNN/trusthub/AES_unzipped/AES-T1700/AES-T1700/src/TjIn/Trojan_Trigger.v:35$24.$auto$alumacc.cc:548:replace_alu$15498.Y [51]
                                                  \Tj_Trigger.Counter [51] -> $auto$rtlil.cc:3488:NotGate$18931
                                                  \Tj_Trigger.Counter [51] -> $techmap$techmap$flatten\Tj_Trigger.$add$/home/shreya/HT_detection_GNN/trusthub/AES_unzipped/AES-T1700/AES-T1700/src/TjIn/Trojan_Trigger.v:35$24.$auto$alumacc.cc:548:replace_alu$15498.lcu.$and$/home/shreya/oss-cad-suite/lib/../share/yosys/techmap.v:241$16147_Y
Breaking loop using new signal $abcloop$19034$75: \Tj_Trigger.Counter [119] -> $auto$rtlil.cc:3488:NotGate$18795
                                                  \Tj_Trigger.Counter [119] -> $techmap$techmap$flatten\Tj_Trigger.$add$/home/shreya/HT_detection_GNN/trusthub/AES_unzipped/AES-T1700/AES-T1700/src/TjIn/Trojan_Trigger.v:35$24.$auto$alumacc.cc:548:replace_alu$15498.lcu.$and$/home/shreya/oss-cad-suite/lib/../share/yosys/techmap.v:241$16249_Y
                                                  \Tj_Trigger.Counter [119] -> $techmap$flatten\Tj_Trigger.$add$/home/shreya/HT_detection_GNN/trusthub/AES_unzipped/AES-T1700/AES-T1700/src/TjIn/Trojan_Trigger.v:35$24.$auto$alumacc.cc:548:replace_alu$15498.Y [119]
Breaking loop using new signal $abcloop$19034$76: \Tj_Trigger.Counter [31] -> $auto$rtlil.cc:3488:NotGate$18971
                                                  \Tj_Trigger.Counter [31] -> $techmap$flatten\Tj_Trigger.$add$/home/shreya/HT_detection_GNN/trusthub/AES_unzipped/AES-T1700/AES-T1700/src/TjIn/Trojan_Trigger.v:35$24.$auto$alumacc.cc:548:replace_alu$15498.Y [31]
                                                  \Tj_Trigger.Counter [31] -> $techmap$techmap$flatten\Tj_Trigger.$add$/home/shreya/HT_detection_GNN/trusthub/AES_unzipped/AES-T1700/AES-T1700/src/TjIn/Trojan_Trigger.v:35$24.$auto$alumacc.cc:548:replace_alu$15498.lcu.$and$/home/shreya/oss-cad-suite/lib/../share/yosys/techmap.v:241$16117_Y
Breaking loop using new signal $abcloop$19034$77: \Tj_Trigger.Counter [39] -> $techmap$flatten\Tj_Trigger.$add$/home/shreya/HT_detection_GNN/trusthub/AES_unzipped/AES-T1700/AES-T1700/src/TjIn/Trojan_Trigger.v:35$24.$auto$alumacc.cc:548:replace_alu$15498.Y [39]
                                                  \Tj_Trigger.Counter [39] -> $auto$rtlil.cc:3488:NotGate$18955
                                                  \Tj_Trigger.Counter [39] -> $techmap$techmap$flatten\Tj_Trigger.$add$/home/shreya/HT_detection_GNN/trusthub/AES_unzipped/AES-T1700/AES-T1700/src/TjIn/Trojan_Trigger.v:35$24.$auto$alumacc.cc:548:replace_alu$15498.lcu.$and$/home/shreya/oss-cad-suite/lib/../share/yosys/techmap.v:241$16129_Y
Breaking loop using new signal $abcloop$19034$78: \Tj_Trigger.Counter [67] -> $auto$rtlil.cc:3488:NotGate$18899
                                                  \Tj_Trigger.Counter [67] -> $techmap$techmap$flatten\Tj_Trigger.$add$/home/shreya/HT_detection_GNN/trusthub/AES_unzipped/AES-T1700/AES-T1700/src/TjIn/Trojan_Trigger.v:35$24.$auto$alumacc.cc:548:replace_alu$15498.lcu.$and$/home/shreya/oss-cad-suite/lib/../share/yosys/techmap.v:241$16171_Y
                                                  \Tj_Trigger.Counter [67] -> $techmap$flatten\Tj_Trigger.$add$/home/shreya/HT_detection_GNN/trusthub/AES_unzipped/AES-T1700/AES-T1700/src/TjIn/Trojan_Trigger.v:35$24.$auto$alumacc.cc:548:replace_alu$15498.Y [67]
Breaking loop using new signal $abcloop$19034$79: \Tj_Trigger.Counter [83] -> $auto$rtlil.cc:3488:NotGate$18867
                                                  \Tj_Trigger.Counter [83] -> $techmap$flatten\Tj_Trigger.$add$/home/shreya/HT_detection_GNN/trusthub/AES_unzipped/AES-T1700/AES-T1700/src/TjIn/Trojan_Trigger.v:35$24.$auto$alumacc.cc:548:replace_alu$15498.Y [83]
                                                  \Tj_Trigger.Counter [83] -> $techmap$techmap$flatten\Tj_Trigger.$add$/home/shreya/HT_detection_GNN/trusthub/AES_unzipped/AES-T1700/AES-T1700/src/TjIn/Trojan_Trigger.v:35$24.$auto$alumacc.cc:548:replace_alu$15498.lcu.$and$/home/shreya/oss-cad-suite/lib/../share/yosys/techmap.v:241$16195_Y
Breaking loop using new signal $abcloop$19034$80: \Tj_Trigger.Counter [123] -> $auto$rtlil.cc:3488:NotGate$18787
                                                  \Tj_Trigger.Counter [123] -> $techmap$techmap$flatten\Tj_Trigger.$add$/home/shreya/HT_detection_GNN/trusthub/AES_unzipped/AES-T1700/AES-T1700/src/TjIn/Trojan_Trigger.v:35$24.$auto$alumacc.cc:548:replace_alu$15498.lcu.$and$/home/shreya/oss-cad-suite/lib/../share/yosys/techmap.v:241$16255_Y
                                                  \Tj_Trigger.Counter [123] -> $techmap$flatten\Tj_Trigger.$add$/home/shreya/HT_detection_GNN/trusthub/AES_unzipped/AES-T1700/AES-T1700/src/TjIn/Trojan_Trigger.v:35$24.$auto$alumacc.cc:548:replace_alu$15498.Y [123]
Breaking loop using new signal $abcloop$19034$81: \Tj_Trigger.Counter [55] -> $auto$rtlil.cc:3488:NotGate$18923
                                                  \Tj_Trigger.Counter [55] -> $techmap$flatten\Tj_Trigger.$add$/home/shreya/HT_detection_GNN/trusthub/AES_unzipped/AES-T1700/AES-T1700/src/TjIn/Trojan_Trigger.v:35$24.$auto$alumacc.cc:548:replace_alu$15498.Y [55]
                                                  \Tj_Trigger.Counter [55] -> $techmap$techmap$flatten\Tj_Trigger.$add$/home/shreya/HT_detection_GNN/trusthub/AES_unzipped/AES-T1700/AES-T1700/src/TjIn/Trojan_Trigger.v:35$24.$auto$alumacc.cc:548:replace_alu$15498.lcu.$and$/home/shreya/oss-cad-suite/lib/../share/yosys/techmap.v:241$16153_Y
Breaking loop using new signal $abcloop$19034$82: \Tj_Trigger.Counter [1] -> $auto$rtlil.cc:3488:NotGate$19031
                                                  \Tj_Trigger.Counter [1] -> $techmap$flatten\Tj_Trigger.$add$/home/shreya/HT_detection_GNN/trusthub/AES_unzipped/AES-T1700/AES-T1700/src/TjIn/Trojan_Trigger.v:35$24.$auto$alumacc.cc:548:replace_alu$15498.Y [1]
                                                  \Tj_Trigger.Counter [1] -> $techmap$flatten\Tj_Trigger.$add$/home/shreya/HT_detection_GNN/trusthub/AES_unzipped/AES-T1700/AES-T1700/src/TjIn/Trojan_Trigger.v:35$24.$auto$alumacc.cc:548:replace_alu$15498.CO [1]
Breaking loop using new signal $abcloop$19034$83: \Tj_Trigger.Counter [125] -> $auto$rtlil.cc:3488:NotGate$18783
                                                  \Tj_Trigger.Counter [125] -> $techmap$flatten\Tj_Trigger.$add$/home/shreya/HT_detection_GNN/trusthub/AES_unzipped/AES-T1700/AES-T1700/src/TjIn/Trojan_Trigger.v:35$24.$auto$alumacc.cc:548:replace_alu$15498.Y [125]
                                                  \Tj_Trigger.Counter [125] -> $techmap$techmap$flatten\Tj_Trigger.$add$/home/shreya/HT_detection_GNN/trusthub/AES_unzipped/AES-T1700/AES-T1700/src/TjIn/Trojan_Trigger.v:35$24.$auto$alumacc.cc:548:replace_alu$15498.lcu.$and$/home/shreya/oss-cad-suite/lib/../share/yosys/techmap.v:241$16258_Y
Breaking loop using new signal $abcloop$19034$84: \Tj_Trigger.Counter [75] -> $auto$rtlil.cc:3488:NotGate$18883
                                                  \Tj_Trigger.Counter [75] -> $techmap$techmap$flatten\Tj_Trigger.$add$/home/shreya/HT_detection_GNN/trusthub/AES_unzipped/AES-T1700/AES-T1700/src/TjIn/Trojan_Trigger.v:35$24.$auto$alumacc.cc:548:replace_alu$15498.lcu.$and$/home/shreya/oss-cad-suite/lib/../share/yosys/techmap.v:241$16183_Y
                                                  \Tj_Trigger.Counter [75] -> $techmap$flatten\Tj_Trigger.$add$/home/shreya/HT_detection_GNN/trusthub/AES_unzipped/AES-T1700/AES-T1700/src/TjIn/Trojan_Trigger.v:35$24.$auto$alumacc.cc:548:replace_alu$15498.Y [75]
Breaking loop using new signal $abcloop$19034$85: \Tj_Trigger.Counter [121] -> $auto$rtlil.cc:3488:NotGate$18791
                                                  \Tj_Trigger.Counter [121] -> $techmap$flatten\Tj_Trigger.$add$/home/shreya/HT_detection_GNN/trusthub/AES_unzipped/AES-T1700/AES-T1700/src/TjIn/Trojan_Trigger.v:35$24.$auto$alumacc.cc:548:replace_alu$15498.Y [121]
                                                  \Tj_Trigger.Counter [121] -> $techmap$techmap$flatten\Tj_Trigger.$add$/home/shreya/HT_detection_GNN/trusthub/AES_unzipped/AES-T1700/AES-T1700/src/TjIn/Trojan_Trigger.v:35$24.$auto$alumacc.cc:548:replace_alu$15498.lcu.$and$/home/shreya/oss-cad-suite/lib/../share/yosys/techmap.v:241$16252_Y
Breaking loop using new signal $abcloop$19034$86: \Tj_Trigger.Counter [11] -> $auto$rtlil.cc:3488:NotGate$19011
                                                  \Tj_Trigger.Counter [11] -> $techmap$flatten\Tj_Trigger.$add$/home/shreya/HT_detection_GNN/trusthub/AES_unzipped/AES-T1700/AES-T1700/src/TjIn/Trojan_Trigger.v:35$24.$auto$alumacc.cc:548:replace_alu$15498.Y [11]
                                                  \Tj_Trigger.Counter [11] -> $techmap$techmap$flatten\Tj_Trigger.$add$/home/shreya/HT_detection_GNN/trusthub/AES_unzipped/AES-T1700/AES-T1700/src/TjIn/Trojan_Trigger.v:35$24.$auto$alumacc.cc:548:replace_alu$15498.lcu.$and$/home/shreya/oss-cad-suite/lib/../share/yosys/techmap.v:241$16087_Y
Breaking loop using new signal $abcloop$19034$87: \Tj_Trigger.Counter [47] -> $auto$rtlil.cc:3488:NotGate$18939
                                                  \Tj_Trigger.Counter [47] -> $techmap$flatten\Tj_Trigger.$add$/home/shreya/HT_detection_GNN/trusthub/AES_unzipped/AES-T1700/AES-T1700/src/TjIn/Trojan_Trigger.v:35$24.$auto$alumacc.cc:548:replace_alu$15498.Y [47]
                                                  \Tj_Trigger.Counter [47] -> $techmap$techmap$flatten\Tj_Trigger.$add$/home/shreya/HT_detection_GNN/trusthub/AES_unzipped/AES-T1700/AES-T1700/src/TjIn/Trojan_Trigger.v:35$24.$auto$alumacc.cc:548:replace_alu$15498.lcu.$and$/home/shreya/oss-cad-suite/lib/../share/yosys/techmap.v:241$16141_Y
Breaking loop using new signal $abcloop$19034$88: \Tj_Trigger.Counter [43] -> $auto$rtlil.cc:3488:NotGate$18947
                                                  \Tj_Trigger.Counter [43] -> $techmap$flatten\Tj_Trigger.$add$/home/shreya/HT_detection_GNN/trusthub/AES_unzipped/AES-T1700/AES-T1700/src/TjIn/Trojan_Trigger.v:35$24.$auto$alumacc.cc:548:replace_alu$15498.Y [43]
                                                  \Tj_Trigger.Counter [43] -> $techmap$techmap$flatten\Tj_Trigger.$add$/home/shreya/HT_detection_GNN/trusthub/AES_unzipped/AES-T1700/AES-T1700/src/TjIn/Trojan_Trigger.v:35$24.$auto$alumacc.cc:548:replace_alu$15498.lcu.$and$/home/shreya/oss-cad-suite/lib/../share/yosys/techmap.v:241$16135_Y
Breaking loop using new signal $abcloop$19034$89: \Tj_Trigger.Counter [117] -> $auto$rtlil.cc:3488:NotGate$18799
                                                  \Tj_Trigger.Counter [117] -> $techmap$flatten\Tj_Trigger.$add$/home/shreya/HT_detection_GNN/trusthub/AES_unzipped/AES-T1700/AES-T1700/src/TjIn/Trojan_Trigger.v:35$24.$auto$alumacc.cc:548:replace_alu$15498.Y [117]
                                                  \Tj_Trigger.Counter [117] -> $techmap$techmap$flatten\Tj_Trigger.$add$/home/shreya/HT_detection_GNN/trusthub/AES_unzipped/AES-T1700/AES-T1700/src/TjIn/Trojan_Trigger.v:35$24.$auto$alumacc.cc:548:replace_alu$15498.lcu.$and$/home/shreya/oss-cad-suite/lib/../share/yosys/techmap.v:241$16246_Y
Breaking loop using new signal $abcloop$19034$90: \Tj_Trigger.Counter [101] -> $techmap$flatten\Tj_Trigger.$add$/home/shreya/HT_detection_GNN/trusthub/AES_unzipped/AES-T1700/AES-T1700/src/TjIn/Trojan_Trigger.v:35$24.$auto$alumacc.cc:548:replace_alu$15498.Y [101]
                                                  \Tj_Trigger.Counter [101] -> $auto$rtlil.cc:3488:NotGate$18831
                                                  \Tj_Trigger.Counter [101] -> $techmap$techmap$flatten\Tj_Trigger.$add$/home/shreya/HT_detection_GNN/trusthub/AES_unzipped/AES-T1700/AES-T1700/src/TjIn/Trojan_Trigger.v:35$24.$auto$alumacc.cc:548:replace_alu$15498.lcu.$and$/home/shreya/oss-cad-suite/lib/../share/yosys/techmap.v:241$16222_Y
Breaking loop using new signal $abcloop$19034$91: \Tj_Trigger.Counter [59] -> $auto$rtlil.cc:3488:NotGate$18915
                                                  \Tj_Trigger.Counter [59] -> $techmap$flatten\Tj_Trigger.$add$/home/shreya/HT_detection_GNN/trusthub/AES_unzipped/AES-T1700/AES-T1700/src/TjIn/Trojan_Trigger.v:35$24.$auto$alumacc.cc:548:replace_alu$15498.Y [59]
                                                  \Tj_Trigger.Counter [59] -> $techmap$techmap$flatten\Tj_Trigger.$add$/home/shreya/HT_detection_GNN/trusthub/AES_unzipped/AES-T1700/AES-T1700/src/TjIn/Trojan_Trigger.v:35$24.$auto$alumacc.cc:548:replace_alu$15498.lcu.$and$/home/shreya/oss-cad-suite/lib/../share/yosys/techmap.v:241$16159_Y
Breaking loop using new signal $abcloop$19034$92: \Tj_Trigger.Counter [97] -> $techmap$flatten\Tj_Trigger.$add$/home/shreya/HT_detection_GNN/trusthub/AES_unzipped/AES-T1700/AES-T1700/src/TjIn/Trojan_Trigger.v:35$24.$auto$alumacc.cc:548:replace_alu$15498.Y [97]
                                                  \Tj_Trigger.Counter [97] -> $auto$rtlil.cc:3488:NotGate$18839
                                                  \Tj_Trigger.Counter [97] -> $techmap$techmap$flatten\Tj_Trigger.$add$/home/shreya/HT_detection_GNN/trusthub/AES_unzipped/AES-T1700/AES-T1700/src/TjIn/Trojan_Trigger.v:35$24.$auto$alumacc.cc:548:replace_alu$15498.lcu.$and$/home/shreya/oss-cad-suite/lib/../share/yosys/techmap.v:241$16216_Y
Breaking loop using new signal $abcloop$19034$93: \Tj_Trigger.Counter [93] -> $techmap$flatten\Tj_Trigger.$add$/home/shreya/HT_detection_GNN/trusthub/AES_unzipped/AES-T1700/AES-T1700/src/TjIn/Trojan_Trigger.v:35$24.$auto$alumacc.cc:548:replace_alu$15498.Y [93]
                                                  \Tj_Trigger.Counter [93] -> $auto$rtlil.cc:3488:NotGate$18847
                                                  \Tj_Trigger.Counter [93] -> $techmap$techmap$flatten\Tj_Trigger.$add$/home/shreya/HT_detection_GNN/trusthub/AES_unzipped/AES-T1700/AES-T1700/src/TjIn/Trojan_Trigger.v:35$24.$auto$alumacc.cc:548:replace_alu$15498.lcu.$and$/home/shreya/oss-cad-suite/lib/../share/yosys/techmap.v:241$16210_Y
Breaking loop using new signal $abcloop$19034$94: \Tj_Trigger.Counter [89] -> $auto$rtlil.cc:3488:NotGate$18855
                                                  \Tj_Trigger.Counter [89] -> $techmap$flatten\Tj_Trigger.$add$/home/shreya/HT_detection_GNN/trusthub/AES_unzipped/AES-T1700/AES-T1700/src/TjIn/Trojan_Trigger.v:35$24.$auto$alumacc.cc:548:replace_alu$15498.Y [89]
                                                  \Tj_Trigger.Counter [89] -> $techmap$techmap$flatten\Tj_Trigger.$add$/home/shreya/HT_detection_GNN/trusthub/AES_unzipped/AES-T1700/AES-T1700/src/TjIn/Trojan_Trigger.v:35$24.$auto$alumacc.cc:548:replace_alu$15498.lcu.$and$/home/shreya/oss-cad-suite/lib/../share/yosys/techmap.v:241$16204_Y
Breaking loop using new signal $abcloop$19034$95: \Tj_Trigger.Counter [113] -> $techmap$flatten\Tj_Trigger.$add$/home/shreya/HT_detection_GNN/trusthub/AES_unzipped/AES-T1700/AES-T1700/src/TjIn/Trojan_Trigger.v:35$24.$auto$alumacc.cc:548:replace_alu$15498.Y [113]
                                                  \Tj_Trigger.Counter [113] -> $auto$rtlil.cc:3488:NotGate$18807
                                                  \Tj_Trigger.Counter [113] -> $techmap$techmap$flatten\Tj_Trigger.$add$/home/shreya/HT_detection_GNN/trusthub/AES_unzipped/AES-T1700/AES-T1700/src/TjIn/Trojan_Trigger.v:35$24.$auto$alumacc.cc:548:replace_alu$15498.lcu.$and$/home/shreya/oss-cad-suite/lib/../share/yosys/techmap.v:241$16240_Y
Breaking loop using new signal $abcloop$19034$96: \Tj_Trigger.Counter [105] -> $techmap$flatten\Tj_Trigger.$add$/home/shreya/HT_detection_GNN/trusthub/AES_unzipped/AES-T1700/AES-T1700/src/TjIn/Trojan_Trigger.v:35$24.$auto$alumacc.cc:548:replace_alu$15498.Y [105]
                                                  \Tj_Trigger.Counter [105] -> $auto$rtlil.cc:3488:NotGate$18823
                                                  \Tj_Trigger.Counter [105] -> $techmap$techmap$flatten\Tj_Trigger.$add$/home/shreya/HT_detection_GNN/trusthub/AES_unzipped/AES-T1700/AES-T1700/src/TjIn/Trojan_Trigger.v:35$24.$auto$alumacc.cc:548:replace_alu$15498.lcu.$and$/home/shreya/oss-cad-suite/lib/../share/yosys/techmap.v:241$16228_Y
Breaking loop using new signal $abcloop$19034$97: \Tj_Trigger.Counter [81] -> $auto$rtlil.cc:3488:NotGate$18871
                                                  \Tj_Trigger.Counter [81] -> $techmap$flatten\Tj_Trigger.$add$/home/shreya/HT_detection_GNN/trusthub/AES_unzipped/AES-T1700/AES-T1700/src/TjIn/Trojan_Trigger.v:35$24.$auto$alumacc.cc:548:replace_alu$15498.Y [81]
                                                  \Tj_Trigger.Counter [81] -> $techmap$techmap$flatten\Tj_Trigger.$add$/home/shreya/HT_detection_GNN/trusthub/AES_unzipped/AES-T1700/AES-T1700/src/TjIn/Trojan_Trigger.v:35$24.$auto$alumacc.cc:548:replace_alu$15498.lcu.$and$/home/shreya/oss-cad-suite/lib/../share/yosys/techmap.v:241$16192_Y
Breaking loop using new signal $abcloop$19034$98: \Tj_Trigger.Counter [91] -> $auto$rtlil.cc:3488:NotGate$18851
                                                  \Tj_Trigger.Counter [91] -> $techmap$techmap$flatten\Tj_Trigger.$add$/home/shreya/HT_detection_GNN/trusthub/AES_unzipped/AES-T1700/AES-T1700/src/TjIn/Trojan_Trigger.v:35$24.$auto$alumacc.cc:548:replace_alu$15498.lcu.$and$/home/shreya/oss-cad-suite/lib/../share/yosys/techmap.v:241$16207_Y
                                                  \Tj_Trigger.Counter [91] -> $techmap$flatten\Tj_Trigger.$add$/home/shreya/HT_detection_GNN/trusthub/AES_unzipped/AES-T1700/AES-T1700/src/TjIn/Trojan_Trigger.v:35$24.$auto$alumacc.cc:548:replace_alu$15498.Y [91]
Breaking loop using new signal $abcloop$19034$99: \Tj_Trigger.Counter [73] -> $auto$rtlil.cc:3488:NotGate$18887
                                                  \Tj_Trigger.Counter [73] -> $techmap$flatten\Tj_Trigger.$add$/home/shreya/HT_detection_GNN/trusthub/AES_unzipped/AES-T1700/AES-T1700/src/TjIn/Trojan_Trigger.v:35$24.$auto$alumacc.cc:548:replace_alu$15498.Y [73]
                                                  \Tj_Trigger.Counter [73] -> $techmap$techmap$flatten\Tj_Trigger.$add$/home/shreya/HT_detection_GNN/trusthub/AES_unzipped/AES-T1700/AES-T1700/src/TjIn/Trojan_Trigger.v:35$24.$auto$alumacc.cc:548:replace_alu$15498.lcu.$and$/home/shreya/oss-cad-suite/lib/../share/yosys/techmap.v:241$16180_Y
Breaking loop using new signal $abcloop$19034$100: \Tj_Trigger.Counter [69] -> $auto$rtlil.cc:3488:NotGate$18895
                                                   \Tj_Trigger.Counter [69] -> $techmap$flatten\Tj_Trigger.$add$/home/shreya/HT_detection_GNN/trusthub/AES_unzipped/AES-T1700/AES-T1700/src/TjIn/Trojan_Trigger.v:35$24.$auto$alumacc.cc:548:replace_alu$15498.Y [69]
                                                   \Tj_Trigger.Counter [69] -> $techmap$techmap$flatten\Tj_Trigger.$add$/home/shreya/HT_detection_GNN/trusthub/AES_unzipped/AES-T1700/AES-T1700/src/TjIn/Trojan_Trigger.v:35$24.$auto$alumacc.cc:548:replace_alu$15498.lcu.$and$/home/shreya/oss-cad-suite/lib/../share/yosys/techmap.v:241$16174_Y
Breaking loop using new signal $abcloop$19034$101: \Tj_Trigger.Counter [65] -> $auto$rtlil.cc:3488:NotGate$18903
                                                   \Tj_Trigger.Counter [65] -> $techmap$flatten\Tj_Trigger.$add$/home/shreya/HT_detection_GNN/trusthub/AES_unzipped/AES-T1700/AES-T1700/src/TjIn/Trojan_Trigger.v:35$24.$auto$alumacc.cc:548:replace_alu$15498.Y [65]
                                                   \Tj_Trigger.Counter [65] -> $techmap$techmap$flatten\Tj_Trigger.$add$/home/shreya/HT_detection_GNN/trusthub/AES_unzipped/AES-T1700/AES-T1700/src/TjIn/Trojan_Trigger.v:35$24.$auto$alumacc.cc:548:replace_alu$15498.lcu.$and$/home/shreya/oss-cad-suite/lib/../share/yosys/techmap.v:241$16168_Y
Breaking loop using new signal $abcloop$19034$102: \Tj_Trigger.Counter [61] -> $auto$rtlil.cc:3488:NotGate$18911
                                                   \Tj_Trigger.Counter [61] -> $techmap$flatten\Tj_Trigger.$add$/home/shreya/HT_detection_GNN/trusthub/AES_unzipped/AES-T1700/AES-T1700/src/TjIn/Trojan_Trigger.v:35$24.$auto$alumacc.cc:548:replace_alu$15498.Y [61]
                                                   \Tj_Trigger.Counter [61] -> $techmap$techmap$flatten\Tj_Trigger.$add$/home/shreya/HT_detection_GNN/trusthub/AES_unzipped/AES-T1700/AES-T1700/src/TjIn/Trojan_Trigger.v:35$24.$auto$alumacc.cc:548:replace_alu$15498.lcu.$and$/home/shreya/oss-cad-suite/lib/../share/yosys/techmap.v:241$16162_Y
Breaking loop using new signal $abcloop$19034$103: \Tj_Trigger.Counter [57] -> $techmap$flatten\Tj_Trigger.$add$/home/shreya/HT_detection_GNN/trusthub/AES_unzipped/AES-T1700/AES-T1700/src/TjIn/Trojan_Trigger.v:35$24.$auto$alumacc.cc:548:replace_alu$15498.Y [57]
                                                   \Tj_Trigger.Counter [57] -> $auto$rtlil.cc:3488:NotGate$18919
                                                   \Tj_Trigger.Counter [57] -> $techmap$techmap$flatten\Tj_Trigger.$add$/home/shreya/HT_detection_GNN/trusthub/AES_unzipped/AES-T1700/AES-T1700/src/TjIn/Trojan_Trigger.v:35$24.$auto$alumacc.cc:548:replace_alu$15498.lcu.$and$/home/shreya/oss-cad-suite/lib/../share/yosys/techmap.v:241$16156_Y
Breaking loop using new signal $abcloop$19034$104: \Tj_Trigger.Counter [53] -> $techmap$flatten\Tj_Trigger.$add$/home/shreya/HT_detection_GNN/trusthub/AES_unzipped/AES-T1700/AES-T1700/src/TjIn/Trojan_Trigger.v:35$24.$auto$alumacc.cc:548:replace_alu$15498.Y [53]
                                                   \Tj_Trigger.Counter [53] -> $auto$rtlil.cc:3488:NotGate$18927
                                                   \Tj_Trigger.Counter [53] -> $techmap$techmap$flatten\Tj_Trigger.$add$/home/shreya/HT_detection_GNN/trusthub/AES_unzipped/AES-T1700/AES-T1700/src/TjIn/Trojan_Trigger.v:35$24.$auto$alumacc.cc:548:replace_alu$15498.lcu.$and$/home/shreya/oss-cad-suite/lib/../share/yosys/techmap.v:241$16150_Y
Breaking loop using new signal $abcloop$19034$105: \Tj_Trigger.Counter [49] -> $auto$rtlil.cc:3488:NotGate$18935
                                                   \Tj_Trigger.Counter [49] -> $techmap$flatten\Tj_Trigger.$add$/home/shreya/HT_detection_GNN/trusthub/AES_unzipped/AES-T1700/AES-T1700/src/TjIn/Trojan_Trigger.v:35$24.$auto$alumacc.cc:548:replace_alu$15498.Y [49]
                                                   \Tj_Trigger.Counter [49] -> $techmap$techmap$flatten\Tj_Trigger.$add$/home/shreya/HT_detection_GNN/trusthub/AES_unzipped/AES-T1700/AES-T1700/src/TjIn/Trojan_Trigger.v:35$24.$auto$alumacc.cc:548:replace_alu$15498.lcu.$and$/home/shreya/oss-cad-suite/lib/../share/yosys/techmap.v:241$16144_Y
Breaking loop using new signal $abcloop$19034$106: \Tj_Trigger.Counter [45] -> $techmap$flatten\Tj_Trigger.$add$/home/shreya/HT_detection_GNN/trusthub/AES_unzipped/AES-T1700/AES-T1700/src/TjIn/Trojan_Trigger.v:35$24.$auto$alumacc.cc:548:replace_alu$15498.Y [45]
                                                   \Tj_Trigger.Counter [45] -> $auto$rtlil.cc:3488:NotGate$18943
                                                   \Tj_Trigger.Counter [45] -> $techmap$techmap$flatten\Tj_Trigger.$add$/home/shreya/HT_detection_GNN/trusthub/AES_unzipped/AES-T1700/AES-T1700/src/TjIn/Trojan_Trigger.v:35$24.$auto$alumacc.cc:548:replace_alu$15498.lcu.$and$/home/shreya/oss-cad-suite/lib/../share/yosys/techmap.v:241$16138_Y
Breaking loop using new signal $abcloop$19034$107: \Tj_Trigger.Counter [77] -> $auto$rtlil.cc:3488:NotGate$18879
                                                   \Tj_Trigger.Counter [77] -> $techmap$flatten\Tj_Trigger.$add$/home/shreya/HT_detection_GNN/trusthub/AES_unzipped/AES-T1700/AES-T1700/src/TjIn/Trojan_Trigger.v:35$24.$auto$alumacc.cc:548:replace_alu$15498.Y [77]
                                                   \Tj_Trigger.Counter [77] -> $techmap$techmap$flatten\Tj_Trigger.$add$/home/shreya/HT_detection_GNN/trusthub/AES_unzipped/AES-T1700/AES-T1700/src/TjIn/Trojan_Trigger.v:35$24.$auto$alumacc.cc:548:replace_alu$15498.lcu.$and$/home/shreya/oss-cad-suite/lib/../share/yosys/techmap.v:241$16186_Y
Breaking loop using new signal $abcloop$19034$108: \Tj_Trigger.Counter [41] -> $techmap$flatten\Tj_Trigger.$add$/home/shreya/HT_detection_GNN/trusthub/AES_unzipped/AES-T1700/AES-T1700/src/TjIn/Trojan_Trigger.v:35$24.$auto$alumacc.cc:548:replace_alu$15498.Y [41]
                                                   \Tj_Trigger.Counter [41] -> $auto$rtlil.cc:3488:NotGate$18951
                                                   \Tj_Trigger.Counter [41] -> $techmap$techmap$flatten\Tj_Trigger.$add$/home/shreya/HT_detection_GNN/trusthub/AES_unzipped/AES-T1700/AES-T1700/src/TjIn/Trojan_Trigger.v:35$24.$auto$alumacc.cc:548:replace_alu$15498.lcu.$and$/home/shreya/oss-cad-suite/lib/../share/yosys/techmap.v:241$16132_Y
Breaking loop using new signal $abcloop$19034$109: \Tj_Trigger.Counter [37] -> $auto$rtlil.cc:3488:NotGate$18959
                                                   \Tj_Trigger.Counter [37] -> $techmap$flatten\Tj_Trigger.$add$/home/shreya/HT_detection_GNN/trusthub/AES_unzipped/AES-T1700/AES-T1700/src/TjIn/Trojan_Trigger.v:35$24.$auto$alumacc.cc:548:replace_alu$15498.Y [37]
                                                   \Tj_Trigger.Counter [37] -> $techmap$techmap$flatten\Tj_Trigger.$add$/home/shreya/HT_detection_GNN/trusthub/AES_unzipped/AES-T1700/AES-T1700/src/TjIn/Trojan_Trigger.v:35$24.$auto$alumacc.cc:548:replace_alu$15498.lcu.$and$/home/shreya/oss-cad-suite/lib/../share/yosys/techmap.v:241$16126_Y
Breaking loop using new signal $abcloop$19034$110: \Tj_Trigger.Counter [7] -> $auto$rtlil.cc:3488:NotGate$19019
                                                   \Tj_Trigger.Counter [7] -> $techmap$techmap$flatten\Tj_Trigger.$add$/home/shreya/HT_detection_GNN/trusthub/AES_unzipped/AES-T1700/AES-T1700/src/TjIn/Trojan_Trigger.v:35$24.$auto$alumacc.cc:548:replace_alu$15498.lcu.$and$/home/shreya/oss-cad-suite/lib/../share/yosys/techmap.v:241$16081_Y
                                                   \Tj_Trigger.Counter [7] -> $techmap$flatten\Tj_Trigger.$add$/home/shreya/HT_detection_GNN/trusthub/AES_unzipped/AES-T1700/AES-T1700/src/TjIn/Trojan_Trigger.v:35$24.$auto$alumacc.cc:548:replace_alu$15498.Y [7]
Breaking loop using new signal $abcloop$19034$111: \Tj_Trigger.Counter [33] -> $auto$rtlil.cc:3488:NotGate$18967
                                                   \Tj_Trigger.Counter [33] -> $techmap$flatten\Tj_Trigger.$add$/home/shreya/HT_detection_GNN/trusthub/AES_unzipped/AES-T1700/AES-T1700/src/TjIn/Trojan_Trigger.v:35$24.$auto$alumacc.cc:548:replace_alu$15498.Y [33]
                                                   \Tj_Trigger.Counter [33] -> $techmap$techmap$flatten\Tj_Trigger.$add$/home/shreya/HT_detection_GNN/trusthub/AES_unzipped/AES-T1700/AES-T1700/src/TjIn/Trojan_Trigger.v:35$24.$auto$alumacc.cc:548:replace_alu$15498.lcu.$and$/home/shreya/oss-cad-suite/lib/../share/yosys/techmap.v:241$16120_Y
Breaking loop using new signal $abcloop$19034$112: \Tj_Trigger.Counter [29] -> $techmap$flatten\Tj_Trigger.$add$/home/shreya/HT_detection_GNN/trusthub/AES_unzipped/AES-T1700/AES-T1700/src/TjIn/Trojan_Trigger.v:35$24.$auto$alumacc.cc:548:replace_alu$15498.Y [29]
                                                   \Tj_Trigger.Counter [29] -> $auto$rtlil.cc:3488:NotGate$18975
                                                   \Tj_Trigger.Counter [29] -> $techmap$techmap$flatten\Tj_Trigger.$add$/home/shreya/HT_detection_GNN/trusthub/AES_unzipped/AES-T1700/AES-T1700/src/TjIn/Trojan_Trigger.v:35$24.$auto$alumacc.cc:548:replace_alu$15498.lcu.$and$/home/shreya/oss-cad-suite/lib/../share/yosys/techmap.v:241$16114_Y
Breaking loop using new signal $abcloop$19034$113: \Tj_Trigger.Counter [71] -> $auto$rtlil.cc:3488:NotGate$18891
                                                   \Tj_Trigger.Counter [71] -> $techmap$techmap$flatten\Tj_Trigger.$add$/home/shreya/HT_detection_GNN/trusthub/AES_unzipped/AES-T1700/AES-T1700/src/TjIn/Trojan_Trigger.v:35$24.$auto$alumacc.cc:548:replace_alu$15498.lcu.$and$/home/shreya/oss-cad-suite/lib/../share/yosys/techmap.v:241$16177_Y
                                                   \Tj_Trigger.Counter [71] -> $techmap$flatten\Tj_Trigger.$add$/home/shreya/HT_detection_GNN/trusthub/AES_unzipped/AES-T1700/AES-T1700/src/TjIn/Trojan_Trigger.v:35$24.$auto$alumacc.cc:548:replace_alu$15498.Y [71]
Breaking loop using new signal $abcloop$19034$114: \Tj_Trigger.Counter [115] -> $techmap$techmap$flatten\Tj_Trigger.$add$/home/shreya/HT_detection_GNN/trusthub/AES_unzipped/AES-T1700/AES-T1700/src/TjIn/Trojan_Trigger.v:35$24.$auto$alumacc.cc:548:replace_alu$15498.lcu.$and$/home/shreya/oss-cad-suite/lib/../share/yosys/techmap.v:241$16243_Y
                                                   \Tj_Trigger.Counter [115] -> $auto$rtlil.cc:3488:NotGate$18803
                                                   \Tj_Trigger.Counter [115] -> $techmap$flatten\Tj_Trigger.$add$/home/shreya/HT_detection_GNN/trusthub/AES_unzipped/AES-T1700/AES-T1700/src/TjIn/Trojan_Trigger.v:35$24.$auto$alumacc.cc:548:replace_alu$15498.Y [115]
Breaking loop using new signal $abcloop$19034$115: \Tj_Trigger.Counter [25] -> $techmap$flatten\Tj_Trigger.$add$/home/shreya/HT_detection_GNN/trusthub/AES_unzipped/AES-T1700/AES-T1700/src/TjIn/Trojan_Trigger.v:35$24.$auto$alumacc.cc:548:replace_alu$15498.Y [25]
                                                   \Tj_Trigger.Counter [25] -> $auto$rtlil.cc:3488:NotGate$18983
                                                   \Tj_Trigger.Counter [25] -> $techmap$techmap$flatten\Tj_Trigger.$add$/home/shreya/HT_detection_GNN/trusthub/AES_unzipped/AES-T1700/AES-T1700/src/TjIn/Trojan_Trigger.v:35$24.$auto$alumacc.cc:548:replace_alu$15498.lcu.$and$/home/shreya/oss-cad-suite/lib/../share/yosys/techmap.v:241$16108_Y
Breaking loop using new signal $abcloop$19034$116: \Tj_Trigger.Counter [21] -> $techmap$flatten\Tj_Trigger.$add$/home/shreya/HT_detection_GNN/trusthub/AES_unzipped/AES-T1700/AES-T1700/src/TjIn/Trojan_Trigger.v:35$24.$auto$alumacc.cc:548:replace_alu$15498.Y [21]
                                                   \Tj_Trigger.Counter [21] -> $auto$rtlil.cc:3488:NotGate$18991
                                                   \Tj_Trigger.Counter [21] -> $techmap$techmap$flatten\Tj_Trigger.$add$/home/shreya/HT_detection_GNN/trusthub/AES_unzipped/AES-T1700/AES-T1700/src/TjIn/Trojan_Trigger.v:35$24.$auto$alumacc.cc:548:replace_alu$15498.lcu.$and$/home/shreya/oss-cad-suite/lib/../share/yosys/techmap.v:241$16102_Y
Breaking loop using new signal $abcloop$19034$117: \Tj_Trigger.Counter [85] -> $auto$rtlil.cc:3488:NotGate$18863
                                                   \Tj_Trigger.Counter [85] -> $techmap$flatten\Tj_Trigger.$add$/home/shreya/HT_detection_GNN/trusthub/AES_unzipped/AES-T1700/AES-T1700/src/TjIn/Trojan_Trigger.v:35$24.$auto$alumacc.cc:548:replace_alu$15498.Y [85]
                                                   \Tj_Trigger.Counter [85] -> $techmap$techmap$flatten\Tj_Trigger.$add$/home/shreya/HT_detection_GNN/trusthub/AES_unzipped/AES-T1700/AES-T1700/src/TjIn/Trojan_Trigger.v:35$24.$auto$alumacc.cc:548:replace_alu$15498.lcu.$and$/home/shreya/oss-cad-suite/lib/../share/yosys/techmap.v:241$16198_Y
Breaking loop using new signal $abcloop$19034$118: \Tj_Trigger.Counter [87] -> $auto$rtlil.cc:3488:NotGate$18859
                                                   \Tj_Trigger.Counter [87] -> $techmap$flatten\Tj_Trigger.$add$/home/shreya/HT_detection_GNN/trusthub/AES_unzipped/AES-T1700/AES-T1700/src/TjIn/Trojan_Trigger.v:35$24.$auto$alumacc.cc:548:replace_alu$15498.Y [87]
                                                   \Tj_Trigger.Counter [87] -> $techmap$techmap$flatten\Tj_Trigger.$add$/home/shreya/HT_detection_GNN/trusthub/AES_unzipped/AES-T1700/AES-T1700/src/TjIn/Trojan_Trigger.v:35$24.$auto$alumacc.cc:548:replace_alu$15498.lcu.$and$/home/shreya/oss-cad-suite/lib/../share/yosys/techmap.v:241$16201_Y
Breaking loop using new signal $abcloop$19034$119: \Tj_Trigger.Counter [17] -> $techmap$flatten\Tj_Trigger.$add$/home/shreya/HT_detection_GNN/trusthub/AES_unzipped/AES-T1700/AES-T1700/src/TjIn/Trojan_Trigger.v:35$24.$auto$alumacc.cc:548:replace_alu$15498.Y [17]
                                                   \Tj_Trigger.Counter [17] -> $auto$rtlil.cc:3488:NotGate$18999
                                                   \Tj_Trigger.Counter [17] -> $techmap$techmap$flatten\Tj_Trigger.$add$/home/shreya/HT_detection_GNN/trusthub/AES_unzipped/AES-T1700/AES-T1700/src/TjIn/Trojan_Trigger.v:35$24.$auto$alumacc.cc:548:replace_alu$15498.lcu.$and$/home/shreya/oss-cad-suite/lib/../share/yosys/techmap.v:241$16096_Y
Breaking loop using new signal $abcloop$19034$120: \Tj_Trigger.Counter [0] -> $techmap$flatten\Tj_Trigger.$add$/home/shreya/HT_detection_GNN/trusthub/AES_unzipped/AES-T1700/AES-T1700/src/TjIn/Trojan_Trigger.v:35$24.$auto$alumacc.cc:548:replace_alu$15498.Y [1]
                                                   \Tj_Trigger.Counter [0] -> $techmap$flatten\Tj_Trigger.$add$/home/shreya/HT_detection_GNN/trusthub/AES_unzipped/AES-T1700/AES-T1700/src/TjIn/Trojan_Trigger.v:35$24.$auto$alumacc.cc:548:replace_alu$15498.CO [1]
                                                   \Tj_Trigger.Counter [0] -> $techmap$flatten\Tj_Trigger.$add$/home/shreya/HT_detection_GNN/trusthub/AES_unzipped/AES-T1700/AES-T1700/src/TjIn/Trojan_Trigger.v:35$24.$auto$alumacc.cc:548:replace_alu$15498.P [0]
Breaking loop using new signal $abcloop$19034$121: \Tj_Trigger.Counter [13] -> $auto$rtlil.cc:3488:NotGate$19007
                                                   \Tj_Trigger.Counter [13] -> $techmap$flatten\Tj_Trigger.$add$/home/shreya/HT_detection_GNN/trusthub/AES_unzipped/AES-T1700/AES-T1700/src/TjIn/Trojan_Trigger.v:35$24.$auto$alumacc.cc:548:replace_alu$15498.Y [13]
                                                   \Tj_Trigger.Counter [13] -> $techmap$techmap$flatten\Tj_Trigger.$add$/home/shreya/HT_detection_GNN/trusthub/AES_unzipped/AES-T1700/AES-T1700/src/TjIn/Trojan_Trigger.v:35$24.$auto$alumacc.cc:548:replace_alu$15498.lcu.$and$/home/shreya/oss-cad-suite/lib/../share/yosys/techmap.v:241$16090_Y
Breaking loop using new signal $abcloop$19034$122: \Tj_Trigger.Counter [9] -> $auto$rtlil.cc:3488:NotGate$19015
                                                   \Tj_Trigger.Counter [9] -> $techmap$flatten\Tj_Trigger.$add$/home/shreya/HT_detection_GNN/trusthub/AES_unzipped/AES-T1700/AES-T1700/src/TjIn/Trojan_Trigger.v:35$24.$auto$alumacc.cc:548:replace_alu$15498.Y [9]
                                                   \Tj_Trigger.Counter [9] -> $techmap$techmap$flatten\Tj_Trigger.$add$/home/shreya/HT_detection_GNN/trusthub/AES_unzipped/AES-T1700/AES-T1700/src/TjIn/Trojan_Trigger.v:35$24.$auto$alumacc.cc:548:replace_alu$15498.lcu.$and$/home/shreya/oss-cad-suite/lib/../share/yosys/techmap.v:241$16084_Y
Breaking loop using new signal $abcloop$19034$123: \Tj_Trigger.Counter [111] -> $auto$rtlil.cc:3488:NotGate$18811
                                                   \Tj_Trigger.Counter [111] -> $techmap$flatten\Tj_Trigger.$add$/home/shreya/HT_detection_GNN/trusthub/AES_unzipped/AES-T1700/AES-T1700/src/TjIn/Trojan_Trigger.v:35$24.$auto$alumacc.cc:548:replace_alu$15498.Y [111]
                                                   \Tj_Trigger.Counter [111] -> $techmap$techmap$flatten\Tj_Trigger.$add$/home/shreya/HT_detection_GNN/trusthub/AES_unzipped/AES-T1700/AES-T1700/src/TjIn/Trojan_Trigger.v:35$24.$auto$alumacc.cc:548:replace_alu$15498.lcu.$and$/home/shreya/oss-cad-suite/lib/../share/yosys/techmap.v:241$16237_Y
Breaking loop using new signal $abcloop$19034$124: \Tj_Trigger.Counter [5] -> $auto$rtlil.cc:3488:NotGate$19023
                                                   \Tj_Trigger.Counter [5] -> $techmap$flatten\Tj_Trigger.$add$/home/shreya/HT_detection_GNN/trusthub/AES_unzipped/AES-T1700/AES-T1700/src/TjIn/Trojan_Trigger.v:35$24.$auto$alumacc.cc:548:replace_alu$15498.Y [5]
                                                   \Tj_Trigger.Counter [5] -> $techmap$techmap$flatten\Tj_Trigger.$add$/home/shreya/HT_detection_GNN/trusthub/AES_unzipped/AES-T1700/AES-T1700/src/TjIn/Trojan_Trigger.v:35$24.$auto$alumacc.cc:548:replace_alu$15498.lcu.$and$/home/shreya/oss-cad-suite/lib/../share/yosys/techmap.v:241$16078_Y
Breaking loop using new signal $abcloop$19034$125: \Tj_Trigger.Counter [109] -> $auto$rtlil.cc:3488:NotGate$18815
                                                   \Tj_Trigger.Counter [109] -> $techmap$techmap$flatten\Tj_Trigger.$add$/home/shreya/HT_detection_GNN/trusthub/AES_unzipped/AES-T1700/AES-T1700/src/TjIn/Trojan_Trigger.v:35$24.$auto$alumacc.cc:548:replace_alu$15498.lcu.$and$/home/shreya/oss-cad-suite/lib/../share/yosys/techmap.v:241$16234_Y
                                                   \Tj_Trigger.Counter [109] -> $techmap$flatten\Tj_Trigger.$add$/home/shreya/HT_detection_GNN/trusthub/AES_unzipped/AES-T1700/AES-T1700/src/TjIn/Trojan_Trigger.v:35$24.$auto$alumacc.cc:548:replace_alu$15498.Y [109]
Breaking loop using new signal $abcloop$19034$126: \Tj_Trigger.Counter [126] -> $auto$rtlil.cc:3488:NotGate$18781
                                                   \Tj_Trigger.Counter [126] -> $techmap$flatten\Tj_Trigger.$add$/home/shreya/HT_detection_GNN/trusthub/AES_unzipped/AES-T1700/AES-T1700/src/TjIn/Trojan_Trigger.v:35$24.$auto$alumacc.cc:548:replace_alu$15498.Y [126]
                                                   \Tj_Trigger.Counter [126] -> $techmap$flatten\Tj_Trigger.$add$/home/shreya/HT_detection_GNN/trusthub/AES_unzipped/AES-T1700/AES-T1700/src/TjIn/Trojan_Trigger.v:35$24.$auto$alumacc.cc:548:replace_alu$15498.CO [126]
Breaking loop using new signal $abcloop$19034$127: \Tj_Trigger.Counter [127] -> $auto$rtlil.cc:3488:NotGate$18779
                                                   \Tj_Trigger.Counter [127] -> $techmap$flatten\Tj_Trigger.$add$/home/shreya/HT_detection_GNN/trusthub/AES_unzipped/AES-T1700/AES-T1700/src/TjIn/Trojan_Trigger.v:35$24.$auto$alumacc.cc:548:replace_alu$15498.Y [127]

14.1.1. Executed ABC.
Extracted 9106 gates and 14831 wires to a netlist network with 5724 inputs and 3693 outputs.
Running ABC script: <abc-temp-dir>/abc.script
ABC: UC Berkeley, ABC 1.01 (compiled Sep  8 2026 05:10:04)
ABC: abc 01> empty
ABC: abc 01> source <abc-temp-dir>/abc.script
ABC: + read_blif <abc-temp-dir>/input.blif 
ABC: + read_library <abc-temp-dir>/stdcells.genlib 
ABC: + strash 
ABC: + &get -n 
ABC: + &fraig -x 
ABC: + &put 
ABC: + scorr 
ABC: Warning: The network is combinational (run "fraig" or "fraig_sweep").
ABC: + dc2 
ABC: + dretime 
ABC: + strash 
ABC: + &get -n 
ABC: + &dch -f 
ABC: + &nf 
ABC: + &put 
ABC: + write_blif <abc-temp-dir>/output.blif 
ABC: 
ABC: YOSYS_ABC_DONE 

14.1.2. Re-integrating ABC results.
ABC RESULTS:               AND cells:      284
ABC RESULTS:            ANDNOT cells:      128
ABC RESULTS:              NAND cells:        2
ABC RESULTS:               NOR cells:        1
ABC RESULTS:               NOT cells:       18
ABC RESULTS:                OR cells:      127
ABC RESULTS:             ORNOT cells:        2
ABC RESULTS:              XNOR cells:     3333
ABC RESULTS:               XOR cells:     4381
ABC RESULTS:        internal signals:     5414
ABC RESULTS:           input signals:     5724
ABC RESULTS:          output signals:     3693
Removing temp directory.
Removing global temp directory.

15. Executing OPT pass (performing simple optimizations).

15.1. Executing OPT_EXPR pass (perform const folding).
Optimizing module top.
Couldn't topologically sort cells, optimizing module top may take a longer time.
Couldn't topologically sort cells, optimizing module top may take a longer time.

15.2. Executing OPT_MERGE pass (detect identical cells).
Finding identical cells in module `\top'.
Computing hashes of 16399 cells of `\top'.
Finding duplicate cells in `\top'.
Removed a total of 0 cells.

15.3. Executing OPT_MUXTREE pass (detect dead branches in mux trees).
Running muxtree optimizer on module \top..
  Creating internal representation of mux trees.
  No muxes found in this module.
Removed 0 multiplexer ports.

15.4. Executing OPT_REDUCE pass (consolidate $*mux and $reduce_* inputs).
  Optimizing cells in module \top.
Performed a total of 0 changes.

15.5. Executing OPT_MERGE pass (detect identical cells).
Finding identical cells in module `\top'.
Computing hashes of 16399 cells of `\top'.
Finding duplicate cells in `\top'.
Removed a total of 0 cells.

15.6. Executing OPT_DFF pass (perform DFF optimizations).

15.7. Executing OPT_CLEAN pass (remove unused cells and wires).
Finding unused cells or wires in module \top..
Removed 0 unused cells and 9820 unused wires.
<suppressed ~16 debug messages>

15.8. Executing OPT_EXPR pass (perform const folding).
Optimizing module top.
Couldn't topologically sort cells, optimizing module top may take a longer time.
Couldn't topologically sort cells, optimizing module top may take a longer time.

15.9. Rerunning OPT passes. (Maybe there is more to do..)

15.10. Executing OPT_MUXTREE pass (detect dead branches in mux trees).
Running muxtree optimizer on module \top..
  Creating internal representation of mux trees.
  No muxes found in this module.
Removed 0 multiplexer ports.

15.11. Executing OPT_REDUCE pass (consolidate $*mux and $reduce_* inputs).
  Optimizing cells in module \top.
Performed a total of 0 changes.

15.12. Executing OPT_MERGE pass (detect identical cells).
Finding identical cells in module `\top'.
Computing hashes of 16399 cells of `\top'.
Finding duplicate cells in `\top'.
Removed a total of 0 cells.

15.13. Executing OPT_DFF pass (perform DFF optimizations).

15.14. Executing OPT_CLEAN pass (remove unused cells and wires).
Finding unused cells or wires in module \top..

15.15. Executing OPT_EXPR pass (perform const folding).
Optimizing module top.
Couldn't topologically sort cells, optimizing module top may take a longer time.
Couldn't topologically sort cells, optimizing module top may take a longer time.

15.16. Finished fast OPT passes. (There is nothing left to do.)

16. Executing Verilog backend.
Dumping module `\top'.

Warnings: 5 unique messages, 5 total
End of script. Logfile hash: 73467c016d, time: 3.33s, user: 2.23s, system: 0.07s, MEM: 66.17 MB peak
Yosys 0.68+201 (git sha1 7c26ff16c-dirty, Release, Clang /usr/bin/clang++ 21.1.8)
Time spent: 40% 1x abc (1 sec), 21% 10x opt_clean (0 sec), ...

