
 /----------------------------------------------------------------------------\
 |  yosys -- Yosys Open SYnthesis Suite                                       |
 |  Copyright (C) 2012 - 2026  Claire Xenia Wolf <claire@yosyshq.com>         |
 |  Distributed under an ISC-like license, type "license" to see terms        |
 \----------------------------------------------------------------------------/
 Yosys 0.68+201 (git sha1 7c26ff16c-dirty, Release, Clang /usr/bin/clang++ 21.1.8)

-- Executing script file `/home/shreya/HT_detection_GNN/trusthub/netlists/AES/AES-T900/trojan.ys' --

1. Executing Verilog-2005 frontend: /home/shreya/HT_detection_GNN/trusthub/AES_unzipped/AES-T900/AES-T900/src/TjIn/TSC.v
Parsing Verilog input from `/home/shreya/HT_detection_GNN/trusthub/AES_unzipped/AES-T900/AES-T900/src/TjIn/TSC.v' to AST representation.
Generating RTLIL representation for module `\TSC'.
Successfully finished Verilog frontend.

2. Executing Verilog-2005 frontend: /home/shreya/HT_detection_GNN/trusthub/AES_unzipped/AES-T900/AES-T900/src/TjIn/Trojan_Trigger.v
Parsing Verilog input from `/home/shreya/HT_detection_GNN/trusthub/AES_unzipped/AES-T900/AES-T900/src/TjIn/Trojan_Trigger.v' to AST representation.
Generating RTLIL representation for module `\Trojan_Trigger'.
Note: Assuming pure combinatorial block at /home/shreya/HT_detection_GNN/trusthub/AES_unzipped/AES-T900/AES-T900/src/TjIn/Trojan_Trigger.v:30.2-37.5 in
compliance with IEC 62142(E):2005 / IEEE Std. 1364.1(E):2002. Recommending
use of @* instead of @(...) for better match of synthesis and simulation.
Note: Assuming pure combinatorial block at /home/shreya/HT_detection_GNN/trusthub/AES_unzipped/AES-T900/AES-T900/src/TjIn/Trojan_Trigger.v:39.2-48.5 in
compliance with IEC 62142(E):2005 / IEEE Std. 1364.1(E):2002. Recommending
use of @* instead of @(...) for better match of synthesis and simulation.
Successfully finished Verilog frontend.

3. Executing Verilog-2005 frontend: /home/shreya/HT_detection_GNN/trusthub/AES_unzipped/AES-T900/AES-T900/src/TjIn/aes_128.v
Parsing Verilog input from `/home/shreya/HT_detection_GNN/trusthub/AES_unzipped/AES-T900/AES-T900/src/TjIn/aes_128.v' to AST representation.
Generating RTLIL representation for module `\aes_128'.
Generating RTLIL representation for module `\expand_key_128'.
Successfully finished Verilog frontend.

4. Executing Verilog-2005 frontend: /home/shreya/HT_detection_GNN/trusthub/AES_unzipped/AES-T900/AES-T900/src/TjIn/lfsr.v
Parsing Verilog input from `/home/shreya/HT_detection_GNN/trusthub/AES_unzipped/AES-T900/AES-T900/src/TjIn/lfsr.v' to AST representation.
Generating RTLIL representation for module `\lfsr_counter'.
Successfully finished Verilog frontend.

5. Executing Verilog-2005 frontend: /home/shreya/HT_detection_GNN/trusthub/AES_unzipped/AES-T900/AES-T900/src/TjIn/round.v
Parsing Verilog input from `/home/shreya/HT_detection_GNN/trusthub/AES_unzipped/AES-T900/AES-T900/src/TjIn/round.v' to AST representation.
Generating RTLIL representation for module `\one_round'.
Generating RTLIL representation for module `\final_round'.
Successfully finished Verilog frontend.

6. Executing Verilog-2005 frontend: /home/shreya/HT_detection_GNN/trusthub/AES_unzipped/AES-T900/AES-T900/src/TjIn/table.v
Parsing Verilog input from `/home/shreya/HT_detection_GNN/trusthub/AES_unzipped/AES-T900/AES-T900/src/TjIn/table.v' to AST representation.
Generating RTLIL representation for module `\table_lookup'.
Generating RTLIL representation for module `\S4'.
Generating RTLIL representation for module `\T'.
Generating RTLIL representation for module `\S'.
Generating RTLIL representation for module `\xS'.
Successfully finished Verilog frontend.

7. Executing Verilog-2005 frontend: /home/shreya/HT_detection_GNN/trusthub/AES_unzipped/AES-T900/AES-T900/src/TjIn/top.v
Parsing Verilog input from `/home/shreya/HT_detection_GNN/trusthub/AES_unzipped/AES-T900/AES-T900/src/TjIn/top.v' to AST representation.
Generating RTLIL representation for module `\top'.
Successfully finished Verilog frontend.

8. Executing HIERARCHY pass (managing design hierarchy).

8.1. Analyzing design hierarchy..
Top module:  \top
Used module:     \TSC
Used module:         \lfsr_counter
Used module:     \Trojan_Trigger
Used module:     \aes_128
Used module:         \final_round
Used module:             \S4
Used module:                 \S
Used module:         \one_round
Used module:             \table_lookup
Used module:                 \T
Used module:                     \xS
Used module:         \expand_key_128

8.2. Analyzing design hierarchy..
Top module:  \top
Used module:     \TSC
Used module:         \lfsr_counter
Used module:     \Trojan_Trigger
Used module:     \aes_128
Used module:         \final_round
Used module:             \S4
Used module:                 \S
Used module:         \one_round
Used module:             \table_lookup
Used module:                 \T
Used module:                     \xS
Used module:         \expand_key_128
Removed 0 unused modules.
Mapping positional arguments of cell top.Trojan (TSC).
Mapping positional arguments of cell top.Trigger (Trojan_Trigger).
Mapping positional arguments of cell top.AES (aes_128).
Mapping positional arguments of cell T.s4 (xS).
Mapping positional arguments of cell T.s0 (S).
Mapping positional arguments of cell S4.S_3 (S).
Mapping positional arguments of cell S4.S_2 (S).
Mapping positional arguments of cell S4.S_1 (S).
Mapping positional arguments of cell S4.S_0 (S).
Mapping positional arguments of cell table_lookup.t3 (T).
Mapping positional arguments of cell table_lookup.t2 (T).
Mapping positional arguments of cell table_lookup.t1 (T).
Mapping positional arguments of cell table_lookup.t0 (T).
Mapping positional arguments of cell final_round.S4_4 (S4).
Mapping positional arguments of cell final_round.S4_3 (S4).
Mapping positional arguments of cell final_round.S4_2 (S4).
Mapping positional arguments of cell final_round.S4_1 (S4).
Mapping positional arguments of cell one_round.t3 (table_lookup).
Mapping positional arguments of cell one_round.t2 (table_lookup).
Mapping positional arguments of cell one_round.t1 (table_lookup).
Mapping positional arguments of cell one_round.t0 (table_lookup).
Mapping positional arguments of cell expand_key_128.S4_0 (S4).
Mapping positional arguments of cell aes_128.rf (final_round).
Mapping positional arguments of cell aes_128.r9 (one_round).
Mapping positional arguments of cell aes_128.r8 (one_round).
Mapping positional arguments of cell aes_128.r7 (one_round).
Mapping positional arguments of cell aes_128.r6 (one_round).
Mapping positional arguments of cell aes_128.r5 (one_round).
Mapping positional arguments of cell aes_128.r4 (one_round).
Mapping positional arguments of cell aes_128.r3 (one_round).
Mapping positional arguments of cell aes_128.r2 (one_round).
Mapping positional arguments of cell aes_128.r1 (one_round).
Mapping positional arguments of cell aes_128.a10 (expand_key_128).
Mapping positional arguments of cell aes_128.a9 (expand_key_128).
Mapping positional arguments of cell aes_128.a8 (expand_key_128).
Mapping positional arguments of cell aes_128.a7 (expand_key_128).
Mapping positional arguments of cell aes_128.a6 (expand_key_128).
Mapping positional arguments of cell aes_128.a5 (expand_key_128).
Mapping positional arguments of cell aes_128.a4 (expand_key_128).
Mapping positional arguments of cell aes_128.a3 (expand_key_128).
Mapping positional arguments of cell aes_128.a2 (expand_key_128).
Mapping positional arguments of cell aes_128.a1 (expand_key_128).
Mapping positional arguments of cell TSC.lfsr (lfsr_counter).

9. Executing PROC pass (convert processes to netlists).

9.1. Executing PROC_CLEAN pass (remove empty switches from decision trees).
Cleaned up 0 empty switches.

9.2. Executing PROC_RMDEAD pass (remove dead branches from decision trees).
Marked 1 switch rules as full_case in process $proc$/home/shreya/HT_detection_GNN/trusthub/AES_unzipped/AES-T900/AES-T900/src/TjIn/table.v:331$115 in module xS.
Marked 1 switch rules as full_case in process $proc$/home/shreya/HT_detection_GNN/trusthub/AES_unzipped/AES-T900/AES-T900/src/TjIn/table.v:64$114 in module S.
Marked 1 switch rules as full_case in process $proc$/home/shreya/HT_detection_GNN/trusthub/AES_unzipped/AES-T900/AES-T900/src/TjIn/lfsr.v:15$88 in module lfsr_counter.
Marked 2 switch rules as full_case in process $proc$/home/shreya/HT_detection_GNN/trusthub/AES_unzipped/AES-T900/AES-T900/src/TjIn/Trojan_Trigger.v:39$70 in module Trojan_Trigger.
Marked 1 switch rules as full_case in process $proc$/home/shreya/HT_detection_GNN/trusthub/AES_unzipped/AES-T900/AES-T900/src/TjIn/Trojan_Trigger.v:30$67 in module Trojan_Trigger.
Marked 1 switch rules as full_case in process $proc$/home/shreya/HT_detection_GNN/trusthub/AES_unzipped/AES-T900/AES-T900/src/TjIn/TSC.v:33$1 in module TSC.
Removed a total of 0 dead cases.

9.3. Executing PROC_PRUNE pass (remove redundant assignments in processes).
Removed 5 redundant assignments.
Promoted 6 assignments to connections.

9.4. Executing PROC_INIT pass (extract init attributes).

9.5. Executing PROC_ARST pass (detect async resets in processes).

9.6. Executing PROC_ROM pass (convert switches to ROMs).
Converted 2 switches.
<suppressed ~6 debug messages>

9.7. Executing PROC_MUX pass (convert decision trees to multiplexers).
Creating decoders for process `\xS.$proc$/home/shreya/HT_detection_GNN/trusthub/AES_unzipped/AES-T900/AES-T900/src/TjIn/table.v:331$115'.
     1/1: $0\out[7:0]
Creating decoders for process `\S.$proc$/home/shreya/HT_detection_GNN/trusthub/AES_unzipped/AES-T900/AES-T900/src/TjIn/table.v:64$114'.
     1/1: $0\out[7:0]
Creating decoders for process `\final_round.$proc$/home/shreya/HT_detection_GNN/trusthub/AES_unzipped/AES-T900/AES-T900/src/TjIn/round.v:78$112'.
Creating decoders for process `\one_round.$proc$/home/shreya/HT_detection_GNN/trusthub/AES_unzipped/AES-T900/AES-T900/src/TjIn/round.v:45$107'.
Creating decoders for process `\lfsr_counter.$proc$/home/shreya/HT_detection_GNN/trusthub/AES_unzipped/AES-T900/AES-T900/src/TjIn/lfsr.v:15$88'.
     1/1: $0\lfsr_stream[19:0]
Creating decoders for process `\expand_key_128.$proc$/home/shreya/HT_detection_GNN/trusthub/AES_unzipped/AES-T900/AES-T900/src/TjIn/aes_128.v:88$84'.
Creating decoders for process `\expand_key_128.$proc$/home/shreya/HT_detection_GNN/trusthub/AES_unzipped/AES-T900/AES-T900/src/TjIn/aes_128.v:77$79'.
Creating decoders for process `\aes_128.$proc$/home/shreya/HT_detection_GNN/trusthub/AES_unzipped/AES-T900/AES-T900/src/TjIn/aes_128.v:26$73'.
Creating decoders for process `\Trojan_Trigger.$proc$/home/shreya/HT_detection_GNN/trusthub/AES_unzipped/AES-T900/AES-T900/src/TjIn/Trojan_Trigger.v:39$70'.
     1/1: $0\Tj_Trig[0:0]
Creating decoders for process `\Trojan_Trigger.$proc$/home/shreya/HT_detection_GNN/trusthub/AES_unzipped/AES-T900/AES-T900/src/TjIn/Trojan_Trigger.v:30$67'.
     1/1: $0\Counter[127:0]
Creating decoders for process `\TSC.$proc$/home/shreya/HT_detection_GNN/trusthub/AES_unzipped/AES-T900/AES-T900/src/TjIn/TSC.v:33$1'.
     1/64: $0\load[63:0] [63]
     2/64: $0\load[63:0] [62]
     3/64: $0\load[63:0] [61]
     4/64: $0\load[63:0] [60]
     5/64: $0\load[63:0] [59]
     6/64: $0\load[63:0] [58]
     7/64: $0\load[63:0] [57]
     8/64: $0\load[63:0] [56]
     9/64: $0\load[63:0] [55]
    10/64: $0\load[63:0] [54]
    11/64: $0\load[63:0] [53]
    12/64: $0\load[63:0] [52]
    13/64: $0\load[63:0] [51]
    14/64: $0\load[63:0] [50]
    15/64: $0\load[63:0] [49]
    16/64: $0\load[63:0] [48]
    17/64: $0\load[63:0] [47]
    18/64: $0\load[63:0] [46]
    19/64: $0\load[63:0] [45]
    20/64: $0\load[63:0] [44]
    21/64: $0\load[63:0] [43]
    22/64: $0\load[63:0] [42]
    23/64: $0\load[63:0] [41]
    24/64: $0\load[63:0] [40]
    25/64: $0\load[63:0] [39]
    26/64: $0\load[63:0] [38]
    27/64: $0\load[63:0] [37]
    28/64: $0\load[63:0] [36]
    29/64: $0\load[63:0] [35]
    30/64: $0\load[63:0] [34]
    31/64: $0\load[63:0] [33]
    32/64: $0\load[63:0] [32]
    33/64: $0\load[63:0] [31]
    34/64: $0\load[63:0] [30]
    35/64: $0\load[63:0] [29]
    36/64: $0\load[63:0] [28]
    37/64: $0\load[63:0] [27]
    38/64: $0\load[63:0] [26]
    39/64: $0\load[63:0] [25]
    40/64: $0\load[63:0] [24]
    41/64: $0\load[63:0] [23]
    42/64: $0\load[63:0] [22]
    43/64: $0\load[63:0] [21]
    44/64: $0\load[63:0] [20]
    45/64: $0\load[63:0] [19]
    46/64: $0\load[63:0] [18]
    47/64: $0\load[63:0] [17]
    48/64: $0\load[63:0] [16]
    49/64: $0\load[63:0] [15]
    50/64: $0\load[63:0] [14]
    51/64: $0\load[63:0] [13]
    52/64: $0\load[63:0] [12]
    53/64: $0\load[63:0] [11]
    54/64: $0\load[63:0] [10]
    55/64: $0\load[63:0] [9]
    56/64: $0\load[63:0] [8]
    57/64: $0\load[63:0] [7]
    58/64: $0\load[63:0] [6]
    59/64: $0\load[63:0] [5]
    60/64: $0\load[63:0] [4]
    61/64: $0\load[63:0] [3]
    62/64: $0\load[63:0] [2]
    63/64: $0\load[63:0] [1]
    64/64: $0\load[63:0] [0]

9.8. Executing PROC_DLATCH pass (convert process syncs to latches).
No latch inferred for signal `\Trojan_Trigger.\Tj_Trig' from process `\Trojan_Trigger.$proc$/home/shreya/HT_detection_GNN/trusthub/AES_unzipped/AES-T900/AES-T900/src/TjIn/Trojan_Trigger.v:39$70'.
No latch inferred for signal `\Trojan_Trigger.\Counter' from process `\Trojan_Trigger.$proc$/home/shreya/HT_detection_GNN/trusthub/AES_unzipped/AES-T900/AES-T900/src/TjIn/Trojan_Trigger.v:30$67'.

9.9. Executing PROC_DFF pass (convert process syncs to FFs).
Creating register for signal `\xS.\out' using process `\xS.$proc$/home/shreya/HT_detection_GNN/trusthub/AES_unzipped/AES-T900/AES-T900/src/TjIn/table.v:331$115'.
  created $dff cell `$procdff$332' with positive edge clock.
Creating register for signal `\S.\out' using process `\S.$proc$/home/shreya/HT_detection_GNN/trusthub/AES_unzipped/AES-T900/AES-T900/src/TjIn/table.v:64$114'.
  created $dff cell `$procdff$333' with positive edge clock.
Creating register for signal `\final_round.\state_out' using process `\final_round.$proc$/home/shreya/HT_detection_GNN/trusthub/AES_unzipped/AES-T900/AES-T900/src/TjIn/round.v:78$112'.
  created $dff cell `$procdff$334' with positive edge clock.
Creating register for signal `\one_round.\state_out' using process `\one_round.$proc$/home/shreya/HT_detection_GNN/trusthub/AES_unzipped/AES-T900/AES-T900/src/TjIn/round.v:45$107'.
  created $dff cell `$procdff$335' with positive edge clock.
Creating register for signal `\lfsr_counter.\lfsr_stream' using process `\lfsr_counter.$proc$/home/shreya/HT_detection_GNN/trusthub/AES_unzipped/AES-T900/AES-T900/src/TjIn/lfsr.v:15$88'.
  created $dff cell `$procdff$336' with positive edge clock.
Creating register for signal `\expand_key_128.\out_1' using process `\expand_key_128.$proc$/home/shreya/HT_detection_GNN/trusthub/AES_unzipped/AES-T900/AES-T900/src/TjIn/aes_128.v:88$84'.
  created $dff cell `$procdff$337' with positive edge clock.
Creating register for signal `\expand_key_128.\k0a' using process `\expand_key_128.$proc$/home/shreya/HT_detection_GNN/trusthub/AES_unzipped/AES-T900/AES-T900/src/TjIn/aes_128.v:77$79'.
  created $dff cell `$procdff$338' with positive edge clock.
Creating register for signal `\expand_key_128.\k1a' using process `\expand_key_128.$proc$/home/shreya/HT_detection_GNN/trusthub/AES_unzipped/AES-T900/AES-T900/src/TjIn/aes_128.v:77$79'.
  created $dff cell `$procdff$339' with positive edge clock.
Creating register for signal `\expand_key_128.\k2a' using process `\expand_key_128.$proc$/home/shreya/HT_detection_GNN/trusthub/AES_unzipped/AES-T900/AES-T900/src/TjIn/aes_128.v:77$79'.
  created $dff cell `$procdff$340' with positive edge clock.
Creating register for signal `\expand_key_128.\k3a' using process `\expand_key_128.$proc$/home/shreya/HT_detection_GNN/trusthub/AES_unzipped/AES-T900/AES-T900/src/TjIn/aes_128.v:77$79'.
  created $dff cell `$procdff$341' with positive edge clock.
Creating register for signal `\aes_128.\s0' using process `\aes_128.$proc$/home/shreya/HT_detection_GNN/trusthub/AES_unzipped/AES-T900/AES-T900/src/TjIn/aes_128.v:26$73'.
  created $dff cell `$procdff$342' with positive edge clock.
Creating register for signal `\aes_128.\k0' using process `\aes_128.$proc$/home/shreya/HT_detection_GNN/trusthub/AES_unzipped/AES-T900/AES-T900/src/TjIn/aes_128.v:26$73'.
  created $dff cell `$procdff$343' with positive edge clock.
Creating register for signal `\TSC.\load' using process `\TSC.$proc$/home/shreya/HT_detection_GNN/trusthub/AES_unzipped/AES-T900/AES-T900/src/TjIn/TSC.v:33$1'.
  created $dff cell `$procdff$344' with positive edge clock.

9.10. Executing PROC_MEMWR pass (convert process memory writes to cells).

9.11. Executing PROC_CLEAN pass (remove empty switches from decision trees).
Found and cleaned up 1 empty switch in `\xS.$proc$/home/shreya/HT_detection_GNN/trusthub/AES_unzipped/AES-T900/AES-T900/src/TjIn/table.v:331$115'.
Removing empty process `xS.$proc$/home/shreya/HT_detection_GNN/trusthub/AES_unzipped/AES-T900/AES-T900/src/TjIn/table.v:331$115'.
Found and cleaned up 1 empty switch in `\S.$proc$/home/shreya/HT_detection_GNN/trusthub/AES_unzipped/AES-T900/AES-T900/src/TjIn/table.v:64$114'.
Removing empty process `S.$proc$/home/shreya/HT_detection_GNN/trusthub/AES_unzipped/AES-T900/AES-T900/src/TjIn/table.v:64$114'.
Removing empty process `final_round.$proc$/home/shreya/HT_detection_GNN/trusthub/AES_unzipped/AES-T900/AES-T900/src/TjIn/round.v:78$112'.
Removing empty process `one_round.$proc$/home/shreya/HT_detection_GNN/trusthub/AES_unzipped/AES-T900/AES-T900/src/TjIn/round.v:45$107'.
Found and cleaned up 2 empty switches in `\lfsr_counter.$proc$/home/shreya/HT_detection_GNN/trusthub/AES_unzipped/AES-T900/AES-T900/src/TjIn/lfsr.v:15$88'.
Removing empty process `lfsr_counter.$proc$/home/shreya/HT_detection_GNN/trusthub/AES_unzipped/AES-T900/AES-T900/src/TjIn/lfsr.v:15$88'.
Removing empty process `expand_key_128.$proc$/home/shreya/HT_detection_GNN/trusthub/AES_unzipped/AES-T900/AES-T900/src/TjIn/aes_128.v:88$84'.
Removing empty process `expand_key_128.$proc$/home/shreya/HT_detection_GNN/trusthub/AES_unzipped/AES-T900/AES-T900/src/TjIn/aes_128.v:77$79'.
Removing empty process `aes_128.$proc$/home/shreya/HT_detection_GNN/trusthub/AES_unzipped/AES-T900/AES-T900/src/TjIn/aes_128.v:26$73'.
Found and cleaned up 2 empty switches in `\Trojan_Trigger.$proc$/home/shreya/HT_detection_GNN/trusthub/AES_unzipped/AES-T900/AES-T900/src/TjIn/Trojan_Trigger.v:39$70'.
Removing empty process `Trojan_Trigger.$proc$/home/shreya/HT_detection_GNN/trusthub/AES_unzipped/AES-T900/AES-T900/src/TjIn/Trojan_Trigger.v:39$70'.
Found and cleaned up 1 empty switch in `\Trojan_Trigger.$proc$/home/shreya/HT_detection_GNN/trusthub/AES_unzipped/AES-T900/AES-T900/src/TjIn/Trojan_Trigger.v:30$67'.
Removing empty process `Trojan_Trigger.$proc$/home/shreya/HT_detection_GNN/trusthub/AES_unzipped/AES-T900/AES-T900/src/TjIn/Trojan_Trigger.v:30$67'.
Found and cleaned up 1 empty switch in `\TSC.$proc$/home/shreya/HT_detection_GNN/trusthub/AES_unzipped/AES-T900/AES-T900/src/TjIn/TSC.v:33$1'.
Removing empty process `TSC.$proc$/home/shreya/HT_detection_GNN/trusthub/AES_unzipped/AES-T900/AES-T900/src/TjIn/TSC.v:33$1'.
Cleaned up 8 empty switches.

9.12. Executing OPT_EXPR pass (perform const folding).
Optimizing module top.
Optimizing module xS.
Optimizing module S.
Optimizing module T.
Optimizing module S4.
Optimizing module table_lookup.
Optimizing module final_round.
Optimizing module one_round.
Optimizing module lfsr_counter.
<suppressed ~2 debug messages>
Optimizing module expand_key_128.
Optimizing module aes_128.
Optimizing module Trojan_Trigger.
Couldn't topologically sort cells, optimizing module Trojan_Trigger may take a longer time.
Couldn't topologically sort cells, optimizing module Trojan_Trigger may take a longer time.
<suppressed ~2 debug messages>
Optimizing module TSC.
<suppressed ~1 debug messages>

10. Executing OPT pass (performing simple optimizations).

10.1. Executing OPT_EXPR pass (perform const folding).
Optimizing module top.
Optimizing module xS.
Optimizing module S.
Optimizing module T.
Optimizing module S4.
Optimizing module table_lookup.
Optimizing module final_round.
Optimizing module one_round.
Optimizing module lfsr_counter.
Optimizing module expand_key_128.
Optimizing module aes_128.
Optimizing module Trojan_Trigger.
Couldn't topologically sort cells, optimizing module Trojan_Trigger may take a longer time.
Couldn't topologically sort cells, optimizing module Trojan_Trigger may take a longer time.
Optimizing module TSC.

10.2. Executing OPT_MERGE pass (detect identical cells).
Finding identical cells in module `\top'.
Computing hashes of 3 cells of `\top'.
Finding duplicate cells in `\top'.
Finding identical cells in module `\xS'.
Computing hashes of 3 cells of `\xS'.
Finding duplicate cells in `\xS'.
Finding identical cells in module `\S'.
Computing hashes of 3 cells of `\S'.
Finding duplicate cells in `\S'.
Finding identical cells in module `\T'.
Computing hashes of 3 cells of `\T'.
Finding duplicate cells in `\T'.
Finding identical cells in module `\S4'.
Computing hashes of 4 cells of `\S4'.
Finding duplicate cells in `\S4'.
Finding identical cells in module `\table_lookup'.
Computing hashes of 4 cells of `\table_lookup'.
Finding duplicate cells in `\table_lookup'.
Finding identical cells in module `\final_round'.
Computing hashes of 9 cells of `\final_round'.
Finding duplicate cells in `\final_round'.
Finding identical cells in module `\one_round'.
Computing hashes of 21 cells of `\one_round'.
Finding duplicate cells in `\one_round'.
Finding identical cells in module `\lfsr_counter'.
Computing hashes of 6 cells of `\lfsr_counter'.
Finding duplicate cells in `\lfsr_counter'.
Finding identical cells in module `\expand_key_128'.
Computing hashes of 14 cells of `\expand_key_128'.
Finding duplicate cells in `\expand_key_128'.
Finding identical cells in module `\aes_128'.
Computing hashes of 23 cells of `\aes_128'.
Finding duplicate cells in `\aes_128'.
Finding identical cells in module `\Trojan_Trigger'.
Computing hashes of 5 cells of `\Trojan_Trigger'.
Finding duplicate cells in `\Trojan_Trigger'.
Finding identical cells in module `\TSC'.
Computing hashes of 130 cells of `\TSC'.
Finding duplicate cells in `\TSC'.
Computing hashes of 74 cells of `\TSC'.
Finding duplicate cells in `\TSC'.
<suppressed ~168 debug messages>
Removed a total of 56 cells.

10.3. Executing OPT_MUXTREE pass (detect dead branches in mux trees).
Running muxtree optimizer on module \top..
  Creating internal representation of mux trees.
  No muxes found in this module.
Running muxtree optimizer on module \xS..
  Creating internal representation of mux trees.
  No muxes found in this module.
Running muxtree optimizer on module \S..
  Creating internal representation of mux trees.
  No muxes found in this module.
Running muxtree optimizer on module \T..
  Creating internal representation of mux trees.
  No muxes found in this module.
Running muxtree optimizer on module \S4..
  Creating internal representation of mux trees.
  No muxes found in this module.
Running muxtree optimizer on module \table_lookup..
  Creating internal representation of mux trees.
  No muxes found in this module.
Running muxtree optimizer on module \final_round..
  Creating internal representation of mux trees.
  No muxes found in this module.
Running muxtree optimizer on module \one_round..
  Creating internal representation of mux trees.
  No muxes found in this module.
Running muxtree optimizer on module \lfsr_counter..
  Creating internal representation of mux trees.
  Evaluating internal representation of mux trees.
  Analyzing evaluation results.
Running muxtree optimizer on module \expand_key_128..
  Creating internal representation of mux trees.
  No muxes found in this module.
Running muxtree optimizer on module \aes_128..
  Creating internal representation of mux trees.
  No muxes found in this module.
Running muxtree optimizer on module \Trojan_Trigger..
  Creating internal representation of mux trees.
  Evaluating internal representation of mux trees.
  Analyzing evaluation results.
Running muxtree optimizer on module \TSC..
  Creating internal representation of mux trees.
  Evaluating internal representation of mux trees.
  Analyzing evaluation results.
Removed 0 multiplexer ports.
<suppressed ~136 debug messages>

10.4. Executing OPT_REDUCE pass (consolidate $*mux and $reduce_* inputs).
  Optimizing cells in module \top.
  Optimizing cells in module \xS.
  Optimizing cells in module \S.
  Optimizing cells in module \T.
  Optimizing cells in module \S4.
  Optimizing cells in module \table_lookup.
  Optimizing cells in module \final_round.
  Optimizing cells in module \one_round.
  Optimizing cells in module \lfsr_counter.
  Optimizing cells in module \expand_key_128.
  Optimizing cells in module \aes_128.
  Optimizing cells in module \Trojan_Trigger.
  Optimizing cells in module \TSC.
Performed a total of 0 changes.

10.5. Executing OPT_MERGE pass (detect identical cells).
Finding identical cells in module `\top'.
Computing hashes of 3 cells of `\top'.
Finding duplicate cells in `\top'.
Finding identical cells in module `\xS'.
Computing hashes of 3 cells of `\xS'.
Finding duplicate cells in `\xS'.
Finding identical cells in module `\S'.
Computing hashes of 3 cells of `\S'.
Finding duplicate cells in `\S'.
Finding identical cells in module `\T'.
Computing hashes of 3 cells of `\T'.
Finding duplicate cells in `\T'.
Finding identical cells in module `\S4'.
Computing hashes of 4 cells of `\S4'.
Finding duplicate cells in `\S4'.
Finding identical cells in module `\table_lookup'.
Computing hashes of 4 cells of `\table_lookup'.
Finding duplicate cells in `\table_lookup'.
Finding identical cells in module `\final_round'.
Computing hashes of 9 cells of `\final_round'.
Finding duplicate cells in `\final_round'.
Finding identical cells in module `\one_round'.
Computing hashes of 21 cells of `\one_round'.
Finding duplicate cells in `\one_round'.
Finding identical cells in module `\lfsr_counter'.
Computing hashes of 6 cells of `\lfsr_counter'.
Finding duplicate cells in `\lfsr_counter'.
Finding identical cells in module `\expand_key_128'.
Computing hashes of 14 cells of `\expand_key_128'.
Finding duplicate cells in `\expand_key_128'.
Finding identical cells in module `\aes_128'.
Computing hashes of 23 cells of `\aes_128'.
Finding duplicate cells in `\aes_128'.
Finding identical cells in module `\Trojan_Trigger'.
Computing hashes of 5 cells of `\Trojan_Trigger'.
Finding duplicate cells in `\Trojan_Trigger'.
Finding identical cells in module `\TSC'.
Computing hashes of 74 cells of `\TSC'.
Finding duplicate cells in `\TSC'.
Computing hashes of 18 cells of `\TSC'.
Finding duplicate cells in `\TSC'.
<suppressed ~168 debug messages>
Removed a total of 56 cells.

10.6. Executing OPT_DFF pass (perform DFF optimizations).
Adding SRST signal on $procdff$336 ($dff) from module lfsr_counter (D = $procmux$126_Y, Q = \lfsr_stream, rval = 20'00000011000000110001).
Adding EN signal on $auto$ff.cc:337:slice$345 ($sdff) from module lfsr_counter (D = { $xor$/home/shreya/HT_detection_GNN/trusthub/AES_unzipped/AES-T900/AES-T900/src/TjIn/lfsr.v:13$87_Y \lfsr_stream [19:1] }, Q = \lfsr_stream).

10.7. Executing OPT_CLEAN pass (remove unused cells and wires).
Finding unused cells or wires in module \top..
Finding unused cells or wires in module \xS..
Finding unused cells or wires in module \S..
Finding unused cells or wires in module \T..
Finding unused cells or wires in module \S4..
Finding unused cells or wires in module \table_lookup..
Finding unused cells or wires in module \final_round..
Finding unused cells or wires in module \one_round..
Finding unused cells or wires in module \lfsr_counter..
Finding unused cells or wires in module \expand_key_128..
Finding unused cells or wires in module \aes_128..
Finding unused cells or wires in module \Trojan_Trigger..
Finding unused cells or wires in module \TSC..
Removed 2 unused cells and 230 unused wires.
<suppressed ~12 debug messages>

10.8. Executing OPT_EXPR pass (perform const folding).
Optimizing module top.
Optimizing module xS.
Optimizing module S.
Optimizing module T.
Optimizing module S4.
Optimizing module table_lookup.
Optimizing module final_round.
Optimizing module one_round.
Optimizing module lfsr_counter.
Optimizing module expand_key_128.
Optimizing module aes_128.
Optimizing module Trojan_Trigger.
Couldn't topologically sort cells, optimizing module Trojan_Trigger may take a longer time.
Couldn't topologically sort cells, optimizing module Trojan_Trigger may take a longer time.
Optimizing module TSC.

10.9. Rerunning OPT passes. (Maybe there is more to do..)

10.10. Executing OPT_MUXTREE pass (detect dead branches in mux trees).
Running muxtree optimizer on module \top..
  Creating internal representation of mux trees.
  No muxes found in this module.
Running muxtree optimizer on module \xS..
  Creating internal representation of mux trees.
  No muxes found in this module.
Running muxtree optimizer on module \S..
  Creating internal representation of mux trees.
  No muxes found in this module.
Running muxtree optimizer on module \T..
  Creating internal representation of mux trees.
  No muxes found in this module.
Running muxtree optimizer on module \S4..
  Creating internal representation of mux trees.
  No muxes found in this module.
Running muxtree optimizer on module \table_lookup..
  Creating internal representation of mux trees.
  No muxes found in this module.
Running muxtree optimizer on module \final_round..
  Creating internal representation of mux trees.
  No muxes found in this module.
Running muxtree optimizer on module \one_round..
  Creating internal representation of mux trees.
  No muxes found in this module.
Running muxtree optimizer on module \lfsr_counter..
  Creating internal representation of mux trees.
  No muxes found in this module.
Running muxtree optimizer on module \expand_key_128..
  Creating internal representation of mux trees.
  No muxes found in this module.
Running muxtree optimizer on module \aes_128..
  Creating internal representation of mux trees.
  No muxes found in this module.
Running muxtree optimizer on module \Trojan_Trigger..
  Creating internal representation of mux trees.
  Evaluating internal representation of mux trees.
  Analyzing evaluation results.
Running muxtree optimizer on module \TSC..
  Creating internal representation of mux trees.
  Evaluating internal representation of mux trees.
  Analyzing evaluation results.
Removed 0 multiplexer ports.
<suppressed ~21 debug messages>

10.11. Executing OPT_REDUCE pass (consolidate $*mux and $reduce_* inputs).
  Optimizing cells in module \top.
  Optimizing cells in module \xS.
  Optimizing cells in module \S.
  Optimizing cells in module \T.
  Optimizing cells in module \S4.
  Optimizing cells in module \table_lookup.
  Optimizing cells in module \final_round.
  Optimizing cells in module \one_round.
  Optimizing cells in module \lfsr_counter.
  Optimizing cells in module \expand_key_128.
  Optimizing cells in module \aes_128.
  Optimizing cells in module \Trojan_Trigger.
  Optimizing cells in module \TSC.
Performed a total of 0 changes.

10.12. Executing OPT_MERGE pass (detect identical cells).
Finding identical cells in module `\top'.
Computing hashes of 3 cells of `\top'.
Finding duplicate cells in `\top'.
Finding identical cells in module `\xS'.
Computing hashes of 3 cells of `\xS'.
Finding duplicate cells in `\xS'.
Finding identical cells in module `\S'.
Computing hashes of 3 cells of `\S'.
Finding duplicate cells in `\S'.
Finding identical cells in module `\T'.
Computing hashes of 3 cells of `\T'.
Finding duplicate cells in `\T'.
Finding identical cells in module `\S4'.
Computing hashes of 4 cells of `\S4'.
Finding duplicate cells in `\S4'.
Finding identical cells in module `\table_lookup'.
Computing hashes of 4 cells of `\table_lookup'.
Finding duplicate cells in `\table_lookup'.
Finding identical cells in module `\final_round'.
Computing hashes of 9 cells of `\final_round'.
Finding duplicate cells in `\final_round'.
Finding identical cells in module `\one_round'.
Computing hashes of 21 cells of `\one_round'.
Finding duplicate cells in `\one_round'.
Finding identical cells in module `\lfsr_counter'.
Computing hashes of 4 cells of `\lfsr_counter'.
Finding duplicate cells in `\lfsr_counter'.
Finding identical cells in module `\expand_key_128'.
Computing hashes of 14 cells of `\expand_key_128'.
Finding duplicate cells in `\expand_key_128'.
Finding identical cells in module `\aes_128'.
Computing hashes of 23 cells of `\aes_128'.
Finding duplicate cells in `\aes_128'.
Finding identical cells in module `\Trojan_Trigger'.
Computing hashes of 5 cells of `\Trojan_Trigger'.
Finding duplicate cells in `\Trojan_Trigger'.
Finding identical cells in module `\TSC'.
Computing hashes of 18 cells of `\TSC'.
Finding duplicate cells in `\TSC'.
Removed a total of 0 cells.

10.13. Executing OPT_DFF pass (perform DFF optimizations).

10.14. Executing OPT_CLEAN pass (remove unused cells and wires).
Finding unused cells or wires in module \top..
Finding unused cells or wires in module \xS..
Finding unused cells or wires in module \S..
Finding unused cells or wires in module \T..
Finding unused cells or wires in module \S4..
Finding unused cells or wires in module \table_lookup..
Finding unused cells or wires in module \final_round..
Finding unused cells or wires in module \one_round..
Finding unused cells or wires in module \lfsr_counter..
Finding unused cells or wires in module \expand_key_128..
Finding unused cells or wires in module \aes_128..
Finding unused cells or wires in module \Trojan_Trigger..
Finding unused cells or wires in module \TSC..

10.15. Executing OPT_EXPR pass (perform const folding).
Optimizing module top.
Optimizing module xS.
Optimizing module S.
Optimizing module T.
Optimizing module S4.
Optimizing module table_lookup.
Optimizing module final_round.
Optimizing module one_round.
Optimizing module lfsr_counter.
Optimizing module expand_key_128.
Optimizing module aes_128.
Optimizing module Trojan_Trigger.
Couldn't topologically sort cells, optimizing module Trojan_Trigger may take a longer time.
Couldn't topologically sort cells, optimizing module Trojan_Trigger may take a longer time.
Optimizing module TSC.

10.16. Finished fast OPT passes. (There is nothing left to do.)

11. Executing FLATTEN pass (flatten design).
Deleting now unused module xS.
Deleting now unused module S.
Deleting now unused module T.
Deleting now unused module S4.
Deleting now unused module table_lookup.
Deleting now unused module final_round.
Deleting now unused module one_round.
Deleting now unused module lfsr_counter.
Deleting now unused module expand_key_128.
Deleting now unused module aes_128.
Deleting now unused module Trojan_Trigger.
Deleting now unused module TSC.
<suppressed ~43 debug messages>

12. Executing OPT pass (performing simple optimizations).

12.1. Executing OPT_EXPR pass (perform const folding).
Optimizing module top.
Couldn't topologically sort cells, optimizing module top may take a longer time.
Couldn't topologically sort cells, optimizing module top may take a longer time.
Couldn't topologically sort cells, optimizing module top may take a longer time.
<suppressed ~10 debug messages>

12.2. Executing OPT_MERGE pass (detect identical cells).
Finding identical cells in module `\top'.
Computing hashes of 2055 cells of `\top'.
Finding duplicate cells in `\top'.
Removed a total of 0 cells.

12.3. Executing OPT_MUXTREE pass (detect dead branches in mux trees).
Running muxtree optimizer on module \top..
  Creating internal representation of mux trees.
  Evaluating internal representation of mux trees.
  Analyzing evaluation results.
Removed 0 multiplexer ports.
<suppressed ~21 debug messages>

12.4. Executing OPT_REDUCE pass (consolidate $*mux and $reduce_* inputs).
  Optimizing cells in module \top.
Performed a total of 0 changes.

12.5. Executing OPT_MERGE pass (detect identical cells).
Finding identical cells in module `\top'.
Computing hashes of 2055 cells of `\top'.
Finding duplicate cells in `\top'.
Removed a total of 0 cells.

12.6. Executing OPT_DFF pass (perform DFF optimizations).

12.7. Executing OPT_CLEAN pass (remove unused cells and wires).
Finding unused cells or wires in module \top..
Removed 1 unused cells and 11 unused wires.
<suppressed ~3 debug messages>

12.8. Executing OPT_EXPR pass (perform const folding).
Optimizing module top.
Couldn't topologically sort cells, optimizing module top may take a longer time.
Couldn't topologically sort cells, optimizing module top may take a longer time.

12.9. Rerunning OPT passes. (Maybe there is more to do..)

12.10. Executing OPT_MUXTREE pass (detect dead branches in mux trees).
Running muxtree optimizer on module \top..
  Creating internal representation of mux trees.
  Evaluating internal representation of mux trees.
  Analyzing evaluation results.
Removed 0 multiplexer ports.
<suppressed ~21 debug messages>

12.11. Executing OPT_REDUCE pass (consolidate $*mux and $reduce_* inputs).
  Optimizing cells in module \top.
Performed a total of 0 changes.

12.12. Executing OPT_MERGE pass (detect identical cells).
Finding identical cells in module `\top'.
Computing hashes of 2054 cells of `\top'.
Finding duplicate cells in `\top'.
Removed a total of 0 cells.

12.13. Executing OPT_DFF pass (perform DFF optimizations).

12.14. Executing OPT_CLEAN pass (remove unused cells and wires).
Finding unused cells or wires in module \top..

12.15. Executing OPT_EXPR pass (perform const folding).
Optimizing module top.
Couldn't topologically sort cells, optimizing module top may take a longer time.
Couldn't topologically sort cells, optimizing module top may take a longer time.

12.16. Finished fast OPT passes. (There is nothing left to do.)

13. Executing TECHMAP pass (map to technology primitives).

13.1. Executing Verilog-2005 frontend: /home/shreya/oss-cad-suite/lib/../share/yosys/techmap.v
Parsing Verilog input from `/home/shreya/oss-cad-suite/lib/../share/yosys/techmap.v' to AST representation.
Generating RTLIL representation for module `\_90_simplemap_bool_ops'.
Generating RTLIL representation for module `\_90_simplemap_reduce_ops'.
Generating RTLIL representation for module `\_90_simplemap_logic_ops'.
Generating RTLIL representation for module `\_90_simplemap_compare_ops'.
Generating RTLIL representation for module `\_90_simplemap_various'.
Generating RTLIL representation for module `\_90_simplemap_registers'.
Generating RTLIL representation for module `\_90_shift_ops_shr_shl_sshl_sshr'.
Generating RTLIL representation for module `\_90_shift_shiftx'.
Generating RTLIL representation for module `\_90_fa'.
Generating RTLIL representation for module `\_90_lcu_brent_kung'.
Generating RTLIL representation for module `\_90_alu'.
Generating RTLIL representation for module `\_90_macc'.
Generating RTLIL representation for module `\_90_alumacc'.
Generating RTLIL representation for module `$__div_mod_u'.
Generating RTLIL representation for module `$__div_mod_trunc'.
Generating RTLIL representation for module `\_90_div'.
Generating RTLIL representation for module `\_90_mod'.
Generating RTLIL representation for module `$__div_mod_floor'.
Generating RTLIL representation for module `\_90_divfloor'.
Generating RTLIL representation for module `\_90_modfloor'.
Generating RTLIL representation for module `\_90_pow'.
Generating RTLIL representation for module `\_90_demux'.
Generating RTLIL representation for module `\_90_lut'.
Generating RTLIL representation for module `$connect'.
Generating RTLIL representation for module `$input_port'.
Successfully finished Verilog frontend.

13.2. Continuing TECHMAP pass.
Using extmapper simplemap for cells of type $not.
Using extmapper simplemap for cells of type $xor.
Using extmapper simplemap for cells of type $dff.
Using extmapper simplemap for cells of type $mux.
Using extmapper simplemap for cells of type $eq.
Running "alumacc" on wrapper $extern:wrap:$add:Y_WIDTH=128:B_WIDTH=32:A_WIDTH=128:B_SIGNED=0:A_SIGNED=0:394426c56d1a028ba8fdd5469b163e04011def47.
Using template $extern:wrap:$add:Y_WIDTH=128:B_WIDTH=32:A_WIDTH=128:B_SIGNED=0:A_SIGNED=0:394426c56d1a028ba8fdd5469b163e04011def47 for cells of type $extern:wrap:$add:Y_WIDTH=128:B_WIDTH=32:A_WIDTH=128:B_SIGNED=0:A_SIGNED=0:394426c56d1a028ba8fdd5469b163e04011def47.
Using extmapper simplemap for cells of type $sdffe.
Using template $paramod$9b5e3d1ab9b57a8d50faef9c2e08a512712951b7\_90_alu for cells of type $alu.
Using extmapper simplemap for cells of type $pos.
Using template $paramod\_90_fa\WIDTH=32'00000000000000000000000010000000 for cells of type $fa.
Using template $paramod\_90_lcu_brent_kung\WIDTH=32'00000000000000000000000010000000 for cells of type $lcu.
Using extmapper simplemap for cells of type $and.
Using extmapper simplemap for cells of type $or.
No more expansions possible.
<suppressed ~1763 debug messages>

14. Executing OPT pass (performing simple optimizations).

14.1. Executing OPT_EXPR pass (perform const folding).
Optimizing module top.
Couldn't topologically sort cells, optimizing module top may take a longer time.
Couldn't topologically sort cells, optimizing module top may take a longer time.
Couldn't topologically sort cells, optimizing module top may take a longer time.
<suppressed ~1268 debug messages>

14.2. Executing OPT_MERGE pass (detect identical cells).
Finding identical cells in module `\top'.
Computing hashes of 17234 cells of `\top'.
Finding duplicate cells in `\top'.
Computing hashes of 17048 cells of `\top'.
Finding duplicate cells in `\top'.
<suppressed ~558 debug messages>
Removed a total of 186 cells.

14.3. Executing OPT_MUXTREE pass (detect dead branches in mux trees).
Running muxtree optimizer on module \top..
  Creating internal representation of mux trees.
  No muxes found in this module.
Removed 0 multiplexer ports.

14.4. Executing OPT_REDUCE pass (consolidate $*mux and $reduce_* inputs).
  Optimizing cells in module \top.
Performed a total of 0 changes.

14.5. Executing OPT_MERGE pass (detect identical cells).
Finding identical cells in module `\top'.
Computing hashes of 17048 cells of `\top'.
Finding duplicate cells in `\top'.
Removed a total of 0 cells.

14.6. Executing OPT_DFF pass (perform DFF optimizations).
Adding SRST signal on $auto$ff.cc:337:slice$15919 ($_DFF_P_) from module top (D = $flatten\Trojan.$xor$/home/shreya/HT_detection_GNN/trusthub/AES_unzipped/AES-T900/AES-T900/src/TjIn/TSC.v:38$3_Y, Q = \Trojan.load [7], rval = 1'0).
Adding SRST signal on $auto$ff.cc:337:slice$15927 ($_DFF_P_) from module top (D = $flatten\Trojan.$xor$/home/shreya/HT_detection_GNN/trusthub/AES_unzipped/AES-T900/AES-T900/src/TjIn/TSC.v:47$11_Y, Q = \Trojan.load [15], rval = 1'0).
Adding SRST signal on $auto$ff.cc:337:slice$15935 ($_DFF_P_) from module top (D = $flatten\Trojan.$xor$/home/shreya/HT_detection_GNN/trusthub/AES_unzipped/AES-T900/AES-T900/src/TjIn/TSC.v:56$19_Y, Q = \Trojan.load [23], rval = 1'0).
Adding SRST signal on $auto$ff.cc:337:slice$15943 ($_DFF_P_) from module top (D = $flatten\Trojan.$xor$/home/shreya/HT_detection_GNN/trusthub/AES_unzipped/AES-T900/AES-T900/src/TjIn/TSC.v:65$27_Y, Q = \Trojan.load [31], rval = 1'0).
Adding SRST signal on $auto$ff.cc:337:slice$15951 ($_DFF_P_) from module top (D = $flatten\Trojan.$xor$/home/shreya/HT_detection_GNN/trusthub/AES_unzipped/AES-T900/AES-T900/src/TjIn/TSC.v:74$35_Y, Q = \Trojan.load [39], rval = 1'0).
Adding SRST signal on $auto$ff.cc:337:slice$15959 ($_DFF_P_) from module top (D = $flatten\Trojan.$xor$/home/shreya/HT_detection_GNN/trusthub/AES_unzipped/AES-T900/AES-T900/src/TjIn/TSC.v:83$43_Y, Q = \Trojan.load [47], rval = 1'0).
Adding SRST signal on $auto$ff.cc:337:slice$15967 ($_DFF_P_) from module top (D = $flatten\Trojan.$xor$/home/shreya/HT_detection_GNN/trusthub/AES_unzipped/AES-T900/AES-T900/src/TjIn/TSC.v:92$51_Y, Q = \Trojan.load [55], rval = 1'0).
Adding SRST signal on $auto$ff.cc:337:slice$15974 ($_DFF_P_) from module top (D = $flatten\Trojan.$xor$/home/shreya/HT_detection_GNN/trusthub/AES_unzipped/AES-T900/AES-T900/src/TjIn/TSC.v:101$59_Y, Q = \Trojan.load [62], rval = 1'0).

14.7. Executing OPT_CLEAN pass (remove unused cells and wires).
Finding unused cells or wires in module \top..
Removed 15 unused cells and 422 unused wires.
<suppressed ~16 debug messages>

14.8. Executing OPT_EXPR pass (perform const folding).
Optimizing module top.
Couldn't topologically sort cells, optimizing module top may take a longer time.
Couldn't topologically sort cells, optimizing module top may take a longer time.

14.9. Rerunning OPT passes. (Maybe there is more to do..)

14.10. Executing OPT_MUXTREE pass (detect dead branches in mux trees).
Running muxtree optimizer on module \top..
  Creating internal representation of mux trees.
  No muxes found in this module.
Removed 0 multiplexer ports.

14.11. Executing OPT_REDUCE pass (consolidate $*mux and $reduce_* inputs).
  Optimizing cells in module \top.
Performed a total of 0 changes.

14.12. Executing OPT_MERGE pass (detect identical cells).
Finding identical cells in module `\top'.
Computing hashes of 17033 cells of `\top'.
Finding duplicate cells in `\top'.
Removed a total of 0 cells.

14.13. Executing OPT_DFF pass (perform DFF optimizations).

14.14. Executing OPT_CLEAN pass (remove unused cells and wires).
Finding unused cells or wires in module \top..

14.15. Executing OPT_EXPR pass (perform const folding).
Optimizing module top.
Couldn't topologically sort cells, optimizing module top may take a longer time.
Couldn't topologically sort cells, optimizing module top may take a longer time.

14.16. Finished fast OPT passes. (There is nothing left to do.)

15. Executing ABC pass (technology mapping using ABC).

15.1. Extracting gate netlist of module `\top' to `<abc-temp-dir>/input.blif'..
Breaking loop using new signal $abcloop$18636$0: \Trigger.Counter [14] -> $techmap$flatten\Trigger.$add$/home/shreya/HT_detection_GNN/trusthub/AES_unzipped/AES-T900/AES-T900/src/TjIn/Trojan_Trigger.v:35$69.$auto$alumacc.cc:548:replace_alu$15743.Y [14]
                                                 \Trigger.Counter [14] -> $techmap$flatten\Trigger.$add$/home/shreya/HT_detection_GNN/trusthub/AES_unzipped/AES-T900/AES-T900/src/TjIn/Trojan_Trigger.v:35$69.$auto$alumacc.cc:548:replace_alu$15743.CO [14]
                                                 \Trigger.Counter [14] -> $techmap$techmap$flatten\Trigger.$add$/home/shreya/HT_detection_GNN/trusthub/AES_unzipped/AES-T900/AES-T900/src/TjIn/Trojan_Trigger.v:35$69.$auto$alumacc.cc:548:replace_alu$15743.lcu.$and$/home/shreya/oss-cad-suite/lib/../share/yosys/techmap.v:241$16267_Y
                                                 \Trigger.Counter [14] -> $auto$rtlil.cc:3488:NotGate$18599
Breaking loop using new signal $abcloop$18636$1: \Trigger.Counter [118] -> $techmap$techmap$flatten\Trigger.$add$/home/shreya/HT_detection_GNN/trusthub/AES_unzipped/AES-T900/AES-T900/src/TjIn/Trojan_Trigger.v:35$69.$auto$alumacc.cc:548:replace_alu$15743.lcu.$and$/home/shreya/oss-cad-suite/lib/../share/yosys/techmap.v:241$16423_Y
                                                 \Trigger.Counter [118] -> $techmap$flatten\Trigger.$add$/home/shreya/HT_detection_GNN/trusthub/AES_unzipped/AES-T900/AES-T900/src/TjIn/Trojan_Trigger.v:35$69.$auto$alumacc.cc:548:replace_alu$15743.Y [118]
                                                 \Trigger.Counter [118] -> $auto$rtlil.cc:3488:NotGate$18391
                                                 \Trigger.Counter [118] -> $techmap$flatten\Trigger.$add$/home/shreya/HT_detection_GNN/trusthub/AES_unzipped/AES-T900/AES-T900/src/TjIn/Trojan_Trigger.v:35$69.$auto$alumacc.cc:548:replace_alu$15743.CO [118]
Breaking loop using new signal $abcloop$18636$2: \Trigger.Counter [8] -> $techmap$flatten\Trigger.$add$/home/shreya/HT_detection_GNN/trusthub/AES_unzipped/AES-T900/AES-T900/src/TjIn/Trojan_Trigger.v:35$69.$auto$alumacc.cc:548:replace_alu$15743.Y [8]
                                                 \Trigger.Counter [8] -> $auto$rtlil.cc:3488:NotGate$18611
                                                 \Trigger.Counter [8] -> $techmap$flatten\Trigger.$add$/home/shreya/HT_detection_GNN/trusthub/AES_unzipped/AES-T900/AES-T900/src/TjIn/Trojan_Trigger.v:35$69.$auto$alumacc.cc:548:replace_alu$15743.CO [8]
                                                 \Trigger.Counter [8] -> $techmap$techmap$flatten\Trigger.$add$/home/shreya/HT_detection_GNN/trusthub/AES_unzipped/AES-T900/AES-T900/src/TjIn/Trojan_Trigger.v:35$69.$auto$alumacc.cc:548:replace_alu$15743.lcu.$and$/home/shreya/oss-cad-suite/lib/../share/yosys/techmap.v:241$16258_Y
Breaking loop using new signal $abcloop$18636$3: \Trigger.Counter [70] -> $techmap$flatten\Trigger.$add$/home/shreya/HT_detection_GNN/trusthub/AES_unzipped/AES-T900/AES-T900/src/TjIn/Trojan_Trigger.v:35$69.$auto$alumacc.cc:548:replace_alu$15743.Y [70]
                                                 \Trigger.Counter [70] -> $auto$rtlil.cc:3488:NotGate$18487
                                                 \Trigger.Counter [70] -> $techmap$techmap$flatten\Trigger.$add$/home/shreya/HT_detection_GNN/trusthub/AES_unzipped/AES-T900/AES-T900/src/TjIn/Trojan_Trigger.v:35$69.$auto$alumacc.cc:548:replace_alu$15743.lcu.$and$/home/shreya/oss-cad-suite/lib/../share/yosys/techmap.v:241$16351_Y
                                                 \Trigger.Counter [70] -> $techmap$flatten\Trigger.$add$/home/shreya/HT_detection_GNN/trusthub/AES_unzipped/AES-T900/AES-T900/src/TjIn/Trojan_Trigger.v:35$69.$auto$alumacc.cc:548:replace_alu$15743.CO [70]
Breaking loop using new signal $abcloop$18636$4: \Trigger.Counter [104] -> $techmap$techmap$flatten\Trigger.$add$/home/shreya/HT_detection_GNN/trusthub/AES_unzipped/AES-T900/AES-T900/src/TjIn/Trojan_Trigger.v:35$69.$auto$alumacc.cc:548:replace_alu$15743.lcu.$and$/home/shreya/oss-cad-suite/lib/../share/yosys/techmap.v:241$16402_Y
                                                 \Trigger.Counter [104] -> $techmap$flatten\Trigger.$add$/home/shreya/HT_detection_GNN/trusthub/AES_unzipped/AES-T900/AES-T900/src/TjIn/Trojan_Trigger.v:35$69.$auto$alumacc.cc:548:replace_alu$15743.Y [104]
                                                 \Trigger.Counter [104] -> $auto$rtlil.cc:3488:NotGate$18419
                                                 \Trigger.Counter [104] -> $techmap$flatten\Trigger.$add$/home/shreya/HT_detection_GNN/trusthub/AES_unzipped/AES-T900/AES-T900/src/TjIn/Trojan_Trigger.v:35$69.$auto$alumacc.cc:548:replace_alu$15743.CO [104]
Breaking loop using new signal $abcloop$18636$5: \Trigger.Counter [100] -> $auto$rtlil.cc:3488:NotGate$18427
                                                 \Trigger.Counter [100] -> $techmap$techmap$flatten\Trigger.$add$/home/shreya/HT_detection_GNN/trusthub/AES_unzipped/AES-T900/AES-T900/src/TjIn/Trojan_Trigger.v:35$69.$auto$alumacc.cc:548:replace_alu$15743.lcu.$and$/home/shreya/oss-cad-suite/lib/../share/yosys/techmap.v:241$16396_Y
                                                 \Trigger.Counter [100] -> $techmap$flatten\Trigger.$add$/home/shreya/HT_detection_GNN/trusthub/AES_unzipped/AES-T900/AES-T900/src/TjIn/Trojan_Trigger.v:35$69.$auto$alumacc.cc:548:replace_alu$15743.Y [100]
                                                 \Trigger.Counter [100] -> $techmap$flatten\Trigger.$add$/home/shreya/HT_detection_GNN/trusthub/AES_unzipped/AES-T900/AES-T900/src/TjIn/Trojan_Trigger.v:35$69.$auto$alumacc.cc:548:replace_alu$15743.CO [100]
Breaking loop using new signal $abcloop$18636$6: \Trigger.Counter [4] -> $techmap$flatten\Trigger.$add$/home/shreya/HT_detection_GNN/trusthub/AES_unzipped/AES-T900/AES-T900/src/TjIn/Trojan_Trigger.v:35$69.$auto$alumacc.cc:548:replace_alu$15743.Y [4]
                                                 \Trigger.Counter [4] -> $auto$rtlil.cc:3488:NotGate$18619
                                                 \Trigger.Counter [4] -> $techmap$flatten\Trigger.$add$/home/shreya/HT_detection_GNN/trusthub/AES_unzipped/AES-T900/AES-T900/src/TjIn/Trojan_Trigger.v:35$69.$auto$alumacc.cc:548:replace_alu$15743.CO [4]
                                                 \Trigger.Counter [4] -> $techmap$techmap$flatten\Trigger.$add$/home/shreya/HT_detection_GNN/trusthub/AES_unzipped/AES-T900/AES-T900/src/TjIn/Trojan_Trigger.v:35$69.$auto$alumacc.cc:548:replace_alu$15743.lcu.$and$/home/shreya/oss-cad-suite/lib/../share/yosys/techmap.v:241$16252_Y
Breaking loop using new signal $abcloop$18636$7: \Trigger.Counter [6] -> $auto$rtlil.cc:3488:NotGate$18615
                                                 \Trigger.Counter [6] -> $techmap$flatten\Trigger.$add$/home/shreya/HT_detection_GNN/trusthub/AES_unzipped/AES-T900/AES-T900/src/TjIn/Trojan_Trigger.v:35$69.$auto$alumacc.cc:548:replace_alu$15743.CO [6]
                                                 \Trigger.Counter [6] -> $techmap$flatten\Trigger.$add$/home/shreya/HT_detection_GNN/trusthub/AES_unzipped/AES-T900/AES-T900/src/TjIn/Trojan_Trigger.v:35$69.$auto$alumacc.cc:548:replace_alu$15743.Y [6]
                                                 \Trigger.Counter [6] -> $techmap$techmap$flatten\Trigger.$add$/home/shreya/HT_detection_GNN/trusthub/AES_unzipped/AES-T900/AES-T900/src/TjIn/Trojan_Trigger.v:35$69.$auto$alumacc.cc:548:replace_alu$15743.lcu.$and$/home/shreya/oss-cad-suite/lib/../share/yosys/techmap.v:241$16255_Y
Breaking loop using new signal $abcloop$18636$8: \Trigger.Counter [58] -> $techmap$flatten\Trigger.$add$/home/shreya/HT_detection_GNN/trusthub/AES_unzipped/AES-T900/AES-T900/src/TjIn/Trojan_Trigger.v:35$69.$auto$alumacc.cc:548:replace_alu$15743.CO [58]
                                                 \Trigger.Counter [58] -> $techmap$techmap$flatten\Trigger.$add$/home/shreya/HT_detection_GNN/trusthub/AES_unzipped/AES-T900/AES-T900/src/TjIn/Trojan_Trigger.v:35$69.$auto$alumacc.cc:548:replace_alu$15743.lcu.$and$/home/shreya/oss-cad-suite/lib/../share/yosys/techmap.v:241$16333_Y
                                                 \Trigger.Counter [58] -> $auto$rtlil.cc:3488:NotGate$18511
                                                 \Trigger.Counter [58] -> $techmap$flatten\Trigger.$add$/home/shreya/HT_detection_GNN/trusthub/AES_unzipped/AES-T900/AES-T900/src/TjIn/Trojan_Trigger.v:35$69.$auto$alumacc.cc:548:replace_alu$15743.Y [58]
Breaking loop using new signal $abcloop$18636$9: \Trigger.Counter [66] -> $techmap$flatten\Trigger.$add$/home/shreya/HT_detection_GNN/trusthub/AES_unzipped/AES-T900/AES-T900/src/TjIn/Trojan_Trigger.v:35$69.$auto$alumacc.cc:548:replace_alu$15743.CO [66]
                                                 \Trigger.Counter [66] -> $techmap$flatten\Trigger.$add$/home/shreya/HT_detection_GNN/trusthub/AES_unzipped/AES-T900/AES-T900/src/TjIn/Trojan_Trigger.v:35$69.$auto$alumacc.cc:548:replace_alu$15743.Y [66]
                                                 \Trigger.Counter [66] -> $auto$rtlil.cc:3488:NotGate$18495
                                                 \Trigger.Counter [66] -> $techmap$techmap$flatten\Trigger.$add$/home/shreya/HT_detection_GNN/trusthub/AES_unzipped/AES-T900/AES-T900/src/TjIn/Trojan_Trigger.v:35$69.$auto$alumacc.cc:548:replace_alu$15743.lcu.$and$/home/shreya/oss-cad-suite/lib/../share/yosys/techmap.v:241$16345_Y
Breaking loop using new signal $abcloop$18636$10: \Trigger.Counter [80] -> $techmap$techmap$flatten\Trigger.$add$/home/shreya/HT_detection_GNN/trusthub/AES_unzipped/AES-T900/AES-T900/src/TjIn/Trojan_Trigger.v:35$69.$auto$alumacc.cc:548:replace_alu$15743.lcu.$and$/home/shreya/oss-cad-suite/lib/../share/yosys/techmap.v:241$16366_Y
                                                  \Trigger.Counter [80] -> $techmap$flatten\Trigger.$add$/home/shreya/HT_detection_GNN/trusthub/AES_unzipped/AES-T900/AES-T900/src/TjIn/Trojan_Trigger.v:35$69.$auto$alumacc.cc:548:replace_alu$15743.Y [80]
                                                  \Trigger.Counter [80] -> $auto$rtlil.cc:3488:NotGate$18467
                                                  \Trigger.Counter [80] -> $techmap$flatten\Trigger.$add$/home/shreya/HT_detection_GNN/trusthub/AES_unzipped/AES-T900/AES-T900/src/TjIn/Trojan_Trigger.v:35$69.$auto$alumacc.cc:548:replace_alu$15743.CO [80]
Breaking loop using new signal $abcloop$18636$11: \Trigger.Counter [120] -> $auto$rtlil.cc:3488:NotGate$18387
                                                  \Trigger.Counter [120] -> $techmap$flatten\Trigger.$add$/home/shreya/HT_detection_GNN/trusthub/AES_unzipped/AES-T900/AES-T900/src/TjIn/Trojan_Trigger.v:35$69.$auto$alumacc.cc:548:replace_alu$15743.CO [120]
                                                  \Trigger.Counter [120] -> $techmap$flatten\Trigger.$add$/home/shreya/HT_detection_GNN/trusthub/AES_unzipped/AES-T900/AES-T900/src/TjIn/Trojan_Trigger.v:35$69.$auto$alumacc.cc:548:replace_alu$15743.Y [120]
                                                  \Trigger.Counter [120] -> $techmap$techmap$flatten\Trigger.$add$/home/shreya/HT_detection_GNN/trusthub/AES_unzipped/AES-T900/AES-T900/src/TjIn/Trojan_Trigger.v:35$69.$auto$alumacc.cc:548:replace_alu$15743.lcu.$and$/home/shreya/oss-cad-suite/lib/../share/yosys/techmap.v:241$16426_Y
Breaking loop using new signal $abcloop$18636$12: \Trigger.Counter [86] -> $auto$rtlil.cc:3488:NotGate$18455
                                                  \Trigger.Counter [86] -> $techmap$flatten\Trigger.$add$/home/shreya/HT_detection_GNN/trusthub/AES_unzipped/AES-T900/AES-T900/src/TjIn/Trojan_Trigger.v:35$69.$auto$alumacc.cc:548:replace_alu$15743.Y [86]
                                                  \Trigger.Counter [86] -> $techmap$flatten\Trigger.$add$/home/shreya/HT_detection_GNN/trusthub/AES_unzipped/AES-T900/AES-T900/src/TjIn/Trojan_Trigger.v:35$69.$auto$alumacc.cc:548:replace_alu$15743.CO [86]
                                                  \Trigger.Counter [86] -> $techmap$techmap$flatten\Trigger.$add$/home/shreya/HT_detection_GNN/trusthub/AES_unzipped/AES-T900/AES-T900/src/TjIn/Trojan_Trigger.v:35$69.$auto$alumacc.cc:548:replace_alu$15743.lcu.$and$/home/shreya/oss-cad-suite/lib/../share/yosys/techmap.v:241$16375_Y
Breaking loop using new signal $abcloop$18636$13: \Trigger.Counter [10] -> $techmap$flatten\Trigger.$add$/home/shreya/HT_detection_GNN/trusthub/AES_unzipped/AES-T900/AES-T900/src/TjIn/Trojan_Trigger.v:35$69.$auto$alumacc.cc:548:replace_alu$15743.Y [10]
                                                  \Trigger.Counter [10] -> $auto$rtlil.cc:3488:NotGate$18607
                                                  \Trigger.Counter [10] -> $techmap$techmap$flatten\Trigger.$add$/home/shreya/HT_detection_GNN/trusthub/AES_unzipped/AES-T900/AES-T900/src/TjIn/Trojan_Trigger.v:35$69.$auto$alumacc.cc:548:replace_alu$15743.lcu.$and$/home/shreya/oss-cad-suite/lib/../share/yosys/techmap.v:241$16261_Y
                                                  \Trigger.Counter [10] -> $techmap$flatten\Trigger.$add$/home/shreya/HT_detection_GNN/trusthub/AES_unzipped/AES-T900/AES-T900/src/TjIn/Trojan_Trigger.v:35$69.$auto$alumacc.cc:548:replace_alu$15743.CO [10]
Breaking loop using new signal $abcloop$18636$14: \Trigger.Counter [64] -> $techmap$flatten\Trigger.$add$/home/shreya/HT_detection_GNN/trusthub/AES_unzipped/AES-T900/AES-T900/src/TjIn/Trojan_Trigger.v:35$69.$auto$alumacc.cc:548:replace_alu$15743.CO [64]
                                                  \Trigger.Counter [64] -> $auto$rtlil.cc:3488:NotGate$18499
                                                  \Trigger.Counter [64] -> $techmap$techmap$flatten\Trigger.$add$/home/shreya/HT_detection_GNN/trusthub/AES_unzipped/AES-T900/AES-T900/src/TjIn/Trojan_Trigger.v:35$69.$auto$alumacc.cc:548:replace_alu$15743.lcu.$and$/home/shreya/oss-cad-suite/lib/../share/yosys/techmap.v:241$16342_Y
                                                  \Trigger.Counter [64] -> $techmap$flatten\Trigger.$add$/home/shreya/HT_detection_GNN/trusthub/AES_unzipped/AES-T900/AES-T900/src/TjIn/Trojan_Trigger.v:35$69.$auto$alumacc.cc:548:replace_alu$15743.Y [64]
Breaking loop using new signal $abcloop$18636$15: \Trigger.Counter [122] -> $techmap$flatten\Trigger.$add$/home/shreya/HT_detection_GNN/trusthub/AES_unzipped/AES-T900/AES-T900/src/TjIn/Trojan_Trigger.v:35$69.$auto$alumacc.cc:548:replace_alu$15743.Y [122]
                                                  \Trigger.Counter [122] -> $auto$rtlil.cc:3488:NotGate$18383
                                                  \Trigger.Counter [122] -> $techmap$techmap$flatten\Trigger.$add$/home/shreya/HT_detection_GNN/trusthub/AES_unzipped/AES-T900/AES-T900/src/TjIn/Trojan_Trigger.v:35$69.$auto$alumacc.cc:548:replace_alu$15743.lcu.$and$/home/shreya/oss-cad-suite/lib/../share/yosys/techmap.v:241$16429_Y
                                                  \Trigger.Counter [122] -> $techmap$flatten\Trigger.$add$/home/shreya/HT_detection_GNN/trusthub/AES_unzipped/AES-T900/AES-T900/src/TjIn/Trojan_Trigger.v:35$69.$auto$alumacc.cc:548:replace_alu$15743.CO [122]
Breaking loop using new signal $abcloop$18636$16: \Trigger.Counter [108] -> $techmap$flatten\Trigger.$add$/home/shreya/HT_detection_GNN/trusthub/AES_unzipped/AES-T900/AES-T900/src/TjIn/Trojan_Trigger.v:35$69.$auto$alumacc.cc:548:replace_alu$15743.CO [108]
                                                  \Trigger.Counter [108] -> $auto$rtlil.cc:3488:NotGate$18411
                                                  \Trigger.Counter [108] -> $techmap$techmap$flatten\Trigger.$add$/home/shreya/HT_detection_GNN/trusthub/AES_unzipped/AES-T900/AES-T900/src/TjIn/Trojan_Trigger.v:35$69.$auto$alumacc.cc:548:replace_alu$15743.lcu.$and$/home/shreya/oss-cad-suite/lib/../share/yosys/techmap.v:241$16408_Y
                                                  \Trigger.Counter [108] -> $techmap$flatten\Trigger.$add$/home/shreya/HT_detection_GNN/trusthub/AES_unzipped/AES-T900/AES-T900/src/TjIn/Trojan_Trigger.v:35$69.$auto$alumacc.cc:548:replace_alu$15743.Y [108]
Breaking loop using new signal $abcloop$18636$17: \Trigger.Counter [102] -> $techmap$flatten\Trigger.$add$/home/shreya/HT_detection_GNN/trusthub/AES_unzipped/AES-T900/AES-T900/src/TjIn/Trojan_Trigger.v:35$69.$auto$alumacc.cc:548:replace_alu$15743.CO [102]
                                                  \Trigger.Counter [102] -> $auto$rtlil.cc:3488:NotGate$18423
                                                  \Trigger.Counter [102] -> $techmap$techmap$flatten\Trigger.$add$/home/shreya/HT_detection_GNN/trusthub/AES_unzipped/AES-T900/AES-T900/src/TjIn/Trojan_Trigger.v:35$69.$auto$alumacc.cc:548:replace_alu$15743.lcu.$and$/home/shreya/oss-cad-suite/lib/../share/yosys/techmap.v:241$16399_Y
                                                  \Trigger.Counter [102] -> $techmap$flatten\Trigger.$add$/home/shreya/HT_detection_GNN/trusthub/AES_unzipped/AES-T900/AES-T900/src/TjIn/Trojan_Trigger.v:35$69.$auto$alumacc.cc:548:replace_alu$15743.Y [102]
Breaking loop using new signal $abcloop$18636$18: \Trigger.Counter [84] -> $techmap$flatten\Trigger.$add$/home/shreya/HT_detection_GNN/trusthub/AES_unzipped/AES-T900/AES-T900/src/TjIn/Trojan_Trigger.v:35$69.$auto$alumacc.cc:548:replace_alu$15743.CO [84]
                                                  \Trigger.Counter [84] -> $auto$rtlil.cc:3488:NotGate$18459
                                                  \Trigger.Counter [84] -> $techmap$techmap$flatten\Trigger.$add$/home/shreya/HT_detection_GNN/trusthub/AES_unzipped/AES-T900/AES-T900/src/TjIn/Trojan_Trigger.v:35$69.$auto$alumacc.cc:548:replace_alu$15743.lcu.$and$/home/shreya/oss-cad-suite/lib/../share/yosys/techmap.v:241$16372_Y
                                                  \Trigger.Counter [84] -> $techmap$flatten\Trigger.$add$/home/shreya/HT_detection_GNN/trusthub/AES_unzipped/AES-T900/AES-T900/src/TjIn/Trojan_Trigger.v:35$69.$auto$alumacc.cc:548:replace_alu$15743.Y [84]
Breaking loop using new signal $abcloop$18636$19: \Trigger.Counter [12] -> $techmap$flatten\Trigger.$add$/home/shreya/HT_detection_GNN/trusthub/AES_unzipped/AES-T900/AES-T900/src/TjIn/Trojan_Trigger.v:35$69.$auto$alumacc.cc:548:replace_alu$15743.CO [12]
                                                  \Trigger.Counter [12] -> $auto$rtlil.cc:3488:NotGate$18603
                                                  \Trigger.Counter [12] -> $techmap$techmap$flatten\Trigger.$add$/home/shreya/HT_detection_GNN/trusthub/AES_unzipped/AES-T900/AES-T900/src/TjIn/Trojan_Trigger.v:35$69.$auto$alumacc.cc:548:replace_alu$15743.lcu.$and$/home/shreya/oss-cad-suite/lib/../share/yosys/techmap.v:241$16264_Y
                                                  \Trigger.Counter [12] -> $techmap$flatten\Trigger.$add$/home/shreya/HT_detection_GNN/trusthub/AES_unzipped/AES-T900/AES-T900/src/TjIn/Trojan_Trigger.v:35$69.$auto$alumacc.cc:548:replace_alu$15743.Y [12]
Breaking loop using new signal $abcloop$18636$20: \Trigger.Counter [2] -> $techmap$techmap$flatten\Trigger.$add$/home/shreya/HT_detection_GNN/trusthub/AES_unzipped/AES-T900/AES-T900/src/TjIn/Trojan_Trigger.v:35$69.$auto$alumacc.cc:548:replace_alu$15743.lcu.$and$/home/shreya/oss-cad-suite/lib/../share/yosys/techmap.v:241$16249_Y
                                                  \Trigger.Counter [2] -> $auto$rtlil.cc:3488:NotGate$18623
                                                  \Trigger.Counter [2] -> $techmap$flatten\Trigger.$add$/home/shreya/HT_detection_GNN/trusthub/AES_unzipped/AES-T900/AES-T900/src/TjIn/Trojan_Trigger.v:35$69.$auto$alumacc.cc:548:replace_alu$15743.Y [2]
                                                  \Trigger.Counter [2] -> $techmap$flatten\Trigger.$add$/home/shreya/HT_detection_GNN/trusthub/AES_unzipped/AES-T900/AES-T900/src/TjIn/Trojan_Trigger.v:35$69.$auto$alumacc.cc:548:replace_alu$15743.CO [2]
Breaking loop using new signal $abcloop$18636$21: \Trigger.Counter [90] -> $auto$rtlil.cc:3488:NotGate$18447
                                                  \Trigger.Counter [90] -> $techmap$flatten\Trigger.$add$/home/shreya/HT_detection_GNN/trusthub/AES_unzipped/AES-T900/AES-T900/src/TjIn/Trojan_Trigger.v:35$69.$auto$alumacc.cc:548:replace_alu$15743.CO [90]
                                                  \Trigger.Counter [90] -> $techmap$flatten\Trigger.$add$/home/shreya/HT_detection_GNN/trusthub/AES_unzipped/AES-T900/AES-T900/src/TjIn/Trojan_Trigger.v:35$69.$auto$alumacc.cc:548:replace_alu$15743.Y [90]
                                                  \Trigger.Counter [90] -> $techmap$techmap$flatten\Trigger.$add$/home/shreya/HT_detection_GNN/trusthub/AES_unzipped/AES-T900/AES-T900/src/TjIn/Trojan_Trigger.v:35$69.$auto$alumacc.cc:548:replace_alu$15743.lcu.$and$/home/shreya/oss-cad-suite/lib/../share/yosys/techmap.v:241$16381_Y
Breaking loop using new signal $abcloop$18636$22: \Trigger.Counter [60] -> $techmap$flatten\Trigger.$add$/home/shreya/HT_detection_GNN/trusthub/AES_unzipped/AES-T900/AES-T900/src/TjIn/Trojan_Trigger.v:35$69.$auto$alumacc.cc:548:replace_alu$15743.Y [60]
                                                  \Trigger.Counter [60] -> $auto$rtlil.cc:3488:NotGate$18507
                                                  \Trigger.Counter [60] -> $techmap$flatten\Trigger.$add$/home/shreya/HT_detection_GNN/trusthub/AES_unzipped/AES-T900/AES-T900/src/TjIn/Trojan_Trigger.v:35$69.$auto$alumacc.cc:548:replace_alu$15743.CO [60]
                                                  \Trigger.Counter [60] -> $techmap$techmap$flatten\Trigger.$add$/home/shreya/HT_detection_GNN/trusthub/AES_unzipped/AES-T900/AES-T900/src/TjIn/Trojan_Trigger.v:35$69.$auto$alumacc.cc:548:replace_alu$15743.lcu.$and$/home/shreya/oss-cad-suite/lib/../share/yosys/techmap.v:241$16336_Y
Breaking loop using new signal $abcloop$18636$23: \Trigger.Counter [68] -> $auto$rtlil.cc:3488:NotGate$18491
                                                  \Trigger.Counter [68] -> $techmap$flatten\Trigger.$add$/home/shreya/HT_detection_GNN/trusthub/AES_unzipped/AES-T900/AES-T900/src/TjIn/Trojan_Trigger.v:35$69.$auto$alumacc.cc:548:replace_alu$15743.Y [68]
                                                  \Trigger.Counter [68] -> $techmap$flatten\Trigger.$add$/home/shreya/HT_detection_GNN/trusthub/AES_unzipped/AES-T900/AES-T900/src/TjIn/Trojan_Trigger.v:35$69.$auto$alumacc.cc:548:replace_alu$15743.CO [68]
                                                  \Trigger.Counter [68] -> $techmap$techmap$flatten\Trigger.$add$/home/shreya/HT_detection_GNN/trusthub/AES_unzipped/AES-T900/AES-T900/src/TjIn/Trojan_Trigger.v:35$69.$auto$alumacc.cc:548:replace_alu$15743.lcu.$and$/home/shreya/oss-cad-suite/lib/../share/yosys/techmap.v:241$16348_Y
Breaking loop using new signal $abcloop$18636$24: \Trigger.Counter [112] -> $techmap$flatten\Trigger.$add$/home/shreya/HT_detection_GNN/trusthub/AES_unzipped/AES-T900/AES-T900/src/TjIn/Trojan_Trigger.v:35$69.$auto$alumacc.cc:548:replace_alu$15743.CO [112]
                                                  \Trigger.Counter [112] -> $auto$rtlil.cc:3488:NotGate$18403
                                                  \Trigger.Counter [112] -> $techmap$flatten\Trigger.$add$/home/shreya/HT_detection_GNN/trusthub/AES_unzipped/AES-T900/AES-T900/src/TjIn/Trojan_Trigger.v:35$69.$auto$alumacc.cc:548:replace_alu$15743.Y [112]
                                                  \Trigger.Counter [112] -> $techmap$techmap$flatten\Trigger.$add$/home/shreya/HT_detection_GNN/trusthub/AES_unzipped/AES-T900/AES-T900/src/TjIn/Trojan_Trigger.v:35$69.$auto$alumacc.cc:548:replace_alu$15743.lcu.$and$/home/shreya/oss-cad-suite/lib/../share/yosys/techmap.v:241$16414_Y
Breaking loop using new signal $abcloop$18636$25: \Trigger.Counter [110] -> $techmap$flatten\Trigger.$add$/home/shreya/HT_detection_GNN/trusthub/AES_unzipped/AES-T900/AES-T900/src/TjIn/Trojan_Trigger.v:35$69.$auto$alumacc.cc:548:replace_alu$15743.CO [110]
                                                  \Trigger.Counter [110] -> $auto$rtlil.cc:3488:NotGate$18407
                                                  \Trigger.Counter [110] -> $techmap$techmap$flatten\Trigger.$add$/home/shreya/HT_detection_GNN/trusthub/AES_unzipped/AES-T900/AES-T900/src/TjIn/Trojan_Trigger.v:35$69.$auto$alumacc.cc:548:replace_alu$15743.lcu.$and$/home/shreya/oss-cad-suite/lib/../share/yosys/techmap.v:241$16411_Y
                                                  \Trigger.Counter [110] -> $techmap$flatten\Trigger.$add$/home/shreya/HT_detection_GNN/trusthub/AES_unzipped/AES-T900/AES-T900/src/TjIn/Trojan_Trigger.v:35$69.$auto$alumacc.cc:548:replace_alu$15743.Y [110]
Breaking loop using new signal $abcloop$18636$26: \Trigger.Counter [106] -> $techmap$flatten\Trigger.$add$/home/shreya/HT_detection_GNN/trusthub/AES_unzipped/AES-T900/AES-T900/src/TjIn/Trojan_Trigger.v:35$69.$auto$alumacc.cc:548:replace_alu$15743.Y [106]
                                                  \Trigger.Counter [106] -> $auto$rtlil.cc:3488:NotGate$18415
                                                  \Trigger.Counter [106] -> $techmap$techmap$flatten\Trigger.$add$/home/shreya/HT_detection_GNN/trusthub/AES_unzipped/AES-T900/AES-T900/src/TjIn/Trojan_Trigger.v:35$69.$auto$alumacc.cc:548:replace_alu$15743.lcu.$and$/home/shreya/oss-cad-suite/lib/../share/yosys/techmap.v:241$16405_Y
                                                  \Trigger.Counter [106] -> $techmap$flatten\Trigger.$add$/home/shreya/HT_detection_GNN/trusthub/AES_unzipped/AES-T900/AES-T900/src/TjIn/Trojan_Trigger.v:35$69.$auto$alumacc.cc:548:replace_alu$15743.CO [106]
Breaking loop using new signal $abcloop$18636$27: \Trigger.Counter [76] -> $techmap$flatten\Trigger.$add$/home/shreya/HT_detection_GNN/trusthub/AES_unzipped/AES-T900/AES-T900/src/TjIn/Trojan_Trigger.v:35$69.$auto$alumacc.cc:548:replace_alu$15743.Y [76]
                                                  \Trigger.Counter [76] -> $auto$rtlil.cc:3488:NotGate$18475
                                                  \Trigger.Counter [76] -> $techmap$flatten\Trigger.$add$/home/shreya/HT_detection_GNN/trusthub/AES_unzipped/AES-T900/AES-T900/src/TjIn/Trojan_Trigger.v:35$69.$auto$alumacc.cc:548:replace_alu$15743.CO [76]
                                                  \Trigger.Counter [76] -> $techmap$techmap$flatten\Trigger.$add$/home/shreya/HT_detection_GNN/trusthub/AES_unzipped/AES-T900/AES-T900/src/TjIn/Trojan_Trigger.v:35$69.$auto$alumacc.cc:548:replace_alu$15743.lcu.$and$/home/shreya/oss-cad-suite/lib/../share/yosys/techmap.v:241$16360_Y
Breaking loop using new signal $abcloop$18636$28: \Trigger.Counter [78] -> $techmap$flatten\Trigger.$add$/home/shreya/HT_detection_GNN/trusthub/AES_unzipped/AES-T900/AES-T900/src/TjIn/Trojan_Trigger.v:35$69.$auto$alumacc.cc:548:replace_alu$15743.CO [78]
                                                  \Trigger.Counter [78] -> $auto$rtlil.cc:3488:NotGate$18471
                                                  \Trigger.Counter [78] -> $techmap$flatten\Trigger.$add$/home/shreya/HT_detection_GNN/trusthub/AES_unzipped/AES-T900/AES-T900/src/TjIn/Trojan_Trigger.v:35$69.$auto$alumacc.cc:548:replace_alu$15743.Y [78]
                                                  \Trigger.Counter [78] -> $techmap$techmap$flatten\Trigger.$add$/home/shreya/HT_detection_GNN/trusthub/AES_unzipped/AES-T900/AES-T900/src/TjIn/Trojan_Trigger.v:35$69.$auto$alumacc.cc:548:replace_alu$15743.lcu.$and$/home/shreya/oss-cad-suite/lib/../share/yosys/techmap.v:241$16363_Y
Breaking loop using new signal $abcloop$18636$29: \Trigger.Counter [52] -> $techmap$flatten\Trigger.$add$/home/shreya/HT_detection_GNN/trusthub/AES_unzipped/AES-T900/AES-T900/src/TjIn/Trojan_Trigger.v:35$69.$auto$alumacc.cc:548:replace_alu$15743.Y [52]
                                                  \Trigger.Counter [52] -> $auto$rtlil.cc:3488:NotGate$18523
                                                  \Trigger.Counter [52] -> $techmap$techmap$flatten\Trigger.$add$/home/shreya/HT_detection_GNN/trusthub/AES_unzipped/AES-T900/AES-T900/src/TjIn/Trojan_Trigger.v:35$69.$auto$alumacc.cc:548:replace_alu$15743.lcu.$and$/home/shreya/oss-cad-suite/lib/../share/yosys/techmap.v:241$16324_Y
                                                  \Trigger.Counter [52] -> $techmap$flatten\Trigger.$add$/home/shreya/HT_detection_GNN/trusthub/AES_unzipped/AES-T900/AES-T900/src/TjIn/Trojan_Trigger.v:35$69.$auto$alumacc.cc:548:replace_alu$15743.CO [52]
Breaking loop using new signal $abcloop$18636$30: \Trigger.Counter [56] -> $techmap$techmap$flatten\Trigger.$add$/home/shreya/HT_detection_GNN/trusthub/AES_unzipped/AES-T900/AES-T900/src/TjIn/Trojan_Trigger.v:35$69.$auto$alumacc.cc:548:replace_alu$15743.lcu.$and$/home/shreya/oss-cad-suite/lib/../share/yosys/techmap.v:241$16330_Y
                                                  \Trigger.Counter [56] -> $techmap$flatten\Trigger.$add$/home/shreya/HT_detection_GNN/trusthub/AES_unzipped/AES-T900/AES-T900/src/TjIn/Trojan_Trigger.v:35$69.$auto$alumacc.cc:548:replace_alu$15743.Y [56]
                                                  \Trigger.Counter [56] -> $auto$rtlil.cc:3488:NotGate$18515
                                                  \Trigger.Counter [56] -> $techmap$flatten\Trigger.$add$/home/shreya/HT_detection_GNN/trusthub/AES_unzipped/AES-T900/AES-T900/src/TjIn/Trojan_Trigger.v:35$69.$auto$alumacc.cc:548:replace_alu$15743.CO [56]
Breaking loop using new signal $abcloop$18636$31: \Trigger.Counter [54] -> $techmap$flatten\Trigger.$add$/home/shreya/HT_detection_GNN/trusthub/AES_unzipped/AES-T900/AES-T900/src/TjIn/Trojan_Trigger.v:35$69.$auto$alumacc.cc:548:replace_alu$15743.Y [54]
                                                  \Trigger.Counter [54] -> $techmap$flatten\Trigger.$add$/home/shreya/HT_detection_GNN/trusthub/AES_unzipped/AES-T900/AES-T900/src/TjIn/Trojan_Trigger.v:35$69.$auto$alumacc.cc:548:replace_alu$15743.CO [54]
                                                  \Trigger.Counter [54] -> $auto$rtlil.cc:3488:NotGate$18519
                                                  \Trigger.Counter [54] -> $techmap$techmap$flatten\Trigger.$add$/home/shreya/HT_detection_GNN/trusthub/AES_unzipped/AES-T900/AES-T900/src/TjIn/Trojan_Trigger.v:35$69.$auto$alumacc.cc:548:replace_alu$15743.lcu.$and$/home/shreya/oss-cad-suite/lib/../share/yosys/techmap.v:241$16327_Y
Breaking loop using new signal $abcloop$18636$32: \Trigger.Counter [46] -> $techmap$flatten\Trigger.$add$/home/shreya/HT_detection_GNN/trusthub/AES_unzipped/AES-T900/AES-T900/src/TjIn/Trojan_Trigger.v:35$69.$auto$alumacc.cc:548:replace_alu$15743.Y [46]
                                                  \Trigger.Counter [46] -> $auto$rtlil.cc:3488:NotGate$18535
                                                  \Trigger.Counter [46] -> $techmap$techmap$flatten\Trigger.$add$/home/shreya/HT_detection_GNN/trusthub/AES_unzipped/AES-T900/AES-T900/src/TjIn/Trojan_Trigger.v:35$69.$auto$alumacc.cc:548:replace_alu$15743.lcu.$and$/home/shreya/oss-cad-suite/lib/../share/yosys/techmap.v:241$16315_Y
                                                  \Trigger.Counter [46] -> $techmap$flatten\Trigger.$add$/home/shreya/HT_detection_GNN/trusthub/AES_unzipped/AES-T900/AES-T900/src/TjIn/Trojan_Trigger.v:35$69.$auto$alumacc.cc:548:replace_alu$15743.CO [46]
Breaking loop using new signal $abcloop$18636$33: \Trigger.Counter [82] -> $techmap$techmap$flatten\Trigger.$add$/home/shreya/HT_detection_GNN/trusthub/AES_unzipped/AES-T900/AES-T900/src/TjIn/Trojan_Trigger.v:35$69.$auto$alumacc.cc:548:replace_alu$15743.lcu.$and$/home/shreya/oss-cad-suite/lib/../share/yosys/techmap.v:241$16369_Y
                                                  \Trigger.Counter [82] -> $auto$rtlil.cc:3488:NotGate$18463
                                                  \Trigger.Counter [82] -> $techmap$flatten\Trigger.$add$/home/shreya/HT_detection_GNN/trusthub/AES_unzipped/AES-T900/AES-T900/src/TjIn/Trojan_Trigger.v:35$69.$auto$alumacc.cc:548:replace_alu$15743.Y [82]
                                                  \Trigger.Counter [82] -> $techmap$flatten\Trigger.$add$/home/shreya/HT_detection_GNN/trusthub/AES_unzipped/AES-T900/AES-T900/src/TjIn/Trojan_Trigger.v:35$69.$auto$alumacc.cc:548:replace_alu$15743.CO [82]
Breaking loop using new signal $abcloop$18636$34: \Trigger.Counter [42] -> $auto$rtlil.cc:3488:NotGate$18543
                                                  \Trigger.Counter [42] -> $techmap$flatten\Trigger.$add$/home/shreya/HT_detection_GNN/trusthub/AES_unzipped/AES-T900/AES-T900/src/TjIn/Trojan_Trigger.v:35$69.$auto$alumacc.cc:548:replace_alu$15743.Y [42]
                                                  \Trigger.Counter [42] -> $techmap$techmap$flatten\Trigger.$add$/home/shreya/HT_detection_GNN/trusthub/AES_unzipped/AES-T900/AES-T900/src/TjIn/Trojan_Trigger.v:35$69.$auto$alumacc.cc:548:replace_alu$15743.lcu.$and$/home/shreya/oss-cad-suite/lib/../share/yosys/techmap.v:241$16309_Y
                                                  \Trigger.Counter [42] -> $techmap$flatten\Trigger.$add$/home/shreya/HT_detection_GNN/trusthub/AES_unzipped/AES-T900/AES-T900/src/TjIn/Trojan_Trigger.v:35$69.$auto$alumacc.cc:548:replace_alu$15743.CO [42]
Breaking loop using new signal $abcloop$18636$35: \Trigger.Counter [40] -> $auto$rtlil.cc:3488:NotGate$18547
                                                  \Trigger.Counter [40] -> $techmap$flatten\Trigger.$add$/home/shreya/HT_detection_GNN/trusthub/AES_unzipped/AES-T900/AES-T900/src/TjIn/Trojan_Trigger.v:35$69.$auto$alumacc.cc:548:replace_alu$15743.Y [40]
                                                  \Trigger.Counter [40] -> $techmap$techmap$flatten\Trigger.$add$/home/shreya/HT_detection_GNN/trusthub/AES_unzipped/AES-T900/AES-T900/src/TjIn/Trojan_Trigger.v:35$69.$auto$alumacc.cc:548:replace_alu$15743.lcu.$and$/home/shreya/oss-cad-suite/lib/../share/yosys/techmap.v:241$16306_Y
                                                  \Trigger.Counter [40] -> $techmap$flatten\Trigger.$add$/home/shreya/HT_detection_GNN/trusthub/AES_unzipped/AES-T900/AES-T900/src/TjIn/Trojan_Trigger.v:35$69.$auto$alumacc.cc:548:replace_alu$15743.CO [40]
Breaking loop using new signal $abcloop$18636$36: \Trigger.Counter [38] -> $auto$rtlil.cc:3488:NotGate$18551
                                                  \Trigger.Counter [38] -> $techmap$techmap$flatten\Trigger.$add$/home/shreya/HT_detection_GNN/trusthub/AES_unzipped/AES-T900/AES-T900/src/TjIn/Trojan_Trigger.v:35$69.$auto$alumacc.cc:548:replace_alu$15743.lcu.$and$/home/shreya/oss-cad-suite/lib/../share/yosys/techmap.v:241$16303_Y
                                                  \Trigger.Counter [38] -> $techmap$flatten\Trigger.$add$/home/shreya/HT_detection_GNN/trusthub/AES_unzipped/AES-T900/AES-T900/src/TjIn/Trojan_Trigger.v:35$69.$auto$alumacc.cc:548:replace_alu$15743.Y [38]
                                                  \Trigger.Counter [38] -> $techmap$flatten\Trigger.$add$/home/shreya/HT_detection_GNN/trusthub/AES_unzipped/AES-T900/AES-T900/src/TjIn/Trojan_Trigger.v:35$69.$auto$alumacc.cc:548:replace_alu$15743.CO [38]
Breaking loop using new signal $abcloop$18636$37: \Trigger.Counter [124] -> $techmap$techmap$flatten\Trigger.$add$/home/shreya/HT_detection_GNN/trusthub/AES_unzipped/AES-T900/AES-T900/src/TjIn/Trojan_Trigger.v:35$69.$auto$alumacc.cc:548:replace_alu$15743.lcu.$and$/home/shreya/oss-cad-suite/lib/../share/yosys/techmap.v:241$16432_Y
                                                  \Trigger.Counter [124] -> $auto$rtlil.cc:3488:NotGate$18379
                                                  \Trigger.Counter [124] -> $techmap$flatten\Trigger.$add$/home/shreya/HT_detection_GNN/trusthub/AES_unzipped/AES-T900/AES-T900/src/TjIn/Trojan_Trigger.v:35$69.$auto$alumacc.cc:548:replace_alu$15743.Y [124]
                                                  \Trigger.Counter [124] -> $techmap$flatten\Trigger.$add$/home/shreya/HT_detection_GNN/trusthub/AES_unzipped/AES-T900/AES-T900/src/TjIn/Trojan_Trigger.v:35$69.$auto$alumacc.cc:548:replace_alu$15743.CO [124]
Breaking loop using new signal $abcloop$18636$38: \Trigger.Counter [36] -> $techmap$techmap$flatten\Trigger.$add$/home/shreya/HT_detection_GNN/trusthub/AES_unzipped/AES-T900/AES-T900/src/TjIn/Trojan_Trigger.v:35$69.$auto$alumacc.cc:548:replace_alu$15743.lcu.$and$/home/shreya/oss-cad-suite/lib/../share/yosys/techmap.v:241$16300_Y
                                                  \Trigger.Counter [36] -> $auto$rtlil.cc:3488:NotGate$18555
                                                  \Trigger.Counter [36] -> $techmap$flatten\Trigger.$add$/home/shreya/HT_detection_GNN/trusthub/AES_unzipped/AES-T900/AES-T900/src/TjIn/Trojan_Trigger.v:35$69.$auto$alumacc.cc:548:replace_alu$15743.Y [36]
                                                  \Trigger.Counter [36] -> $techmap$flatten\Trigger.$add$/home/shreya/HT_detection_GNN/trusthub/AES_unzipped/AES-T900/AES-T900/src/TjIn/Trojan_Trigger.v:35$69.$auto$alumacc.cc:548:replace_alu$15743.CO [36]
Breaking loop using new signal $abcloop$18636$39: \Trigger.Counter [62] -> $auto$rtlil.cc:3488:NotGate$18503
                                                  \Trigger.Counter [62] -> $techmap$techmap$flatten\Trigger.$add$/home/shreya/HT_detection_GNN/trusthub/AES_unzipped/AES-T900/AES-T900/src/TjIn/Trojan_Trigger.v:35$69.$auto$alumacc.cc:548:replace_alu$15743.lcu.$and$/home/shreya/oss-cad-suite/lib/../share/yosys/techmap.v:241$16339_Y
                                                  \Trigger.Counter [62] -> $techmap$flatten\Trigger.$add$/home/shreya/HT_detection_GNN/trusthub/AES_unzipped/AES-T900/AES-T900/src/TjIn/Trojan_Trigger.v:35$69.$auto$alumacc.cc:548:replace_alu$15743.CO [62]
                                                  \Trigger.Counter [62] -> $techmap$flatten\Trigger.$add$/home/shreya/HT_detection_GNN/trusthub/AES_unzipped/AES-T900/AES-T900/src/TjIn/Trojan_Trigger.v:35$69.$auto$alumacc.cc:548:replace_alu$15743.Y [62]
Breaking loop using new signal $abcloop$18636$40: \Trigger.Counter [88] -> $auto$rtlil.cc:3488:NotGate$18451
                                                  \Trigger.Counter [88] -> $techmap$techmap$flatten\Trigger.$add$/home/shreya/HT_detection_GNN/trusthub/AES_unzipped/AES-T900/AES-T900/src/TjIn/Trojan_Trigger.v:35$69.$auto$alumacc.cc:548:replace_alu$15743.lcu.$and$/home/shreya/oss-cad-suite/lib/../share/yosys/techmap.v:241$16378_Y
                                                  \Trigger.Counter [88] -> $techmap$flatten\Trigger.$add$/home/shreya/HT_detection_GNN/trusthub/AES_unzipped/AES-T900/AES-T900/src/TjIn/Trojan_Trigger.v:35$69.$auto$alumacc.cc:548:replace_alu$15743.CO [88]
                                                  \Trigger.Counter [88] -> $techmap$flatten\Trigger.$add$/home/shreya/HT_detection_GNN/trusthub/AES_unzipped/AES-T900/AES-T900/src/TjIn/Trojan_Trigger.v:35$69.$auto$alumacc.cc:548:replace_alu$15743.Y [88]
Breaking loop using new signal $abcloop$18636$41: \Trigger.Counter [34] -> $techmap$flatten\Trigger.$add$/home/shreya/HT_detection_GNN/trusthub/AES_unzipped/AES-T900/AES-T900/src/TjIn/Trojan_Trigger.v:35$69.$auto$alumacc.cc:548:replace_alu$15743.Y [34]
                                                  \Trigger.Counter [34] -> $auto$rtlil.cc:3488:NotGate$18559
                                                  \Trigger.Counter [34] -> $techmap$techmap$flatten\Trigger.$add$/home/shreya/HT_detection_GNN/trusthub/AES_unzipped/AES-T900/AES-T900/src/TjIn/Trojan_Trigger.v:35$69.$auto$alumacc.cc:548:replace_alu$15743.lcu.$and$/home/shreya/oss-cad-suite/lib/../share/yosys/techmap.v:241$16297_Y
                                                  \Trigger.Counter [34] -> $techmap$flatten\Trigger.$add$/home/shreya/HT_detection_GNN/trusthub/AES_unzipped/AES-T900/AES-T900/src/TjIn/Trojan_Trigger.v:35$69.$auto$alumacc.cc:548:replace_alu$15743.CO [34]
Breaking loop using new signal $abcloop$18636$42: \Trigger.Counter [96] -> $techmap$techmap$flatten\Trigger.$add$/home/shreya/HT_detection_GNN/trusthub/AES_unzipped/AES-T900/AES-T900/src/TjIn/Trojan_Trigger.v:35$69.$auto$alumacc.cc:548:replace_alu$15743.lcu.$and$/home/shreya/oss-cad-suite/lib/../share/yosys/techmap.v:241$16390_Y
                                                  \Trigger.Counter [96] -> $auto$rtlil.cc:3488:NotGate$18435
                                                  \Trigger.Counter [96] -> $techmap$flatten\Trigger.$add$/home/shreya/HT_detection_GNN/trusthub/AES_unzipped/AES-T900/AES-T900/src/TjIn/Trojan_Trigger.v:35$69.$auto$alumacc.cc:548:replace_alu$15743.Y [96]
                                                  \Trigger.Counter [96] -> $techmap$flatten\Trigger.$add$/home/shreya/HT_detection_GNN/trusthub/AES_unzipped/AES-T900/AES-T900/src/TjIn/Trojan_Trigger.v:35$69.$auto$alumacc.cc:548:replace_alu$15743.CO [96]
Breaking loop using new signal $abcloop$18636$43: \Trigger.Counter [32] -> $auto$rtlil.cc:3488:NotGate$18563
                                                  \Trigger.Counter [32] -> $techmap$flatten\Trigger.$add$/home/shreya/HT_detection_GNN/trusthub/AES_unzipped/AES-T900/AES-T900/src/TjIn/Trojan_Trigger.v:35$69.$auto$alumacc.cc:548:replace_alu$15743.Y [32]
                                                  \Trigger.Counter [32] -> $techmap$techmap$flatten\Trigger.$add$/home/shreya/HT_detection_GNN/trusthub/AES_unzipped/AES-T900/AES-T900/src/TjIn/Trojan_Trigger.v:35$69.$auto$alumacc.cc:548:replace_alu$15743.lcu.$and$/home/shreya/oss-cad-suite/lib/../share/yosys/techmap.v:241$16294_Y
                                                  \Trigger.Counter [32] -> $techmap$flatten\Trigger.$add$/home/shreya/HT_detection_GNN/trusthub/AES_unzipped/AES-T900/AES-T900/src/TjIn/Trojan_Trigger.v:35$69.$auto$alumacc.cc:548:replace_alu$15743.CO [32]
Breaking loop using new signal $abcloop$18636$44: \Trigger.Counter [98] -> $auto$rtlil.cc:3488:NotGate$18431
                                                  \Trigger.Counter [98] -> $techmap$flatten\Trigger.$add$/home/shreya/HT_detection_GNN/trusthub/AES_unzipped/AES-T900/AES-T900/src/TjIn/Trojan_Trigger.v:35$69.$auto$alumacc.cc:548:replace_alu$15743.Y [98]
                                                  \Trigger.Counter [98] -> $techmap$flatten\Trigger.$add$/home/shreya/HT_detection_GNN/trusthub/AES_unzipped/AES-T900/AES-T900/src/TjIn/Trojan_Trigger.v:35$69.$auto$alumacc.cc:548:replace_alu$15743.CO [98]
                                                  \Trigger.Counter [98] -> $techmap$techmap$flatten\Trigger.$add$/home/shreya/HT_detection_GNN/trusthub/AES_unzipped/AES-T900/AES-T900/src/TjIn/Trojan_Trigger.v:35$69.$auto$alumacc.cc:548:replace_alu$15743.lcu.$and$/home/shreya/oss-cad-suite/lib/../share/yosys/techmap.v:241$16393_Y
Breaking loop using new signal $abcloop$18636$45: \Trigger.Counter [30] -> $techmap$techmap$flatten\Trigger.$add$/home/shreya/HT_detection_GNN/trusthub/AES_unzipped/AES-T900/AES-T900/src/TjIn/Trojan_Trigger.v:35$69.$auto$alumacc.cc:548:replace_alu$15743.lcu.$and$/home/shreya/oss-cad-suite/lib/../share/yosys/techmap.v:241$16291_Y
                                                  \Trigger.Counter [30] -> $auto$rtlil.cc:3488:NotGate$18567
                                                  \Trigger.Counter [30] -> $techmap$flatten\Trigger.$add$/home/shreya/HT_detection_GNN/trusthub/AES_unzipped/AES-T900/AES-T900/src/TjIn/Trojan_Trigger.v:35$69.$auto$alumacc.cc:548:replace_alu$15743.Y [30]
                                                  \Trigger.Counter [30] -> $techmap$flatten\Trigger.$add$/home/shreya/HT_detection_GNN/trusthub/AES_unzipped/AES-T900/AES-T900/src/TjIn/Trojan_Trigger.v:35$69.$auto$alumacc.cc:548:replace_alu$15743.CO [30]
Breaking loop using new signal $abcloop$18636$46: \Trigger.Counter [28] -> $auto$rtlil.cc:3488:NotGate$18571
                                                  \Trigger.Counter [28] -> $techmap$techmap$flatten\Trigger.$add$/home/shreya/HT_detection_GNN/trusthub/AES_unzipped/AES-T900/AES-T900/src/TjIn/Trojan_Trigger.v:35$69.$auto$alumacc.cc:548:replace_alu$15743.lcu.$and$/home/shreya/oss-cad-suite/lib/../share/yosys/techmap.v:241$16288_Y
                                                  \Trigger.Counter [28] -> $techmap$flatten\Trigger.$add$/home/shreya/HT_detection_GNN/trusthub/AES_unzipped/AES-T900/AES-T900/src/TjIn/Trojan_Trigger.v:35$69.$auto$alumacc.cc:548:replace_alu$15743.Y [28]
                                                  \Trigger.Counter [28] -> $techmap$flatten\Trigger.$add$/home/shreya/HT_detection_GNN/trusthub/AES_unzipped/AES-T900/AES-T900/src/TjIn/Trojan_Trigger.v:35$69.$auto$alumacc.cc:548:replace_alu$15743.CO [28]
Breaking loop using new signal $abcloop$18636$47: \Trigger.Counter [94] -> $auto$rtlil.cc:3488:NotGate$18439
                                                  \Trigger.Counter [94] -> $techmap$flatten\Trigger.$add$/home/shreya/HT_detection_GNN/trusthub/AES_unzipped/AES-T900/AES-T900/src/TjIn/Trojan_Trigger.v:35$69.$auto$alumacc.cc:548:replace_alu$15743.Y [94]
                                                  \Trigger.Counter [94] -> $techmap$techmap$flatten\Trigger.$add$/home/shreya/HT_detection_GNN/trusthub/AES_unzipped/AES-T900/AES-T900/src/TjIn/Trojan_Trigger.v:35$69.$auto$alumacc.cc:548:replace_alu$15743.lcu.$and$/home/shreya/oss-cad-suite/lib/../share/yosys/techmap.v:241$16387_Y
                                                  \Trigger.Counter [94] -> $techmap$flatten\Trigger.$add$/home/shreya/HT_detection_GNN/trusthub/AES_unzipped/AES-T900/AES-T900/src/TjIn/Trojan_Trigger.v:35$69.$auto$alumacc.cc:548:replace_alu$15743.CO [94]
Breaking loop using new signal $abcloop$18636$48: \Trigger.Counter [48] -> $auto$rtlil.cc:3488:NotGate$18531
                                                  \Trigger.Counter [48] -> $techmap$flatten\Trigger.$add$/home/shreya/HT_detection_GNN/trusthub/AES_unzipped/AES-T900/AES-T900/src/TjIn/Trojan_Trigger.v:35$69.$auto$alumacc.cc:548:replace_alu$15743.Y [48]
                                                  \Trigger.Counter [48] -> $techmap$flatten\Trigger.$add$/home/shreya/HT_detection_GNN/trusthub/AES_unzipped/AES-T900/AES-T900/src/TjIn/Trojan_Trigger.v:35$69.$auto$alumacc.cc:548:replace_alu$15743.CO [48]
                                                  \Trigger.Counter [48] -> $techmap$techmap$flatten\Trigger.$add$/home/shreya/HT_detection_GNN/trusthub/AES_unzipped/AES-T900/AES-T900/src/TjIn/Trojan_Trigger.v:35$69.$auto$alumacc.cc:548:replace_alu$15743.lcu.$and$/home/shreya/oss-cad-suite/lib/../share/yosys/techmap.v:241$16318_Y
Breaking loop using new signal $abcloop$18636$49: \Trigger.Counter [50] -> $techmap$flatten\Trigger.$add$/home/shreya/HT_detection_GNN/trusthub/AES_unzipped/AES-T900/AES-T900/src/TjIn/Trojan_Trigger.v:35$69.$auto$alumacc.cc:548:replace_alu$15743.Y [50]
                                                  \Trigger.Counter [50] -> $auto$rtlil.cc:3488:NotGate$18527
                                                  \Trigger.Counter [50] -> $techmap$flatten\Trigger.$add$/home/shreya/HT_detection_GNN/trusthub/AES_unzipped/AES-T900/AES-T900/src/TjIn/Trojan_Trigger.v:35$69.$auto$alumacc.cc:548:replace_alu$15743.CO [50]
                                                  \Trigger.Counter [50] -> $techmap$techmap$flatten\Trigger.$add$/home/shreya/HT_detection_GNN/trusthub/AES_unzipped/AES-T900/AES-T900/src/TjIn/Trojan_Trigger.v:35$69.$auto$alumacc.cc:548:replace_alu$15743.lcu.$and$/home/shreya/oss-cad-suite/lib/../share/yosys/techmap.v:241$16321_Y
Breaking loop using new signal $abcloop$18636$50: \Trigger.Counter [26] -> $auto$rtlil.cc:3488:NotGate$18575
                                                  \Trigger.Counter [26] -> $techmap$flatten\Trigger.$add$/home/shreya/HT_detection_GNN/trusthub/AES_unzipped/AES-T900/AES-T900/src/TjIn/Trojan_Trigger.v:35$69.$auto$alumacc.cc:548:replace_alu$15743.Y [26]
                                                  \Trigger.Counter [26] -> $techmap$techmap$flatten\Trigger.$add$/home/shreya/HT_detection_GNN/trusthub/AES_unzipped/AES-T900/AES-T900/src/TjIn/Trojan_Trigger.v:35$69.$auto$alumacc.cc:548:replace_alu$15743.lcu.$and$/home/shreya/oss-cad-suite/lib/../share/yosys/techmap.v:241$16285_Y
                                                  \Trigger.Counter [26] -> $techmap$flatten\Trigger.$add$/home/shreya/HT_detection_GNN/trusthub/AES_unzipped/AES-T900/AES-T900/src/TjIn/Trojan_Trigger.v:35$69.$auto$alumacc.cc:548:replace_alu$15743.CO [26]
Breaking loop using new signal $abcloop$18636$51: \Trigger.Counter [116] -> $techmap$techmap$flatten\Trigger.$add$/home/shreya/HT_detection_GNN/trusthub/AES_unzipped/AES-T900/AES-T900/src/TjIn/Trojan_Trigger.v:35$69.$auto$alumacc.cc:548:replace_alu$15743.lcu.$and$/home/shreya/oss-cad-suite/lib/../share/yosys/techmap.v:241$16420_Y
                                                  \Trigger.Counter [116] -> $auto$rtlil.cc:3488:NotGate$18395
                                                  \Trigger.Counter [116] -> $techmap$flatten\Trigger.$add$/home/shreya/HT_detection_GNN/trusthub/AES_unzipped/AES-T900/AES-T900/src/TjIn/Trojan_Trigger.v:35$69.$auto$alumacc.cc:548:replace_alu$15743.Y [116]
                                                  \Trigger.Counter [116] -> $techmap$flatten\Trigger.$add$/home/shreya/HT_detection_GNN/trusthub/AES_unzipped/AES-T900/AES-T900/src/TjIn/Trojan_Trigger.v:35$69.$auto$alumacc.cc:548:replace_alu$15743.CO [116]
Breaking loop using new signal $abcloop$18636$52: \Trigger.Counter [72] -> $auto$rtlil.cc:3488:NotGate$18483
                                                  \Trigger.Counter [72] -> $techmap$flatten\Trigger.$add$/home/shreya/HT_detection_GNN/trusthub/AES_unzipped/AES-T900/AES-T900/src/TjIn/Trojan_Trigger.v:35$69.$auto$alumacc.cc:548:replace_alu$15743.Y [72]
                                                  \Trigger.Counter [72] -> $techmap$flatten\Trigger.$add$/home/shreya/HT_detection_GNN/trusthub/AES_unzipped/AES-T900/AES-T900/src/TjIn/Trojan_Trigger.v:35$69.$auto$alumacc.cc:548:replace_alu$15743.CO [72]
                                                  \Trigger.Counter [72] -> $techmap$techmap$flatten\Trigger.$add$/home/shreya/HT_detection_GNN/trusthub/AES_unzipped/AES-T900/AES-T900/src/TjIn/Trojan_Trigger.v:35$69.$auto$alumacc.cc:548:replace_alu$15743.lcu.$and$/home/shreya/oss-cad-suite/lib/../share/yosys/techmap.v:241$16354_Y
Breaking loop using new signal $abcloop$18636$53: \Trigger.Counter [74] -> $techmap$flatten\Trigger.$add$/home/shreya/HT_detection_GNN/trusthub/AES_unzipped/AES-T900/AES-T900/src/TjIn/Trojan_Trigger.v:35$69.$auto$alumacc.cc:548:replace_alu$15743.Y [74]
                                                  \Trigger.Counter [74] -> $auto$rtlil.cc:3488:NotGate$18479
                                                  \Trigger.Counter [74] -> $techmap$flatten\Trigger.$add$/home/shreya/HT_detection_GNN/trusthub/AES_unzipped/AES-T900/AES-T900/src/TjIn/Trojan_Trigger.v:35$69.$auto$alumacc.cc:548:replace_alu$15743.CO [74]
                                                  \Trigger.Counter [74] -> $techmap$techmap$flatten\Trigger.$add$/home/shreya/HT_detection_GNN/trusthub/AES_unzipped/AES-T900/AES-T900/src/TjIn/Trojan_Trigger.v:35$69.$auto$alumacc.cc:548:replace_alu$15743.lcu.$and$/home/shreya/oss-cad-suite/lib/../share/yosys/techmap.v:241$16357_Y
Breaking loop using new signal $abcloop$18636$54: \Trigger.Counter [24] -> $techmap$flatten\Trigger.$add$/home/shreya/HT_detection_GNN/trusthub/AES_unzipped/AES-T900/AES-T900/src/TjIn/Trojan_Trigger.v:35$69.$auto$alumacc.cc:548:replace_alu$15743.Y [24]
                                                  \Trigger.Counter [24] -> $auto$rtlil.cc:3488:NotGate$18579
                                                  \Trigger.Counter [24] -> $techmap$techmap$flatten\Trigger.$add$/home/shreya/HT_detection_GNN/trusthub/AES_unzipped/AES-T900/AES-T900/src/TjIn/Trojan_Trigger.v:35$69.$auto$alumacc.cc:548:replace_alu$15743.lcu.$and$/home/shreya/oss-cad-suite/lib/../share/yosys/techmap.v:241$16282_Y
                                                  \Trigger.Counter [24] -> $techmap$flatten\Trigger.$add$/home/shreya/HT_detection_GNN/trusthub/AES_unzipped/AES-T900/AES-T900/src/TjIn/Trojan_Trigger.v:35$69.$auto$alumacc.cc:548:replace_alu$15743.CO [24]
Breaking loop using new signal $abcloop$18636$55: \Trigger.Counter [44] -> $auto$rtlil.cc:3488:NotGate$18539
                                                  \Trigger.Counter [44] -> $techmap$flatten\Trigger.$add$/home/shreya/HT_detection_GNN/trusthub/AES_unzipped/AES-T900/AES-T900/src/TjIn/Trojan_Trigger.v:35$69.$auto$alumacc.cc:548:replace_alu$15743.CO [44]
                                                  \Trigger.Counter [44] -> $techmap$techmap$flatten\Trigger.$add$/home/shreya/HT_detection_GNN/trusthub/AES_unzipped/AES-T900/AES-T900/src/TjIn/Trojan_Trigger.v:35$69.$auto$alumacc.cc:548:replace_alu$15743.lcu.$and$/home/shreya/oss-cad-suite/lib/../share/yosys/techmap.v:241$16312_Y
                                                  \Trigger.Counter [44] -> $techmap$flatten\Trigger.$add$/home/shreya/HT_detection_GNN/trusthub/AES_unzipped/AES-T900/AES-T900/src/TjIn/Trojan_Trigger.v:35$69.$auto$alumacc.cc:548:replace_alu$15743.Y [44]
Breaking loop using new signal $abcloop$18636$56: \Trigger.Counter [22] -> $auto$rtlil.cc:3488:NotGate$18583
                                                  \Trigger.Counter [22] -> $techmap$flatten\Trigger.$add$/home/shreya/HT_detection_GNN/trusthub/AES_unzipped/AES-T900/AES-T900/src/TjIn/Trojan_Trigger.v:35$69.$auto$alumacc.cc:548:replace_alu$15743.Y [22]
                                                  \Trigger.Counter [22] -> $techmap$techmap$flatten\Trigger.$add$/home/shreya/HT_detection_GNN/trusthub/AES_unzipped/AES-T900/AES-T900/src/TjIn/Trojan_Trigger.v:35$69.$auto$alumacc.cc:548:replace_alu$15743.lcu.$and$/home/shreya/oss-cad-suite/lib/../share/yosys/techmap.v:241$16279_Y
                                                  \Trigger.Counter [22] -> $techmap$flatten\Trigger.$add$/home/shreya/HT_detection_GNN/trusthub/AES_unzipped/AES-T900/AES-T900/src/TjIn/Trojan_Trigger.v:35$69.$auto$alumacc.cc:548:replace_alu$15743.CO [22]
Breaking loop using new signal $abcloop$18636$57: \Trigger.Counter [92] -> $techmap$techmap$flatten\Trigger.$add$/home/shreya/HT_detection_GNN/trusthub/AES_unzipped/AES-T900/AES-T900/src/TjIn/Trojan_Trigger.v:35$69.$auto$alumacc.cc:548:replace_alu$15743.lcu.$and$/home/shreya/oss-cad-suite/lib/../share/yosys/techmap.v:241$16384_Y
                                                  \Trigger.Counter [92] -> $techmap$flatten\Trigger.$add$/home/shreya/HT_detection_GNN/trusthub/AES_unzipped/AES-T900/AES-T900/src/TjIn/Trojan_Trigger.v:35$69.$auto$alumacc.cc:548:replace_alu$15743.Y [92]
                                                  \Trigger.Counter [92] -> $auto$rtlil.cc:3488:NotGate$18443
                                                  \Trigger.Counter [92] -> $techmap$flatten\Trigger.$add$/home/shreya/HT_detection_GNN/trusthub/AES_unzipped/AES-T900/AES-T900/src/TjIn/Trojan_Trigger.v:35$69.$auto$alumacc.cc:548:replace_alu$15743.CO [92]
Breaking loop using new signal $abcloop$18636$58: \Trigger.Counter [114] -> $auto$rtlil.cc:3488:NotGate$18399
                                                  \Trigger.Counter [114] -> $techmap$flatten\Trigger.$add$/home/shreya/HT_detection_GNN/trusthub/AES_unzipped/AES-T900/AES-T900/src/TjIn/Trojan_Trigger.v:35$69.$auto$alumacc.cc:548:replace_alu$15743.Y [114]
                                                  \Trigger.Counter [114] -> $techmap$techmap$flatten\Trigger.$add$/home/shreya/HT_detection_GNN/trusthub/AES_unzipped/AES-T900/AES-T900/src/TjIn/Trojan_Trigger.v:35$69.$auto$alumacc.cc:548:replace_alu$15743.lcu.$and$/home/shreya/oss-cad-suite/lib/../share/yosys/techmap.v:241$16417_Y
                                                  \Trigger.Counter [114] -> $techmap$flatten\Trigger.$add$/home/shreya/HT_detection_GNN/trusthub/AES_unzipped/AES-T900/AES-T900/src/TjIn/Trojan_Trigger.v:35$69.$auto$alumacc.cc:548:replace_alu$15743.CO [114]
Breaking loop using new signal $abcloop$18636$59: \Trigger.Counter [20] -> $techmap$flatten\Trigger.$add$/home/shreya/HT_detection_GNN/trusthub/AES_unzipped/AES-T900/AES-T900/src/TjIn/Trojan_Trigger.v:35$69.$auto$alumacc.cc:548:replace_alu$15743.Y [20]
                                                  \Trigger.Counter [20] -> $auto$rtlil.cc:3488:NotGate$18587
                                                  \Trigger.Counter [20] -> $techmap$techmap$flatten\Trigger.$add$/home/shreya/HT_detection_GNN/trusthub/AES_unzipped/AES-T900/AES-T900/src/TjIn/Trojan_Trigger.v:35$69.$auto$alumacc.cc:548:replace_alu$15743.lcu.$and$/home/shreya/oss-cad-suite/lib/../share/yosys/techmap.v:241$16276_Y
                                                  \Trigger.Counter [20] -> $techmap$flatten\Trigger.$add$/home/shreya/HT_detection_GNN/trusthub/AES_unzipped/AES-T900/AES-T900/src/TjIn/Trojan_Trigger.v:35$69.$auto$alumacc.cc:548:replace_alu$15743.CO [20]
Breaking loop using new signal $abcloop$18636$60: \Trigger.Counter [18] -> $auto$rtlil.cc:3488:NotGate$18591
                                                  \Trigger.Counter [18] -> $techmap$flatten\Trigger.$add$/home/shreya/HT_detection_GNN/trusthub/AES_unzipped/AES-T900/AES-T900/src/TjIn/Trojan_Trigger.v:35$69.$auto$alumacc.cc:548:replace_alu$15743.Y [18]
                                                  \Trigger.Counter [18] -> $techmap$techmap$flatten\Trigger.$add$/home/shreya/HT_detection_GNN/trusthub/AES_unzipped/AES-T900/AES-T900/src/TjIn/Trojan_Trigger.v:35$69.$auto$alumacc.cc:548:replace_alu$15743.lcu.$and$/home/shreya/oss-cad-suite/lib/../share/yosys/techmap.v:241$16273_Y
                                                  \Trigger.Counter [18] -> $techmap$flatten\Trigger.$add$/home/shreya/HT_detection_GNN/trusthub/AES_unzipped/AES-T900/AES-T900/src/TjIn/Trojan_Trigger.v:35$69.$auto$alumacc.cc:548:replace_alu$15743.CO [18]
Breaking loop using new signal $abcloop$18636$61: \Trigger.Counter [16] -> $auto$rtlil.cc:3488:NotGate$18595
                                                  \Trigger.Counter [16] -> $techmap$flatten\Trigger.$add$/home/shreya/HT_detection_GNN/trusthub/AES_unzipped/AES-T900/AES-T900/src/TjIn/Trojan_Trigger.v:35$69.$auto$alumacc.cc:548:replace_alu$15743.CO [16]
                                                  \Trigger.Counter [16] -> $techmap$flatten\Trigger.$add$/home/shreya/HT_detection_GNN/trusthub/AES_unzipped/AES-T900/AES-T900/src/TjIn/Trojan_Trigger.v:35$69.$auto$alumacc.cc:548:replace_alu$15743.Y [16]
                                                  \Trigger.Counter [16] -> $techmap$techmap$flatten\Trigger.$add$/home/shreya/HT_detection_GNN/trusthub/AES_unzipped/AES-T900/AES-T900/src/TjIn/Trojan_Trigger.v:35$69.$auto$alumacc.cc:548:replace_alu$15743.lcu.$and$/home/shreya/oss-cad-suite/lib/../share/yosys/techmap.v:241$16270_Y
Breaking loop using new signal $abcloop$18636$62: \Trigger.Counter [15] -> $techmap$flatten\Trigger.$add$/home/shreya/HT_detection_GNN/trusthub/AES_unzipped/AES-T900/AES-T900/src/TjIn/Trojan_Trigger.v:35$69.$auto$alumacc.cc:548:replace_alu$15743.Y [15]
                                                  \Trigger.Counter [15] -> $techmap$techmap$flatten\Trigger.$add$/home/shreya/HT_detection_GNN/trusthub/AES_unzipped/AES-T900/AES-T900/src/TjIn/Trojan_Trigger.v:35$69.$auto$alumacc.cc:548:replace_alu$15743.lcu.$and$/home/shreya/oss-cad-suite/lib/../share/yosys/techmap.v:241$16267_Y
                                                  \Trigger.Counter [15] -> $auto$rtlil.cc:3488:NotGate$18597
Breaking loop using new signal $abcloop$18636$63: \Trigger.Counter [31] -> $techmap$techmap$flatten\Trigger.$add$/home/shreya/HT_detection_GNN/trusthub/AES_unzipped/AES-T900/AES-T900/src/TjIn/Trojan_Trigger.v:35$69.$auto$alumacc.cc:548:replace_alu$15743.lcu.$and$/home/shreya/oss-cad-suite/lib/../share/yosys/techmap.v:241$16291_Y
                                                  \Trigger.Counter [31] -> $techmap$flatten\Trigger.$add$/home/shreya/HT_detection_GNN/trusthub/AES_unzipped/AES-T900/AES-T900/src/TjIn/Trojan_Trigger.v:35$69.$auto$alumacc.cc:548:replace_alu$15743.Y [31]
                                                  \Trigger.Counter [31] -> $auto$rtlil.cc:3488:NotGate$18565
Breaking loop using new signal $abcloop$18636$64: \Trigger.Counter [37] -> $techmap$techmap$flatten\Trigger.$add$/home/shreya/HT_detection_GNN/trusthub/AES_unzipped/AES-T900/AES-T900/src/TjIn/Trojan_Trigger.v:35$69.$auto$alumacc.cc:548:replace_alu$15743.lcu.$and$/home/shreya/oss-cad-suite/lib/../share/yosys/techmap.v:241$16300_Y
                                                  \Trigger.Counter [37] -> $techmap$flatten\Trigger.$add$/home/shreya/HT_detection_GNN/trusthub/AES_unzipped/AES-T900/AES-T900/src/TjIn/Trojan_Trigger.v:35$69.$auto$alumacc.cc:548:replace_alu$15743.Y [37]
                                                  \Trigger.Counter [37] -> $auto$rtlil.cc:3488:NotGate$18553
Breaking loop using new signal $abcloop$18636$65: \Trigger.Counter [59] -> $techmap$flatten\Trigger.$add$/home/shreya/HT_detection_GNN/trusthub/AES_unzipped/AES-T900/AES-T900/src/TjIn/Trojan_Trigger.v:35$69.$auto$alumacc.cc:548:replace_alu$15743.Y [59]
                                                  \Trigger.Counter [59] -> $techmap$techmap$flatten\Trigger.$add$/home/shreya/HT_detection_GNN/trusthub/AES_unzipped/AES-T900/AES-T900/src/TjIn/Trojan_Trigger.v:35$69.$auto$alumacc.cc:548:replace_alu$15743.lcu.$and$/home/shreya/oss-cad-suite/lib/../share/yosys/techmap.v:241$16333_Y
                                                  \Trigger.Counter [59] -> $auto$rtlil.cc:3488:NotGate$18509
Breaking loop using new signal $abcloop$18636$66: \Trigger.Counter [125] -> $techmap$techmap$flatten\Trigger.$add$/home/shreya/HT_detection_GNN/trusthub/AES_unzipped/AES-T900/AES-T900/src/TjIn/Trojan_Trigger.v:35$69.$auto$alumacc.cc:548:replace_alu$15743.lcu.$and$/home/shreya/oss-cad-suite/lib/../share/yosys/techmap.v:241$16432_Y
                                                  \Trigger.Counter [125] -> $techmap$flatten\Trigger.$add$/home/shreya/HT_detection_GNN/trusthub/AES_unzipped/AES-T900/AES-T900/src/TjIn/Trojan_Trigger.v:35$69.$auto$alumacc.cc:548:replace_alu$15743.Y [125]
                                                  \Trigger.Counter [125] -> $auto$rtlil.cc:3488:NotGate$18377
Breaking loop using new signal $abcloop$18636$67: \Trigger.Counter [103] -> $techmap$flatten\Trigger.$add$/home/shreya/HT_detection_GNN/trusthub/AES_unzipped/AES-T900/AES-T900/src/TjIn/Trojan_Trigger.v:35$69.$auto$alumacc.cc:548:replace_alu$15743.Y [103]
                                                  \Trigger.Counter [103] -> $auto$rtlil.cc:3488:NotGate$18421
                                                  \Trigger.Counter [103] -> $techmap$techmap$flatten\Trigger.$add$/home/shreya/HT_detection_GNN/trusthub/AES_unzipped/AES-T900/AES-T900/src/TjIn/Trojan_Trigger.v:35$69.$auto$alumacc.cc:548:replace_alu$15743.lcu.$and$/home/shreya/oss-cad-suite/lib/../share/yosys/techmap.v:241$16399_Y
Breaking loop using new signal $abcloop$18636$68: \Trigger.Counter [109] -> $techmap$flatten\Trigger.$add$/home/shreya/HT_detection_GNN/trusthub/AES_unzipped/AES-T900/AES-T900/src/TjIn/Trojan_Trigger.v:35$69.$auto$alumacc.cc:548:replace_alu$15743.Y [109]
                                                  \Trigger.Counter [109] -> $auto$rtlil.cc:3488:NotGate$18409
                                                  \Trigger.Counter [109] -> $techmap$techmap$flatten\Trigger.$add$/home/shreya/HT_detection_GNN/trusthub/AES_unzipped/AES-T900/AES-T900/src/TjIn/Trojan_Trigger.v:35$69.$auto$alumacc.cc:548:replace_alu$15743.lcu.$and$/home/shreya/oss-cad-suite/lib/../share/yosys/techmap.v:241$16408_Y
Breaking loop using new signal $abcloop$18636$69: \Trigger.Counter [13] -> $techmap$flatten\Trigger.$add$/home/shreya/HT_detection_GNN/trusthub/AES_unzipped/AES-T900/AES-T900/src/TjIn/Trojan_Trigger.v:35$69.$auto$alumacc.cc:548:replace_alu$15743.Y [13]
                                                  \Trigger.Counter [13] -> $auto$rtlil.cc:3488:NotGate$18601
                                                  \Trigger.Counter [13] -> $techmap$techmap$flatten\Trigger.$add$/home/shreya/HT_detection_GNN/trusthub/AES_unzipped/AES-T900/AES-T900/src/TjIn/Trojan_Trigger.v:35$69.$auto$alumacc.cc:548:replace_alu$15743.lcu.$and$/home/shreya/oss-cad-suite/lib/../share/yosys/techmap.v:241$16264_Y
Breaking loop using new signal $abcloop$18636$70: \Trigger.Counter [119] -> $techmap$techmap$flatten\Trigger.$add$/home/shreya/HT_detection_GNN/trusthub/AES_unzipped/AES-T900/AES-T900/src/TjIn/Trojan_Trigger.v:35$69.$auto$alumacc.cc:548:replace_alu$15743.lcu.$and$/home/shreya/oss-cad-suite/lib/../share/yosys/techmap.v:241$16423_Y
                                                  \Trigger.Counter [119] -> $auto$rtlil.cc:3488:NotGate$18389
                                                  \Trigger.Counter [119] -> $techmap$flatten\Trigger.$add$/home/shreya/HT_detection_GNN/trusthub/AES_unzipped/AES-T900/AES-T900/src/TjIn/Trojan_Trigger.v:35$69.$auto$alumacc.cc:548:replace_alu$15743.Y [119]
Breaking loop using new signal $abcloop$18636$71: \Trigger.Counter [47] -> $auto$rtlil.cc:3488:NotGate$18533
                                                  \Trigger.Counter [47] -> $techmap$flatten\Trigger.$add$/home/shreya/HT_detection_GNN/trusthub/AES_unzipped/AES-T900/AES-T900/src/TjIn/Trojan_Trigger.v:35$69.$auto$alumacc.cc:548:replace_alu$15743.Y [47]
                                                  \Trigger.Counter [47] -> $techmap$techmap$flatten\Trigger.$add$/home/shreya/HT_detection_GNN/trusthub/AES_unzipped/AES-T900/AES-T900/src/TjIn/Trojan_Trigger.v:35$69.$auto$alumacc.cc:548:replace_alu$15743.lcu.$and$/home/shreya/oss-cad-suite/lib/../share/yosys/techmap.v:241$16315_Y
Breaking loop using new signal $abcloop$18636$72: \Trigger.Counter [9] -> $auto$rtlil.cc:3488:NotGate$18609
                                                  \Trigger.Counter [9] -> $techmap$flatten\Trigger.$add$/home/shreya/HT_detection_GNN/trusthub/AES_unzipped/AES-T900/AES-T900/src/TjIn/Trojan_Trigger.v:35$69.$auto$alumacc.cc:548:replace_alu$15743.Y [9]
                                                  \Trigger.Counter [9] -> $techmap$techmap$flatten\Trigger.$add$/home/shreya/HT_detection_GNN/trusthub/AES_unzipped/AES-T900/AES-T900/src/TjIn/Trojan_Trigger.v:35$69.$auto$alumacc.cc:548:replace_alu$15743.lcu.$and$/home/shreya/oss-cad-suite/lib/../share/yosys/techmap.v:241$16258_Y
Breaking loop using new signal $abcloop$18636$73: \Trigger.Counter [101] -> $auto$rtlil.cc:3488:NotGate$18425
                                                  \Trigger.Counter [101] -> $techmap$techmap$flatten\Trigger.$add$/home/shreya/HT_detection_GNN/trusthub/AES_unzipped/AES-T900/AES-T900/src/TjIn/Trojan_Trigger.v:35$69.$auto$alumacc.cc:548:replace_alu$15743.lcu.$and$/home/shreya/oss-cad-suite/lib/../share/yosys/techmap.v:241$16396_Y
                                                  \Trigger.Counter [101] -> $techmap$flatten\Trigger.$add$/home/shreya/HT_detection_GNN/trusthub/AES_unzipped/AES-T900/AES-T900/src/TjIn/Trojan_Trigger.v:35$69.$auto$alumacc.cc:548:replace_alu$15743.Y [101]
Breaking loop using new signal $abcloop$18636$74: \Trigger.Counter [71] -> $auto$rtlil.cc:3488:NotGate$18485
                                                  \Trigger.Counter [71] -> $techmap$techmap$flatten\Trigger.$add$/home/shreya/HT_detection_GNN/trusthub/AES_unzipped/AES-T900/AES-T900/src/TjIn/Trojan_Trigger.v:35$69.$auto$alumacc.cc:548:replace_alu$15743.lcu.$and$/home/shreya/oss-cad-suite/lib/../share/yosys/techmap.v:241$16351_Y
                                                  \Trigger.Counter [71] -> $techmap$flatten\Trigger.$add$/home/shreya/HT_detection_GNN/trusthub/AES_unzipped/AES-T900/AES-T900/src/TjIn/Trojan_Trigger.v:35$69.$auto$alumacc.cc:548:replace_alu$15743.Y [71]
Breaking loop using new signal $abcloop$18636$75: \Trigger.Counter [111] -> $techmap$flatten\Trigger.$add$/home/shreya/HT_detection_GNN/trusthub/AES_unzipped/AES-T900/AES-T900/src/TjIn/Trojan_Trigger.v:35$69.$auto$alumacc.cc:548:replace_alu$15743.Y [111]
                                                  \Trigger.Counter [111] -> $auto$rtlil.cc:3488:NotGate$18405
                                                  \Trigger.Counter [111] -> $techmap$techmap$flatten\Trigger.$add$/home/shreya/HT_detection_GNN/trusthub/AES_unzipped/AES-T900/AES-T900/src/TjIn/Trojan_Trigger.v:35$69.$auto$alumacc.cc:548:replace_alu$15743.lcu.$and$/home/shreya/oss-cad-suite/lib/../share/yosys/techmap.v:241$16411_Y
Breaking loop using new signal $abcloop$18636$76: \Trigger.Counter [85] -> $techmap$flatten\Trigger.$add$/home/shreya/HT_detection_GNN/trusthub/AES_unzipped/AES-T900/AES-T900/src/TjIn/Trojan_Trigger.v:35$69.$auto$alumacc.cc:548:replace_alu$15743.Y [85]
                                                  \Trigger.Counter [85] -> $auto$rtlil.cc:3488:NotGate$18457
                                                  \Trigger.Counter [85] -> $techmap$techmap$flatten\Trigger.$add$/home/shreya/HT_detection_GNN/trusthub/AES_unzipped/AES-T900/AES-T900/src/TjIn/Trojan_Trigger.v:35$69.$auto$alumacc.cc:548:replace_alu$15743.lcu.$and$/home/shreya/oss-cad-suite/lib/../share/yosys/techmap.v:241$16372_Y
Breaking loop using new signal $abcloop$18636$77: \Trigger.Counter [105] -> $techmap$techmap$flatten\Trigger.$add$/home/shreya/HT_detection_GNN/trusthub/AES_unzipped/AES-T900/AES-T900/src/TjIn/Trojan_Trigger.v:35$69.$auto$alumacc.cc:548:replace_alu$15743.lcu.$and$/home/shreya/oss-cad-suite/lib/../share/yosys/techmap.v:241$16402_Y
                                                  \Trigger.Counter [105] -> $auto$rtlil.cc:3488:NotGate$18417
                                                  \Trigger.Counter [105] -> $techmap$flatten\Trigger.$add$/home/shreya/HT_detection_GNN/trusthub/AES_unzipped/AES-T900/AES-T900/src/TjIn/Trojan_Trigger.v:35$69.$auto$alumacc.cc:548:replace_alu$15743.Y [105]
Breaking loop using new signal $abcloop$18636$78: \Trigger.Counter [39] -> $techmap$flatten\Trigger.$add$/home/shreya/HT_detection_GNN/trusthub/AES_unzipped/AES-T900/AES-T900/src/TjIn/Trojan_Trigger.v:35$69.$auto$alumacc.cc:548:replace_alu$15743.Y [39]
                                                  \Trigger.Counter [39] -> $auto$rtlil.cc:3488:NotGate$18549
                                                  \Trigger.Counter [39] -> $techmap$techmap$flatten\Trigger.$add$/home/shreya/HT_detection_GNN/trusthub/AES_unzipped/AES-T900/AES-T900/src/TjIn/Trojan_Trigger.v:35$69.$auto$alumacc.cc:548:replace_alu$15743.lcu.$and$/home/shreya/oss-cad-suite/lib/../share/yosys/techmap.v:241$16303_Y
Breaking loop using new signal $abcloop$18636$79: \Trigger.Counter [65] -> $techmap$flatten\Trigger.$add$/home/shreya/HT_detection_GNN/trusthub/AES_unzipped/AES-T900/AES-T900/src/TjIn/Trojan_Trigger.v:35$69.$auto$alumacc.cc:548:replace_alu$15743.Y [65]
                                                  \Trigger.Counter [65] -> $auto$rtlil.cc:3488:NotGate$18497
                                                  \Trigger.Counter [65] -> $techmap$techmap$flatten\Trigger.$add$/home/shreya/HT_detection_GNN/trusthub/AES_unzipped/AES-T900/AES-T900/src/TjIn/Trojan_Trigger.v:35$69.$auto$alumacc.cc:548:replace_alu$15743.lcu.$and$/home/shreya/oss-cad-suite/lib/../share/yosys/techmap.v:241$16342_Y
Breaking loop using new signal $abcloop$18636$80: \Trigger.Counter [5] -> $auto$rtlil.cc:3488:NotGate$18617
                                                  \Trigger.Counter [5] -> $techmap$flatten\Trigger.$add$/home/shreya/HT_detection_GNN/trusthub/AES_unzipped/AES-T900/AES-T900/src/TjIn/Trojan_Trigger.v:35$69.$auto$alumacc.cc:548:replace_alu$15743.Y [5]
                                                  \Trigger.Counter [5] -> $techmap$techmap$flatten\Trigger.$add$/home/shreya/HT_detection_GNN/trusthub/AES_unzipped/AES-T900/AES-T900/src/TjIn/Trojan_Trigger.v:35$69.$auto$alumacc.cc:548:replace_alu$15743.lcu.$and$/home/shreya/oss-cad-suite/lib/../share/yosys/techmap.v:241$16252_Y
Breaking loop using new signal $abcloop$18636$81: \Trigger.Counter [7] -> $auto$rtlil.cc:3488:NotGate$18613
                                                  \Trigger.Counter [7] -> $techmap$flatten\Trigger.$add$/home/shreya/HT_detection_GNN/trusthub/AES_unzipped/AES-T900/AES-T900/src/TjIn/Trojan_Trigger.v:35$69.$auto$alumacc.cc:548:replace_alu$15743.Y [7]
                                                  \Trigger.Counter [7] -> $techmap$techmap$flatten\Trigger.$add$/home/shreya/HT_detection_GNN/trusthub/AES_unzipped/AES-T900/AES-T900/src/TjIn/Trojan_Trigger.v:35$69.$auto$alumacc.cc:548:replace_alu$15743.lcu.$and$/home/shreya/oss-cad-suite/lib/../share/yosys/techmap.v:241$16255_Y
Breaking loop using new signal $abcloop$18636$82: \Trigger.Counter [67] -> $techmap$flatten\Trigger.$add$/home/shreya/HT_detection_GNN/trusthub/AES_unzipped/AES-T900/AES-T900/src/TjIn/Trojan_Trigger.v:35$69.$auto$alumacc.cc:548:replace_alu$15743.Y [67]
                                                  \Trigger.Counter [67] -> $auto$rtlil.cc:3488:NotGate$18493
                                                  \Trigger.Counter [67] -> $techmap$techmap$flatten\Trigger.$add$/home/shreya/HT_detection_GNN/trusthub/AES_unzipped/AES-T900/AES-T900/src/TjIn/Trojan_Trigger.v:35$69.$auto$alumacc.cc:548:replace_alu$15743.lcu.$and$/home/shreya/oss-cad-suite/lib/../share/yosys/techmap.v:241$16345_Y
Breaking loop using new signal $abcloop$18636$83: \Trigger.Counter [81] -> $techmap$techmap$flatten\Trigger.$add$/home/shreya/HT_detection_GNN/trusthub/AES_unzipped/AES-T900/AES-T900/src/TjIn/Trojan_Trigger.v:35$69.$auto$alumacc.cc:548:replace_alu$15743.lcu.$and$/home/shreya/oss-cad-suite/lib/../share/yosys/techmap.v:241$16366_Y
                                                  \Trigger.Counter [81] -> $auto$rtlil.cc:3488:NotGate$18465
                                                  \Trigger.Counter [81] -> $techmap$flatten\Trigger.$add$/home/shreya/HT_detection_GNN/trusthub/AES_unzipped/AES-T900/AES-T900/src/TjIn/Trojan_Trigger.v:35$69.$auto$alumacc.cc:548:replace_alu$15743.Y [81]
Breaking loop using new signal $abcloop$18636$84: \Trigger.Counter [121] -> $auto$rtlil.cc:3488:NotGate$18385
                                                  \Trigger.Counter [121] -> $techmap$flatten\Trigger.$add$/home/shreya/HT_detection_GNN/trusthub/AES_unzipped/AES-T900/AES-T900/src/TjIn/Trojan_Trigger.v:35$69.$auto$alumacc.cc:548:replace_alu$15743.Y [121]
                                                  \Trigger.Counter [121] -> $techmap$techmap$flatten\Trigger.$add$/home/shreya/HT_detection_GNN/trusthub/AES_unzipped/AES-T900/AES-T900/src/TjIn/Trojan_Trigger.v:35$69.$auto$alumacc.cc:548:replace_alu$15743.lcu.$and$/home/shreya/oss-cad-suite/lib/../share/yosys/techmap.v:241$16426_Y
Breaking loop using new signal $abcloop$18636$85: \Trigger.Counter [87] -> $auto$rtlil.cc:3488:NotGate$18453
                                                  \Trigger.Counter [87] -> $techmap$flatten\Trigger.$add$/home/shreya/HT_detection_GNN/trusthub/AES_unzipped/AES-T900/AES-T900/src/TjIn/Trojan_Trigger.v:35$69.$auto$alumacc.cc:548:replace_alu$15743.Y [87]
                                                  \Trigger.Counter [87] -> $techmap$techmap$flatten\Trigger.$add$/home/shreya/HT_detection_GNN/trusthub/AES_unzipped/AES-T900/AES-T900/src/TjIn/Trojan_Trigger.v:35$69.$auto$alumacc.cc:548:replace_alu$15743.lcu.$and$/home/shreya/oss-cad-suite/lib/../share/yosys/techmap.v:241$16375_Y
Breaking loop using new signal $abcloop$18636$86: \Trigger.Counter [33] -> $auto$rtlil.cc:3488:NotGate$18561
                                                  \Trigger.Counter [33] -> $techmap$flatten\Trigger.$add$/home/shreya/HT_detection_GNN/trusthub/AES_unzipped/AES-T900/AES-T900/src/TjIn/Trojan_Trigger.v:35$69.$auto$alumacc.cc:548:replace_alu$15743.Y [33]
                                                  \Trigger.Counter [33] -> $techmap$techmap$flatten\Trigger.$add$/home/shreya/HT_detection_GNN/trusthub/AES_unzipped/AES-T900/AES-T900/src/TjIn/Trojan_Trigger.v:35$69.$auto$alumacc.cc:548:replace_alu$15743.lcu.$and$/home/shreya/oss-cad-suite/lib/../share/yosys/techmap.v:241$16294_Y
Breaking loop using new signal $abcloop$18636$87: \Trigger.Counter [11] -> $auto$rtlil.cc:3488:NotGate$18605
                                                  \Trigger.Counter [11] -> $techmap$techmap$flatten\Trigger.$add$/home/shreya/HT_detection_GNN/trusthub/AES_unzipped/AES-T900/AES-T900/src/TjIn/Trojan_Trigger.v:35$69.$auto$alumacc.cc:548:replace_alu$15743.lcu.$and$/home/shreya/oss-cad-suite/lib/../share/yosys/techmap.v:241$16261_Y
                                                  \Trigger.Counter [11] -> $techmap$flatten\Trigger.$add$/home/shreya/HT_detection_GNN/trusthub/AES_unzipped/AES-T900/AES-T900/src/TjIn/Trojan_Trigger.v:35$69.$auto$alumacc.cc:548:replace_alu$15743.Y [11]
Breaking loop using new signal $abcloop$18636$88: \Trigger.Counter [97] -> $techmap$techmap$flatten\Trigger.$add$/home/shreya/HT_detection_GNN/trusthub/AES_unzipped/AES-T900/AES-T900/src/TjIn/Trojan_Trigger.v:35$69.$auto$alumacc.cc:548:replace_alu$15743.lcu.$and$/home/shreya/oss-cad-suite/lib/../share/yosys/techmap.v:241$16390_Y
                                                  \Trigger.Counter [97] -> $auto$rtlil.cc:3488:NotGate$18433
                                                  \Trigger.Counter [97] -> $techmap$flatten\Trigger.$add$/home/shreya/HT_detection_GNN/trusthub/AES_unzipped/AES-T900/AES-T900/src/TjIn/Trojan_Trigger.v:35$69.$auto$alumacc.cc:548:replace_alu$15743.Y [97]
Breaking loop using new signal $abcloop$18636$89: \Trigger.Counter [123] -> $auto$rtlil.cc:3488:NotGate$18381
                                                  \Trigger.Counter [123] -> $techmap$techmap$flatten\Trigger.$add$/home/shreya/HT_detection_GNN/trusthub/AES_unzipped/AES-T900/AES-T900/src/TjIn/Trojan_Trigger.v:35$69.$auto$alumacc.cc:548:replace_alu$15743.lcu.$and$/home/shreya/oss-cad-suite/lib/../share/yosys/techmap.v:241$16429_Y
                                                  \Trigger.Counter [123] -> $techmap$flatten\Trigger.$add$/home/shreya/HT_detection_GNN/trusthub/AES_unzipped/AES-T900/AES-T900/src/TjIn/Trojan_Trigger.v:35$69.$auto$alumacc.cc:548:replace_alu$15743.Y [123]
Breaking loop using new signal $abcloop$18636$90: \Trigger.Counter [117] -> $techmap$techmap$flatten\Trigger.$add$/home/shreya/HT_detection_GNN/trusthub/AES_unzipped/AES-T900/AES-T900/src/TjIn/Trojan_Trigger.v:35$69.$auto$alumacc.cc:548:replace_alu$15743.lcu.$and$/home/shreya/oss-cad-suite/lib/../share/yosys/techmap.v:241$16420_Y
                                                  \Trigger.Counter [117] -> $auto$rtlil.cc:3488:NotGate$18393
                                                  \Trigger.Counter [117] -> $techmap$flatten\Trigger.$add$/home/shreya/HT_detection_GNN/trusthub/AES_unzipped/AES-T900/AES-T900/src/TjIn/Trojan_Trigger.v:35$69.$auto$alumacc.cc:548:replace_alu$15743.Y [117]
Breaking loop using new signal $abcloop$18636$91: \Trigger.Counter [3] -> $techmap$techmap$flatten\Trigger.$add$/home/shreya/HT_detection_GNN/trusthub/AES_unzipped/AES-T900/AES-T900/src/TjIn/Trojan_Trigger.v:35$69.$auto$alumacc.cc:548:replace_alu$15743.lcu.$and$/home/shreya/oss-cad-suite/lib/../share/yosys/techmap.v:241$16249_Y
                                                  \Trigger.Counter [3] -> $auto$rtlil.cc:3488:NotGate$18621
                                                  \Trigger.Counter [3] -> $techmap$flatten\Trigger.$add$/home/shreya/HT_detection_GNN/trusthub/AES_unzipped/AES-T900/AES-T900/src/TjIn/Trojan_Trigger.v:35$69.$auto$alumacc.cc:548:replace_alu$15743.Y [3]
Breaking loop using new signal $abcloop$18636$92: \Trigger.Counter [89] -> $auto$rtlil.cc:3488:NotGate$18449
                                                  \Trigger.Counter [89] -> $techmap$flatten\Trigger.$add$/home/shreya/HT_detection_GNN/trusthub/AES_unzipped/AES-T900/AES-T900/src/TjIn/Trojan_Trigger.v:35$69.$auto$alumacc.cc:548:replace_alu$15743.Y [89]
                                                  \Trigger.Counter [89] -> $techmap$techmap$flatten\Trigger.$add$/home/shreya/HT_detection_GNN/trusthub/AES_unzipped/AES-T900/AES-T900/src/TjIn/Trojan_Trigger.v:35$69.$auto$alumacc.cc:548:replace_alu$15743.lcu.$and$/home/shreya/oss-cad-suite/lib/../share/yosys/techmap.v:241$16378_Y
Breaking loop using new signal $abcloop$18636$93: \Trigger.Counter [91] -> $auto$rtlil.cc:3488:NotGate$18445
                                                  \Trigger.Counter [91] -> $techmap$flatten\Trigger.$add$/home/shreya/HT_detection_GNN/trusthub/AES_unzipped/AES-T900/AES-T900/src/TjIn/Trojan_Trigger.v:35$69.$auto$alumacc.cc:548:replace_alu$15743.Y [91]
                                                  \Trigger.Counter [91] -> $techmap$techmap$flatten\Trigger.$add$/home/shreya/HT_detection_GNN/trusthub/AES_unzipped/AES-T900/AES-T900/src/TjIn/Trojan_Trigger.v:35$69.$auto$alumacc.cc:548:replace_alu$15743.lcu.$and$/home/shreya/oss-cad-suite/lib/../share/yosys/techmap.v:241$16381_Y
Breaking loop using new signal $abcloop$18636$94: \Trigger.Counter [0] -> $techmap$flatten\Trigger.$add$/home/shreya/HT_detection_GNN/trusthub/AES_unzipped/AES-T900/AES-T900/src/TjIn/Trojan_Trigger.v:35$69.$auto$alumacc.cc:548:replace_alu$15743.P [0]
                                                  \Trigger.Counter [0] -> $techmap$flatten\Trigger.$add$/home/shreya/HT_detection_GNN/trusthub/AES_unzipped/AES-T900/AES-T900/src/TjIn/Trojan_Trigger.v:35$69.$auto$alumacc.cc:548:replace_alu$15743.CO [1]
                                                  \Trigger.Counter [0] -> $techmap$flatten\Trigger.$add$/home/shreya/HT_detection_GNN/trusthub/AES_unzipped/AES-T900/AES-T900/src/TjIn/Trojan_Trigger.v:35$69.$auto$alumacc.cc:548:replace_alu$15743.Y [1]
Breaking loop using new signal $abcloop$18636$95: \Trigger.Counter [1] -> $auto$rtlil.cc:3488:NotGate$18625
                                                  \Trigger.Counter [1] -> $techmap$flatten\Trigger.$add$/home/shreya/HT_detection_GNN/trusthub/AES_unzipped/AES-T900/AES-T900/src/TjIn/Trojan_Trigger.v:35$69.$auto$alumacc.cc:548:replace_alu$15743.CO [1]
                                                  \Trigger.Counter [1] -> $techmap$flatten\Trigger.$add$/home/shreya/HT_detection_GNN/trusthub/AES_unzipped/AES-T900/AES-T900/src/TjIn/Trojan_Trigger.v:35$69.$auto$alumacc.cc:548:replace_alu$15743.Y [1]
Breaking loop using new signal $abcloop$18636$96: \Trigger.Counter [25] -> $auto$rtlil.cc:3488:NotGate$18577
                                                  \Trigger.Counter [25] -> $techmap$techmap$flatten\Trigger.$add$/home/shreya/HT_detection_GNN/trusthub/AES_unzipped/AES-T900/AES-T900/src/TjIn/Trojan_Trigger.v:35$69.$auto$alumacc.cc:548:replace_alu$15743.lcu.$and$/home/shreya/oss-cad-suite/lib/../share/yosys/techmap.v:241$16282_Y
                                                  \Trigger.Counter [25] -> $techmap$flatten\Trigger.$add$/home/shreya/HT_detection_GNN/trusthub/AES_unzipped/AES-T900/AES-T900/src/TjIn/Trojan_Trigger.v:35$69.$auto$alumacc.cc:548:replace_alu$15743.Y [25]
Breaking loop using new signal $abcloop$18636$97: \Trigger.Counter [35] -> $techmap$flatten\Trigger.$add$/home/shreya/HT_detection_GNN/trusthub/AES_unzipped/AES-T900/AES-T900/src/TjIn/Trojan_Trigger.v:35$69.$auto$alumacc.cc:548:replace_alu$15743.Y [35]
                                                  \Trigger.Counter [35] -> $auto$rtlil.cc:3488:NotGate$18557
                                                  \Trigger.Counter [35] -> $techmap$techmap$flatten\Trigger.$add$/home/shreya/HT_detection_GNN/trusthub/AES_unzipped/AES-T900/AES-T900/src/TjIn/Trojan_Trigger.v:35$69.$auto$alumacc.cc:548:replace_alu$15743.lcu.$and$/home/shreya/oss-cad-suite/lib/../share/yosys/techmap.v:241$16297_Y
Breaking loop using new signal $abcloop$18636$98: \Trigger.Counter [61] -> $auto$rtlil.cc:3488:NotGate$18505
                                                  \Trigger.Counter [61] -> $techmap$flatten\Trigger.$add$/home/shreya/HT_detection_GNN/trusthub/AES_unzipped/AES-T900/AES-T900/src/TjIn/Trojan_Trigger.v:35$69.$auto$alumacc.cc:548:replace_alu$15743.Y [61]
                                                  \Trigger.Counter [61] -> $techmap$techmap$flatten\Trigger.$add$/home/shreya/HT_detection_GNN/trusthub/AES_unzipped/AES-T900/AES-T900/src/TjIn/Trojan_Trigger.v:35$69.$auto$alumacc.cc:548:replace_alu$15743.lcu.$and$/home/shreya/oss-cad-suite/lib/../share/yosys/techmap.v:241$16336_Y
Breaking loop using new signal $abcloop$18636$99: \Trigger.Counter [69] -> $auto$rtlil.cc:3488:NotGate$18489
                                                  \Trigger.Counter [69] -> $techmap$flatten\Trigger.$add$/home/shreya/HT_detection_GNN/trusthub/AES_unzipped/AES-T900/AES-T900/src/TjIn/Trojan_Trigger.v:35$69.$auto$alumacc.cc:548:replace_alu$15743.Y [69]
                                                  \Trigger.Counter [69] -> $techmap$techmap$flatten\Trigger.$add$/home/shreya/HT_detection_GNN/trusthub/AES_unzipped/AES-T900/AES-T900/src/TjIn/Trojan_Trigger.v:35$69.$auto$alumacc.cc:548:replace_alu$15743.lcu.$and$/home/shreya/oss-cad-suite/lib/../share/yosys/techmap.v:241$16348_Y
Breaking loop using new signal $abcloop$18636$100: \Trigger.Counter [41] -> $techmap$flatten\Trigger.$add$/home/shreya/HT_detection_GNN/trusthub/AES_unzipped/AES-T900/AES-T900/src/TjIn/Trojan_Trigger.v:35$69.$auto$alumacc.cc:548:replace_alu$15743.Y [41]
                                                   \Trigger.Counter [41] -> $auto$rtlil.cc:3488:NotGate$18545
                                                   \Trigger.Counter [41] -> $techmap$techmap$flatten\Trigger.$add$/home/shreya/HT_detection_GNN/trusthub/AES_unzipped/AES-T900/AES-T900/src/TjIn/Trojan_Trigger.v:35$69.$auto$alumacc.cc:548:replace_alu$15743.lcu.$and$/home/shreya/oss-cad-suite/lib/../share/yosys/techmap.v:241$16306_Y
Breaking loop using new signal $abcloop$18636$101: \Trigger.Counter [113] -> $techmap$flatten\Trigger.$add$/home/shreya/HT_detection_GNN/trusthub/AES_unzipped/AES-T900/AES-T900/src/TjIn/Trojan_Trigger.v:35$69.$auto$alumacc.cc:548:replace_alu$15743.Y [113]
                                                   \Trigger.Counter [113] -> $auto$rtlil.cc:3488:NotGate$18401
                                                   \Trigger.Counter [113] -> $techmap$techmap$flatten\Trigger.$add$/home/shreya/HT_detection_GNN/trusthub/AES_unzipped/AES-T900/AES-T900/src/TjIn/Trojan_Trigger.v:35$69.$auto$alumacc.cc:548:replace_alu$15743.lcu.$and$/home/shreya/oss-cad-suite/lib/../share/yosys/techmap.v:241$16414_Y
Breaking loop using new signal $abcloop$18636$102: \Trigger.Counter [43] -> $auto$rtlil.cc:3488:NotGate$18541
                                                   \Trigger.Counter [43] -> $techmap$techmap$flatten\Trigger.$add$/home/shreya/HT_detection_GNN/trusthub/AES_unzipped/AES-T900/AES-T900/src/TjIn/Trojan_Trigger.v:35$69.$auto$alumacc.cc:548:replace_alu$15743.lcu.$and$/home/shreya/oss-cad-suite/lib/../share/yosys/techmap.v:241$16309_Y
                                                   \Trigger.Counter [43] -> $techmap$flatten\Trigger.$add$/home/shreya/HT_detection_GNN/trusthub/AES_unzipped/AES-T900/AES-T900/src/TjIn/Trojan_Trigger.v:35$69.$auto$alumacc.cc:548:replace_alu$15743.Y [43]
Breaking loop using new signal $abcloop$18636$103: \Trigger.Counter [63] -> $auto$rtlil.cc:3488:NotGate$18501
                                                   \Trigger.Counter [63] -> $techmap$techmap$flatten\Trigger.$add$/home/shreya/HT_detection_GNN/trusthub/AES_unzipped/AES-T900/AES-T900/src/TjIn/Trojan_Trigger.v:35$69.$auto$alumacc.cc:548:replace_alu$15743.lcu.$and$/home/shreya/oss-cad-suite/lib/../share/yosys/techmap.v:241$16339_Y
                                                   \Trigger.Counter [63] -> $techmap$flatten\Trigger.$add$/home/shreya/HT_detection_GNN/trusthub/AES_unzipped/AES-T900/AES-T900/src/TjIn/Trojan_Trigger.v:35$69.$auto$alumacc.cc:548:replace_alu$15743.Y [63]
Breaking loop using new signal $abcloop$18636$104: \Trigger.Counter [107] -> $auto$rtlil.cc:3488:NotGate$18413
                                                   \Trigger.Counter [107] -> $techmap$techmap$flatten\Trigger.$add$/home/shreya/HT_detection_GNN/trusthub/AES_unzipped/AES-T900/AES-T900/src/TjIn/Trojan_Trigger.v:35$69.$auto$alumacc.cc:548:replace_alu$15743.lcu.$and$/home/shreya/oss-cad-suite/lib/../share/yosys/techmap.v:241$16405_Y
                                                   \Trigger.Counter [107] -> $techmap$flatten\Trigger.$add$/home/shreya/HT_detection_GNN/trusthub/AES_unzipped/AES-T900/AES-T900/src/TjIn/Trojan_Trigger.v:35$69.$auto$alumacc.cc:548:replace_alu$15743.Y [107]
Breaking loop using new signal $abcloop$18636$105: \Trigger.Counter [93] -> $techmap$techmap$flatten\Trigger.$add$/home/shreya/HT_detection_GNN/trusthub/AES_unzipped/AES-T900/AES-T900/src/TjIn/Trojan_Trigger.v:35$69.$auto$alumacc.cc:548:replace_alu$15743.lcu.$and$/home/shreya/oss-cad-suite/lib/../share/yosys/techmap.v:241$16384_Y
                                                   \Trigger.Counter [93] -> $auto$rtlil.cc:3488:NotGate$18441
                                                   \Trigger.Counter [93] -> $techmap$flatten\Trigger.$add$/home/shreya/HT_detection_GNN/trusthub/AES_unzipped/AES-T900/AES-T900/src/TjIn/Trojan_Trigger.v:35$69.$auto$alumacc.cc:548:replace_alu$15743.Y [93]
Breaking loop using new signal $abcloop$18636$106: \Trigger.Counter [21] -> $auto$rtlil.cc:3488:NotGate$18585
                                                   \Trigger.Counter [21] -> $techmap$flatten\Trigger.$add$/home/shreya/HT_detection_GNN/trusthub/AES_unzipped/AES-T900/AES-T900/src/TjIn/Trojan_Trigger.v:35$69.$auto$alumacc.cc:548:replace_alu$15743.Y [21]
                                                   \Trigger.Counter [21] -> $techmap$techmap$flatten\Trigger.$add$/home/shreya/HT_detection_GNN/trusthub/AES_unzipped/AES-T900/AES-T900/src/TjIn/Trojan_Trigger.v:35$69.$auto$alumacc.cc:548:replace_alu$15743.lcu.$and$/home/shreya/oss-cad-suite/lib/../share/yosys/techmap.v:241$16276_Y
Breaking loop using new signal $abcloop$18636$107: \Trigger.Counter [23] -> $techmap$flatten\Trigger.$add$/home/shreya/HT_detection_GNN/trusthub/AES_unzipped/AES-T900/AES-T900/src/TjIn/Trojan_Trigger.v:35$69.$auto$alumacc.cc:548:replace_alu$15743.Y [23]
                                                   \Trigger.Counter [23] -> $auto$rtlil.cc:3488:NotGate$18581
                                                   \Trigger.Counter [23] -> $techmap$techmap$flatten\Trigger.$add$/home/shreya/HT_detection_GNN/trusthub/AES_unzipped/AES-T900/AES-T900/src/TjIn/Trojan_Trigger.v:35$69.$auto$alumacc.cc:548:replace_alu$15743.lcu.$and$/home/shreya/oss-cad-suite/lib/../share/yosys/techmap.v:241$16279_Y
Breaking loop using new signal $abcloop$18636$108: \Trigger.Counter [77] -> $auto$rtlil.cc:3488:NotGate$18473
                                                   \Trigger.Counter [77] -> $techmap$flatten\Trigger.$add$/home/shreya/HT_detection_GNN/trusthub/AES_unzipped/AES-T900/AES-T900/src/TjIn/Trojan_Trigger.v:35$69.$auto$alumacc.cc:548:replace_alu$15743.Y [77]
                                                   \Trigger.Counter [77] -> $techmap$techmap$flatten\Trigger.$add$/home/shreya/HT_detection_GNN/trusthub/AES_unzipped/AES-T900/AES-T900/src/TjIn/Trojan_Trigger.v:35$69.$auto$alumacc.cc:548:replace_alu$15743.lcu.$and$/home/shreya/oss-cad-suite/lib/../share/yosys/techmap.v:241$16360_Y
Breaking loop using new signal $abcloop$18636$109: \Trigger.Counter [79] -> $techmap$flatten\Trigger.$add$/home/shreya/HT_detection_GNN/trusthub/AES_unzipped/AES-T900/AES-T900/src/TjIn/Trojan_Trigger.v:35$69.$auto$alumacc.cc:548:replace_alu$15743.Y [79]
                                                   \Trigger.Counter [79] -> $auto$rtlil.cc:3488:NotGate$18469
                                                   \Trigger.Counter [79] -> $techmap$techmap$flatten\Trigger.$add$/home/shreya/HT_detection_GNN/trusthub/AES_unzipped/AES-T900/AES-T900/src/TjIn/Trojan_Trigger.v:35$69.$auto$alumacc.cc:548:replace_alu$15743.lcu.$and$/home/shreya/oss-cad-suite/lib/../share/yosys/techmap.v:241$16363_Y
Breaking loop using new signal $abcloop$18636$110: \Trigger.Counter [53] -> $auto$rtlil.cc:3488:NotGate$18521
                                                   \Trigger.Counter [53] -> $techmap$techmap$flatten\Trigger.$add$/home/shreya/HT_detection_GNN/trusthub/AES_unzipped/AES-T900/AES-T900/src/TjIn/Trojan_Trigger.v:35$69.$auto$alumacc.cc:548:replace_alu$15743.lcu.$and$/home/shreya/oss-cad-suite/lib/../share/yosys/techmap.v:241$16324_Y
                                                   \Trigger.Counter [53] -> $techmap$flatten\Trigger.$add$/home/shreya/HT_detection_GNN/trusthub/AES_unzipped/AES-T900/AES-T900/src/TjIn/Trojan_Trigger.v:35$69.$auto$alumacc.cc:548:replace_alu$15743.Y [53]
Breaking loop using new signal $abcloop$18636$111: \Trigger.Counter [57] -> $techmap$techmap$flatten\Trigger.$add$/home/shreya/HT_detection_GNN/trusthub/AES_unzipped/AES-T900/AES-T900/src/TjIn/Trojan_Trigger.v:35$69.$auto$alumacc.cc:548:replace_alu$15743.lcu.$and$/home/shreya/oss-cad-suite/lib/../share/yosys/techmap.v:241$16330_Y
                                                   \Trigger.Counter [57] -> $auto$rtlil.cc:3488:NotGate$18513
                                                   \Trigger.Counter [57] -> $techmap$flatten\Trigger.$add$/home/shreya/HT_detection_GNN/trusthub/AES_unzipped/AES-T900/AES-T900/src/TjIn/Trojan_Trigger.v:35$69.$auto$alumacc.cc:548:replace_alu$15743.Y [57]
Breaking loop using new signal $abcloop$18636$112: \Trigger.Counter [55] -> $techmap$flatten\Trigger.$add$/home/shreya/HT_detection_GNN/trusthub/AES_unzipped/AES-T900/AES-T900/src/TjIn/Trojan_Trigger.v:35$69.$auto$alumacc.cc:548:replace_alu$15743.Y [55]
                                                   \Trigger.Counter [55] -> $auto$rtlil.cc:3488:NotGate$18517
                                                   \Trigger.Counter [55] -> $techmap$techmap$flatten\Trigger.$add$/home/shreya/HT_detection_GNN/trusthub/AES_unzipped/AES-T900/AES-T900/src/TjIn/Trojan_Trigger.v:35$69.$auto$alumacc.cc:548:replace_alu$15743.lcu.$and$/home/shreya/oss-cad-suite/lib/../share/yosys/techmap.v:241$16327_Y
Breaking loop using new signal $abcloop$18636$113: \Trigger.Counter [19] -> $auto$rtlil.cc:3488:NotGate$18589
                                                   \Trigger.Counter [19] -> $techmap$flatten\Trigger.$add$/home/shreya/HT_detection_GNN/trusthub/AES_unzipped/AES-T900/AES-T900/src/TjIn/Trojan_Trigger.v:35$69.$auto$alumacc.cc:548:replace_alu$15743.Y [19]
                                                   \Trigger.Counter [19] -> $techmap$techmap$flatten\Trigger.$add$/home/shreya/HT_detection_GNN/trusthub/AES_unzipped/AES-T900/AES-T900/src/TjIn/Trojan_Trigger.v:35$69.$auto$alumacc.cc:548:replace_alu$15743.lcu.$and$/home/shreya/oss-cad-suite/lib/../share/yosys/techmap.v:241$16273_Y
Breaking loop using new signal $abcloop$18636$114: \Trigger.Counter [83] -> $techmap$techmap$flatten\Trigger.$add$/home/shreya/HT_detection_GNN/trusthub/AES_unzipped/AES-T900/AES-T900/src/TjIn/Trojan_Trigger.v:35$69.$auto$alumacc.cc:548:replace_alu$15743.lcu.$and$/home/shreya/oss-cad-suite/lib/../share/yosys/techmap.v:241$16369_Y
                                                   \Trigger.Counter [83] -> $auto$rtlil.cc:3488:NotGate$18461
                                                   \Trigger.Counter [83] -> $techmap$flatten\Trigger.$add$/home/shreya/HT_detection_GNN/trusthub/AES_unzipped/AES-T900/AES-T900/src/TjIn/Trojan_Trigger.v:35$69.$auto$alumacc.cc:548:replace_alu$15743.Y [83]
Breaking loop using new signal $abcloop$18636$115: \Trigger.Counter [95] -> $auto$rtlil.cc:3488:NotGate$18437
                                                   \Trigger.Counter [95] -> $techmap$flatten\Trigger.$add$/home/shreya/HT_detection_GNN/trusthub/AES_unzipped/AES-T900/AES-T900/src/TjIn/Trojan_Trigger.v:35$69.$auto$alumacc.cc:548:replace_alu$15743.Y [95]
                                                   \Trigger.Counter [95] -> $techmap$techmap$flatten\Trigger.$add$/home/shreya/HT_detection_GNN/trusthub/AES_unzipped/AES-T900/AES-T900/src/TjIn/Trojan_Trigger.v:35$69.$auto$alumacc.cc:548:replace_alu$15743.lcu.$and$/home/shreya/oss-cad-suite/lib/../share/yosys/techmap.v:241$16387_Y
Breaking loop using new signal $abcloop$18636$116: \Trigger.Counter [27] -> $techmap$flatten\Trigger.$add$/home/shreya/HT_detection_GNN/trusthub/AES_unzipped/AES-T900/AES-T900/src/TjIn/Trojan_Trigger.v:35$69.$auto$alumacc.cc:548:replace_alu$15743.Y [27]
                                                   \Trigger.Counter [27] -> $auto$rtlil.cc:3488:NotGate$18573
                                                   \Trigger.Counter [27] -> $techmap$techmap$flatten\Trigger.$add$/home/shreya/HT_detection_GNN/trusthub/AES_unzipped/AES-T900/AES-T900/src/TjIn/Trojan_Trigger.v:35$69.$auto$alumacc.cc:548:replace_alu$15743.lcu.$and$/home/shreya/oss-cad-suite/lib/../share/yosys/techmap.v:241$16285_Y
Breaking loop using new signal $abcloop$18636$117: \Trigger.Counter [29] -> $techmap$flatten\Trigger.$add$/home/shreya/HT_detection_GNN/trusthub/AES_unzipped/AES-T900/AES-T900/src/TjIn/Trojan_Trigger.v:35$69.$auto$alumacc.cc:548:replace_alu$15743.Y [29]
                                                   \Trigger.Counter [29] -> $auto$rtlil.cc:3488:NotGate$18569
                                                   \Trigger.Counter [29] -> $techmap$techmap$flatten\Trigger.$add$/home/shreya/HT_detection_GNN/trusthub/AES_unzipped/AES-T900/AES-T900/src/TjIn/Trojan_Trigger.v:35$69.$auto$alumacc.cc:548:replace_alu$15743.lcu.$and$/home/shreya/oss-cad-suite/lib/../share/yosys/techmap.v:241$16288_Y
Breaking loop using new signal $abcloop$18636$118: \Trigger.Counter [99] -> $techmap$flatten\Trigger.$add$/home/shreya/HT_detection_GNN/trusthub/AES_unzipped/AES-T900/AES-T900/src/TjIn/Trojan_Trigger.v:35$69.$auto$alumacc.cc:548:replace_alu$15743.Y [99]
                                                   \Trigger.Counter [99] -> $auto$rtlil.cc:3488:NotGate$18429
                                                   \Trigger.Counter [99] -> $techmap$techmap$flatten\Trigger.$add$/home/shreya/HT_detection_GNN/trusthub/AES_unzipped/AES-T900/AES-T900/src/TjIn/Trojan_Trigger.v:35$69.$auto$alumacc.cc:548:replace_alu$15743.lcu.$and$/home/shreya/oss-cad-suite/lib/../share/yosys/techmap.v:241$16393_Y
Breaking loop using new signal $abcloop$18636$119: \Trigger.Counter [49] -> $auto$rtlil.cc:3488:NotGate$18529
                                                   \Trigger.Counter [49] -> $techmap$flatten\Trigger.$add$/home/shreya/HT_detection_GNN/trusthub/AES_unzipped/AES-T900/AES-T900/src/TjIn/Trojan_Trigger.v:35$69.$auto$alumacc.cc:548:replace_alu$15743.Y [49]
                                                   \Trigger.Counter [49] -> $techmap$techmap$flatten\Trigger.$add$/home/shreya/HT_detection_GNN/trusthub/AES_unzipped/AES-T900/AES-T900/src/TjIn/Trojan_Trigger.v:35$69.$auto$alumacc.cc:548:replace_alu$15743.lcu.$and$/home/shreya/oss-cad-suite/lib/../share/yosys/techmap.v:241$16318_Y
Breaking loop using new signal $abcloop$18636$120: \Trigger.Counter [51] -> $auto$rtlil.cc:3488:NotGate$18525
                                                   \Trigger.Counter [51] -> $techmap$flatten\Trigger.$add$/home/shreya/HT_detection_GNN/trusthub/AES_unzipped/AES-T900/AES-T900/src/TjIn/Trojan_Trigger.v:35$69.$auto$alumacc.cc:548:replace_alu$15743.Y [51]
                                                   \Trigger.Counter [51] -> $techmap$techmap$flatten\Trigger.$add$/home/shreya/HT_detection_GNN/trusthub/AES_unzipped/AES-T900/AES-T900/src/TjIn/Trojan_Trigger.v:35$69.$auto$alumacc.cc:548:replace_alu$15743.lcu.$and$/home/shreya/oss-cad-suite/lib/../share/yosys/techmap.v:241$16321_Y
Breaking loop using new signal $abcloop$18636$121: \Trigger.Counter [73] -> $auto$rtlil.cc:3488:NotGate$18481
                                                   \Trigger.Counter [73] -> $techmap$flatten\Trigger.$add$/home/shreya/HT_detection_GNN/trusthub/AES_unzipped/AES-T900/AES-T900/src/TjIn/Trojan_Trigger.v:35$69.$auto$alumacc.cc:548:replace_alu$15743.Y [73]
                                                   \Trigger.Counter [73] -> $techmap$techmap$flatten\Trigger.$add$/home/shreya/HT_detection_GNN/trusthub/AES_unzipped/AES-T900/AES-T900/src/TjIn/Trojan_Trigger.v:35$69.$auto$alumacc.cc:548:replace_alu$15743.lcu.$and$/home/shreya/oss-cad-suite/lib/../share/yosys/techmap.v:241$16354_Y
Breaking loop using new signal $abcloop$18636$122: \Trigger.Counter [75] -> $auto$rtlil.cc:3488:NotGate$18477
                                                   \Trigger.Counter [75] -> $techmap$flatten\Trigger.$add$/home/shreya/HT_detection_GNN/trusthub/AES_unzipped/AES-T900/AES-T900/src/TjIn/Trojan_Trigger.v:35$69.$auto$alumacc.cc:548:replace_alu$15743.Y [75]
                                                   \Trigger.Counter [75] -> $techmap$techmap$flatten\Trigger.$add$/home/shreya/HT_detection_GNN/trusthub/AES_unzipped/AES-T900/AES-T900/src/TjIn/Trojan_Trigger.v:35$69.$auto$alumacc.cc:548:replace_alu$15743.lcu.$and$/home/shreya/oss-cad-suite/lib/../share/yosys/techmap.v:241$16357_Y
Breaking loop using new signal $abcloop$18636$123: \Trigger.Counter [45] -> $auto$rtlil.cc:3488:NotGate$18537
                                                   \Trigger.Counter [45] -> $techmap$flatten\Trigger.$add$/home/shreya/HT_detection_GNN/trusthub/AES_unzipped/AES-T900/AES-T900/src/TjIn/Trojan_Trigger.v:35$69.$auto$alumacc.cc:548:replace_alu$15743.Y [45]
                                                   \Trigger.Counter [45] -> $techmap$techmap$flatten\Trigger.$add$/home/shreya/HT_detection_GNN/trusthub/AES_unzipped/AES-T900/AES-T900/src/TjIn/Trojan_Trigger.v:35$69.$auto$alumacc.cc:548:replace_alu$15743.lcu.$and$/home/shreya/oss-cad-suite/lib/../share/yosys/techmap.v:241$16312_Y
Breaking loop using new signal $abcloop$18636$124: \Trigger.Counter [115] -> $auto$rtlil.cc:3488:NotGate$18397
                                                   \Trigger.Counter [115] -> $techmap$techmap$flatten\Trigger.$add$/home/shreya/HT_detection_GNN/trusthub/AES_unzipped/AES-T900/AES-T900/src/TjIn/Trojan_Trigger.v:35$69.$auto$alumacc.cc:548:replace_alu$15743.lcu.$and$/home/shreya/oss-cad-suite/lib/../share/yosys/techmap.v:241$16417_Y
                                                   \Trigger.Counter [115] -> $techmap$flatten\Trigger.$add$/home/shreya/HT_detection_GNN/trusthub/AES_unzipped/AES-T900/AES-T900/src/TjIn/Trojan_Trigger.v:35$69.$auto$alumacc.cc:548:replace_alu$15743.Y [115]
Breaking loop using new signal $abcloop$18636$125: \Trigger.Counter [126] -> $techmap$flatten\Trigger.$add$/home/shreya/HT_detection_GNN/trusthub/AES_unzipped/AES-T900/AES-T900/src/TjIn/Trojan_Trigger.v:35$69.$auto$alumacc.cc:548:replace_alu$15743.Y [126]
                                                   \Trigger.Counter [126] -> $auto$rtlil.cc:3488:NotGate$18375
                                                   \Trigger.Counter [126] -> $techmap$flatten\Trigger.$add$/home/shreya/HT_detection_GNN/trusthub/AES_unzipped/AES-T900/AES-T900/src/TjIn/Trojan_Trigger.v:35$69.$auto$alumacc.cc:548:replace_alu$15743.CO [126]
Breaking loop using new signal $abcloop$18636$126: \Trigger.Counter [17] -> $auto$rtlil.cc:3488:NotGate$18593
                                                   \Trigger.Counter [17] -> $techmap$flatten\Trigger.$add$/home/shreya/HT_detection_GNN/trusthub/AES_unzipped/AES-T900/AES-T900/src/TjIn/Trojan_Trigger.v:35$69.$auto$alumacc.cc:548:replace_alu$15743.Y [17]
                                                   \Trigger.Counter [17] -> $techmap$techmap$flatten\Trigger.$add$/home/shreya/HT_detection_GNN/trusthub/AES_unzipped/AES-T900/AES-T900/src/TjIn/Trojan_Trigger.v:35$69.$auto$alumacc.cc:548:replace_alu$15743.lcu.$and$/home/shreya/oss-cad-suite/lib/../share/yosys/techmap.v:241$16270_Y
Breaking loop using new signal $abcloop$18636$127: \Trigger.Counter [127] -> $techmap$flatten\Trigger.$add$/home/shreya/HT_detection_GNN/trusthub/AES_unzipped/AES-T900/AES-T900/src/TjIn/Trojan_Trigger.v:35$69.$auto$alumacc.cc:548:replace_alu$15743.Y [127]
                                                   \Trigger.Counter [127] -> $auto$rtlil.cc:3488:NotGate$18373

15.1.1. Executed ABC.
Extracted 9035 gates and 14743 wires to a netlist network with 5707 inputs and 3674 outputs.
Running ABC script: <abc-temp-dir>/abc.script
ABC: UC Berkeley, ABC 1.01 (compiled Sep  8 2026 05:10:04)
ABC: abc 01> empty
ABC: abc 01> source <abc-temp-dir>/abc.script
ABC: + read_blif <abc-temp-dir>/input.blif 
ABC: + read_library <abc-temp-dir>/stdcells.genlib 
ABC: + strash 
ABC: + &get -n 
ABC: + &fraig -x 
ABC: + &put 
ABC: + scorr 
ABC: Warning: The network is combinational (run "fraig" or "fraig_sweep").
ABC: + dc2 
ABC: + dretime 
ABC: + strash 
ABC: + &get -n 
ABC: + &dch -f 
ABC: + &nf 
ABC: + &put 
ABC: + write_blif <abc-temp-dir>/output.blif 
ABC: 
ABC: YOSYS_ABC_DONE 

15.1.2. Re-integrating ABC results.
ABC RESULTS:               AND cells:      256
ABC RESULTS:            ANDNOT cells:      126
ABC RESULTS:              NAND cells:        2
ABC RESULTS:               NOR cells:        1
ABC RESULTS:               NOT cells:       17
ABC RESULTS:                OR cells:      126
ABC RESULTS:             ORNOT cells:        1
ABC RESULTS:              XNOR cells:     3334
ABC RESULTS:               XOR cells:     4366
ABC RESULTS:        internal signals:     5362
ABC RESULTS:           input signals:     5707
ABC RESULTS:          output signals:     3674
Removing temp directory.
Removing global temp directory.

16. Executing OPT pass (performing simple optimizations).

16.1. Executing OPT_EXPR pass (perform const folding).
Optimizing module top.
Couldn't topologically sort cells, optimizing module top may take a longer time.
Couldn't topologically sort cells, optimizing module top may take a longer time.

16.2. Executing OPT_MERGE pass (detect identical cells).
Finding identical cells in module `\top'.
Computing hashes of 16227 cells of `\top'.
Finding duplicate cells in `\top'.
Removed a total of 0 cells.

16.3. Executing OPT_MUXTREE pass (detect dead branches in mux trees).
Running muxtree optimizer on module \top..
  Creating internal representation of mux trees.
  No muxes found in this module.
Removed 0 multiplexer ports.

16.4. Executing OPT_REDUCE pass (consolidate $*mux and $reduce_* inputs).
  Optimizing cells in module \top.
Performed a total of 0 changes.

16.5. Executing OPT_MERGE pass (detect identical cells).
Finding identical cells in module `\top'.
Computing hashes of 16227 cells of `\top'.
Finding duplicate cells in `\top'.
Removed a total of 0 cells.

16.6. Executing OPT_DFF pass (perform DFF optimizations).

16.7. Executing OPT_CLEAN pass (remove unused cells and wires).
Finding unused cells or wires in module \top..
Removed 0 unused cells and 9755 unused wires.
<suppressed ~12 debug messages>

16.8. Executing OPT_EXPR pass (perform const folding).
Optimizing module top.
Couldn't topologically sort cells, optimizing module top may take a longer time.
Couldn't topologically sort cells, optimizing module top may take a longer time.

16.9. Rerunning OPT passes. (Maybe there is more to do..)

16.10. Executing OPT_MUXTREE pass (detect dead branches in mux trees).
Running muxtree optimizer on module \top..
  Creating internal representation of mux trees.
  No muxes found in this module.
Removed 0 multiplexer ports.

16.11. Executing OPT_REDUCE pass (consolidate $*mux and $reduce_* inputs).
  Optimizing cells in module \top.
Performed a total of 0 changes.

16.12. Executing OPT_MERGE pass (detect identical cells).
Finding identical cells in module `\top'.
Computing hashes of 16227 cells of `\top'.
Finding duplicate cells in `\top'.
Removed a total of 0 cells.

16.13. Executing OPT_DFF pass (perform DFF optimizations).

16.14. Executing OPT_CLEAN pass (remove unused cells and wires).
Finding unused cells or wires in module \top..

16.15. Executing OPT_EXPR pass (perform const folding).
Optimizing module top.
Couldn't topologically sort cells, optimizing module top may take a longer time.
Couldn't topologically sort cells, optimizing module top may take a longer time.

16.16. Finished fast OPT passes. (There is nothing left to do.)

17. Executing Verilog backend.
Dumping module `\top'.

End of script. Logfile hash: 12729221d3, time: 3.62s, user: 2.28s, system: 0.07s, MEM: 65.60 MB peak
Yosys 0.68+201 (git sha1 7c26ff16c-dirty, Release, Clang /usr/bin/clang++ 21.1.8)
Time spent: 43% 1x abc (1 sec), 20% 9x opt_clean (0 sec), ...

